ISO-10303-21;
HEADER;
FILE_DESCRIPTION(('ViewDefinition [CoordinationView]'),'2;1');
FILE_NAME('majal-mega-campus.ifc','2026-08-09T00:00:00',('Majal BIM Team'),('Majal Mega Projects'),'MajalOps BIM','MajalOps','');
FILE_SCHEMA(('IFC4'));
ENDSEC;
DATA;
#1= IFCPERSON($,$,'Majal BIM Team',$,$,$,$,$);
#2= IFCORGANIZATION($,'Majal Mega Projects',$,$,$);
#3= IFCPERSONANDORGANIZATION(#1,#2,$);
#4= IFCAPPLICATION(#2,'2.0','MajalOps BIM','MAJALOPS');
#5= IFCOWNERHISTORY(#3,#4,$,.ADDED.,$,$,$,0);
#6= IFCCARTESIANPOINT((0.000,0.000,0.000));
#7= IFCDIRECTION((0.,0.,1.));
#8= IFCDIRECTION((1.,0.,0.));
#9= IFCAXIS2PLACEMENT3D(#6,#7,#8);
#10= IFCGEOMETRICREPRESENTATIONCONTEXT($,'Model',3,1.E-05,#9,$);
#11= IFCSIUNIT(*,.LENGTHUNIT.,$,.METRE.);
#12= IFCSIUNIT(*,.AREAUNIT.,$,.SQUARE_METRE.);
#13= IFCSIUNIT(*,.VOLUMEUNIT.,$,.CUBIC_METRE.);
#14= IFCUNITASSIGNMENT((#11,#12,#13));
#15= IFCLOCALPLACEMENT($,#9);
#16= IFCPROJECT('MJLPROJ000000000000000',#5,'New Cairo Financial District',$,$,$,$,(#10),#14);
#17= IFCSITE('MJLSITE000000000000000',#5,'Financial District Site',$,$,#15,$,$,.ELEMENT.,$,$,$,$,$);
#18= IFCLOCALPLACEMENT(#15,#9);
#19= IFCBUILDING('MJLBLDG000000000000000',#5,'Tower A',$,$,#18,$,$,.ELEMENT.,$,$,$);
#20= IFCCARTESIANPOINT((0.000,0.000,0.000));
#21= IFCDIRECTION((0.,0.,1.));
#22= IFCDIRECTION((1.,0.,0.));
#23= IFCAXIS2PLACEMENT3D(#20,#21,#22);
#24= IFCLOCALPLACEMENT(#18,#23);
#25= IFCBUILDINGSTOREY('MJLLVL0010000000000000',#5,'Level 01',$,$,#24,$,$,.ELEMENT.,0.000);
#26= IFCCARTESIANPOINT((0.,0.));
#27= IFCDIRECTION((1.,0.));
#28= IFCAXIS2PLACEMENT2D(#26,#27);
#29= IFCRECTANGLEPROFILEDEF(.AREA.,$,#28,36.000,26.000);
#30= IFCCARTESIANPOINT((0.000,0.000,0.000));
#31= IFCDIRECTION((0.,0.,1.));
#32= IFCDIRECTION((1.,0.,0.));
#33= IFCAXIS2PLACEMENT3D(#30,#31,#32);
#34= IFCDIRECTION((0.,0.,1.));
#35= IFCEXTRUDEDAREASOLID(#29,#33,#34,0.280);
#36= IFCSHAPEREPRESENTATION(#10,'Body','SweptSolid',(#35));
#37= IFCPRODUCTDEFINITIONSHAPE($,$,(#36));
#38= IFCLOCALPLACEMENT(#24,#9);
#39= IFCSLAB('MJLSLAB010001000000000',#5,'L01 - Floor slab',$,$,#38,#37,$);
#40= IFCPROPERTYSINGLEVALUE('AssetReference',$,IFCLABEL('SLAB-01-001'),$);
#41= IFCPROPERTYSINGLEVALUE('Level',$,IFCLABEL('Level 01'),$);
#42= IFCPROPERTYSINGLEVALUE('System',$,IFCLABEL('Structure'),$);
#43= IFCPROPERTYSINGLEVALUE('Status',$,IFCLABEL('Issued for Coordination'),$);
#44= IFCPROPERTYSINGLEVALUE('FireRating',$,IFCLABEL('120 min'),$);
#45= IFCPROPERTYSET('MJLPSET010001000000000',#5,'Pset_MajalAsset',$,(#40,#41,#42,#43,#44));
#46= IFCRELDEFINESBYPROPERTIES('MJLRPS0010001000000000',#5,$,$,(#39),#45);
#47= IFCQUANTITYAREA('GrossArea',$,$,936.000,$);
#48= IFCQUANTITYVOLUME('GrossVolume',$,$,262.080,$);
#49= IFCQUANTITYCOUNT('Count',$,$,1.,$);
#50= IFCELEMENTQUANTITY('MJLQTO0010001000000000',#5,'BaseQuantities',$,$,(#47,#48,#49));
#51= IFCRELDEFINESBYPROPERTIES('MJLRQT0010001000000000',#5,$,$,(#39),#50);
#52= IFCCARTESIANPOINT((0.,0.));
#53= IFCDIRECTION((1.,0.));
#54= IFCAXIS2PLACEMENT2D(#52,#53);
#55= IFCRECTANGLEPROFILEDEF(.AREA.,$,#54,36.000,0.220);
#56= IFCCARTESIANPOINT((0.000,12.900,0.000));
#57= IFCDIRECTION((0.,0.,1.));
#58= IFCDIRECTION((1.,0.,0.));
#59= IFCAXIS2PLACEMENT3D(#56,#57,#58);
#60= IFCDIRECTION((0.,0.,1.));
#61= IFCEXTRUDEDAREASOLID(#55,#59,#60,4.000);
#62= IFCSHAPEREPRESENTATION(#10,'Body','SweptSolid',(#61));
#63= IFCPRODUCTDEFINITIONSHAPE($,$,(#62));
#64= IFCLOCALPLACEMENT(#24,#9);
#65= IFCWALL('MJLWALL010002000000000',#5,'L01 - North facade',$,$,#64,#63,$);
#66= IFCPROPERTYSINGLEVALUE('AssetReference',$,IFCLABEL('WALL-01-002'),$);
#67= IFCPROPERTYSINGLEVALUE('Level',$,IFCLABEL('Level 01'),$);
#68= IFCPROPERTYSINGLEVALUE('System',$,IFCLABEL('Envelope'),$);
#69= IFCPROPERTYSINGLEVALUE('Status',$,IFCLABEL('Issued for Coordination'),$);
#70= IFCPROPERTYSINGLEVALUE('FireRating',$,IFCLABEL('60 min'),$);
#71= IFCPROPERTYSET('MJLPSET010002000000000',#5,'Pset_MajalAsset',$,(#66,#67,#68,#69,#70));
#72= IFCRELDEFINESBYPROPERTIES('MJLRPS0010002000000000',#5,$,$,(#65),#71);
#73= IFCQUANTITYAREA('GrossArea',$,$,144.000,$);
#74= IFCQUANTITYVOLUME('GrossVolume',$,$,31.680,$);
#75= IFCQUANTITYCOUNT('Count',$,$,1.,$);
#76= IFCELEMENTQUANTITY('MJLQTO0010002000000000',#5,'BaseQuantities',$,$,(#73,#74,#75));
#77= IFCRELDEFINESBYPROPERTIES('MJLRQT0010002000000000',#5,$,$,(#65),#76);
#78= IFCCARTESIANPOINT((0.,0.));
#79= IFCDIRECTION((1.,0.));
#80= IFCAXIS2PLACEMENT2D(#78,#79);
#81= IFCRECTANGLEPROFILEDEF(.AREA.,$,#80,36.000,0.220);
#82= IFCCARTESIANPOINT((0.000,-12.900,0.000));
#83= IFCDIRECTION((0.,0.,1.));
#84= IFCDIRECTION((1.,0.,0.));
#85= IFCAXIS2PLACEMENT3D(#82,#83,#84);
#86= IFCDIRECTION((0.,0.,1.));
#87= IFCEXTRUDEDAREASOLID(#81,#85,#86,4.000);
#88= IFCSHAPEREPRESENTATION(#10,'Body','SweptSolid',(#87));
#89= IFCPRODUCTDEFINITIONSHAPE($,$,(#88));
#90= IFCLOCALPLACEMENT(#24,#9);
#91= IFCWALL('MJLWALL010003000000000',#5,'L01 - South facade',$,$,#90,#89,$);
#92= IFCPROPERTYSINGLEVALUE('AssetReference',$,IFCLABEL('WALL-01-003'),$);
#93= IFCPROPERTYSINGLEVALUE('Level',$,IFCLABEL('Level 01'),$);
#94= IFCPROPERTYSINGLEVALUE('System',$,IFCLABEL('Envelope'),$);
#95= IFCPROPERTYSINGLEVALUE('Status',$,IFCLABEL('Issued for Coordination'),$);
#96= IFCPROPERTYSINGLEVALUE('FireRating',$,IFCLABEL('60 min'),$);
#97= IFCPROPERTYSET('MJLPSET010003000000000',#5,'Pset_MajalAsset',$,(#92,#93,#94,#95,#96));
#98= IFCRELDEFINESBYPROPERTIES('MJLRPS0010003000000000',#5,$,$,(#91),#97);
#99= IFCQUANTITYAREA('GrossArea',$,$,144.000,$);
#100= IFCQUANTITYVOLUME('GrossVolume',$,$,31.680,$);
#101= IFCQUANTITYCOUNT('Count',$,$,1.,$);
#102= IFCELEMENTQUANTITY('MJLQTO0010003000000000',#5,'BaseQuantities',$,$,(#99,#100,#101));
#103= IFCRELDEFINESBYPROPERTIES('MJLRQT0010003000000000',#5,$,$,(#91),#102);
#104= IFCCARTESIANPOINT((0.,0.));
#105= IFCDIRECTION((1.,0.));
#106= IFCAXIS2PLACEMENT2D(#104,#105);
#107= IFCRECTANGLEPROFILEDEF(.AREA.,$,#106,0.220,26.000);
#108= IFCCARTESIANPOINT((17.900,0.000,0.000));
#109= IFCDIRECTION((0.,0.,1.));
#110= IFCDIRECTION((1.,0.,0.));
#111= IFCAXIS2PLACEMENT3D(#108,#109,#110);
#112= IFCDIRECTION((0.,0.,1.));
#113= IFCEXTRUDEDAREASOLID(#107,#111,#112,4.000);
#114= IFCSHAPEREPRESENTATION(#10,'Body','SweptSolid',(#113));
#115= IFCPRODUCTDEFINITIONSHAPE($,$,(#114));
#116= IFCLOCALPLACEMENT(#24,#9);
#117= IFCWALL('MJLWALL010004000000000',#5,'L01 - East facade',$,$,#116,#115,$);
#118= IFCPROPERTYSINGLEVALUE('AssetReference',$,IFCLABEL('WALL-01-004'),$);
#119= IFCPROPERTYSINGLEVALUE('Level',$,IFCLABEL('Level 01'),$);
#120= IFCPROPERTYSINGLEVALUE('System',$,IFCLABEL('Envelope'),$);
#121= IFCPROPERTYSINGLEVALUE('Status',$,IFCLABEL('Issued for Coordination'),$);
#122= IFCPROPERTYSINGLEVALUE('FireRating',$,IFCLABEL('60 min'),$);
#123= IFCPROPERTYSET('MJLPSET010004000000000',#5,'Pset_MajalAsset',$,(#118,#119,#120,#121,#122));
#124= IFCRELDEFINESBYPROPERTIES('MJLRPS0010004000000000',#5,$,$,(#117),#123);
#125= IFCQUANTITYAREA('GrossArea',$,$,5.720,$);
#126= IFCQUANTITYVOLUME('GrossVolume',$,$,22.880,$);
#127= IFCQUANTITYCOUNT('Count',$,$,1.,$);
#128= IFCELEMENTQUANTITY('MJLQTO0010004000000000',#5,'BaseQuantities',$,$,(#125,#126,#127));
#129= IFCRELDEFINESBYPROPERTIES('MJLRQT0010004000000000',#5,$,$,(#117),#128);
#130= IFCCARTESIANPOINT((0.,0.));
#131= IFCDIRECTION((1.,0.));
#132= IFCAXIS2PLACEMENT2D(#130,#131);
#133= IFCRECTANGLEPROFILEDEF(.AREA.,$,#132,0.220,26.000);
#134= IFCCARTESIANPOINT((-17.900,0.000,0.000));
#135= IFCDIRECTION((0.,0.,1.));
#136= IFCDIRECTION((1.,0.,0.));
#137= IFCAXIS2PLACEMENT3D(#134,#135,#136);
#138= IFCDIRECTION((0.,0.,1.));
#139= IFCEXTRUDEDAREASOLID(#133,#137,#138,4.000);
#140= IFCSHAPEREPRESENTATION(#10,'Body','SweptSolid',(#139));
#141= IFCPRODUCTDEFINITIONSHAPE($,$,(#140));
#142= IFCLOCALPLACEMENT(#24,#9);
#143= IFCWALL('MJLWALL010005000000000',#5,'L01 - West facade',$,$,#142,#141,$);
#144= IFCPROPERTYSINGLEVALUE('AssetReference',$,IFCLABEL('WALL-01-005'),$);
#145= IFCPROPERTYSINGLEVALUE('Level',$,IFCLABEL('Level 01'),$);
#146= IFCPROPERTYSINGLEVALUE('System',$,IFCLABEL('Envelope'),$);
#147= IFCPROPERTYSINGLEVALUE('Status',$,IFCLABEL('Issued for Coordination'),$);
#148= IFCPROPERTYSINGLEVALUE('FireRating',$,IFCLABEL('60 min'),$);
#149= IFCPROPERTYSET('MJLPSET010005000000000',#5,'Pset_MajalAsset',$,(#144,#145,#146,#147,#148));
#150= IFCRELDEFINESBYPROPERTIES('MJLRPS0010005000000000',#5,$,$,(#143),#149);
#151= IFCQUANTITYAREA('GrossArea',$,$,5.720,$);
#152= IFCQUANTITYVOLUME('GrossVolume',$,$,22.880,$);
#153= IFCQUANTITYCOUNT('Count',$,$,1.,$);
#154= IFCELEMENTQUANTITY('MJLQTO0010005000000000',#5,'BaseQuantities',$,$,(#151,#152,#153));
#155= IFCRELDEFINESBYPROPERTIES('MJLRQT0010005000000000',#5,$,$,(#143),#154);
#156= IFCCARTESIANPOINT((0.,0.));
#157= IFCDIRECTION((1.,0.));
#158= IFCAXIS2PLACEMENT2D(#156,#157);
#159= IFCRECTANGLEPROFILEDEF(.AREA.,$,#158,10.000,0.300);
#160= IFCCARTESIANPOINT((0.000,3.900,0.000));
#161= IFCDIRECTION((0.,0.,1.));
#162= IFCDIRECTION((1.,0.,0.));
#163= IFCAXIS2PLACEMENT3D(#160,#161,#162);
#164= IFCDIRECTION((0.,0.,1.));
#165= IFCEXTRUDEDAREASOLID(#159,#163,#164,4.000);
#166= IFCSHAPEREPRESENTATION(#10,'Body','SweptSolid',(#165));
#167= IFCPRODUCTDEFINITIONSHAPE($,$,(#166));
#168= IFCLOCALPLACEMENT(#24,#9);
#169= IFCWALL('MJLCORE010006000000000',#5,'L01 - Core north',$,$,#168,#167,$);
#170= IFCPROPERTYSINGLEVALUE('AssetReference',$,IFCLABEL('CORE-01-006'),$);
#171= IFCPROPERTYSINGLEVALUE('Level',$,IFCLABEL('Level 01'),$);
#172= IFCPROPERTYSINGLEVALUE('System',$,IFCLABEL('Core'),$);
#173= IFCPROPERTYSINGLEVALUE('Status',$,IFCLABEL('Issued for Coordination'),$);
#174= IFCPROPERTYSINGLEVALUE('FireRating',$,IFCLABEL('120 min'),$);
#175= IFCPROPERTYSET('MJLPSET010006000000000',#5,'Pset_MajalAsset',$,(#170,#171,#172,#173,#174));
#176= IFCRELDEFINESBYPROPERTIES('MJLRPS0010006000000000',#5,$,$,(#169),#175);
#177= IFCQUANTITYAREA('GrossArea',$,$,40.000,$);
#178= IFCQUANTITYVOLUME('GrossVolume',$,$,12.000,$);
#179= IFCQUANTITYCOUNT('Count',$,$,1.,$);
#180= IFCELEMENTQUANTITY('MJLQTO0010006000000000',#5,'BaseQuantities',$,$,(#177,#178,#179));
#181= IFCRELDEFINESBYPROPERTIES('MJLRQT0010006000000000',#5,$,$,(#169),#180);
#182= IFCCARTESIANPOINT((0.,0.));
#183= IFCDIRECTION((1.,0.));
#184= IFCAXIS2PLACEMENT2D(#182,#183);
#185= IFCRECTANGLEPROFILEDEF(.AREA.,$,#184,10.000,0.300);
#186= IFCCARTESIANPOINT((0.000,-3.900,0.000));
#187= IFCDIRECTION((0.,0.,1.));
#188= IFCDIRECTION((1.,0.,0.));
#189= IFCAXIS2PLACEMENT3D(#186,#187,#188);
#190= IFCDIRECTION((0.,0.,1.));
#191= IFCEXTRUDEDAREASOLID(#185,#189,#190,4.000);
#192= IFCSHAPEREPRESENTATION(#10,'Body','SweptSolid',(#191));
#193= IFCPRODUCTDEFINITIONSHAPE($,$,(#192));
#194= IFCLOCALPLACEMENT(#24,#9);
#195= IFCWALL('MJLCORE010007000000000',#5,'L01 - Core south',$,$,#194,#193,$);
#196= IFCPROPERTYSINGLEVALUE('AssetReference',$,IFCLABEL('CORE-01-007'),$);
#197= IFCPROPERTYSINGLEVALUE('Level',$,IFCLABEL('Level 01'),$);
#198= IFCPROPERTYSINGLEVALUE('System',$,IFCLABEL('Core'),$);
#199= IFCPROPERTYSINGLEVALUE('Status',$,IFCLABEL('Issued for Coordination'),$);
#200= IFCPROPERTYSINGLEVALUE('FireRating',$,IFCLABEL('120 min'),$);
#201= IFCPROPERTYSET('MJLPSET010007000000000',#5,'Pset_MajalAsset',$,(#196,#197,#198,#199,#200));
#202= IFCRELDEFINESBYPROPERTIES('MJLRPS0010007000000000',#5,$,$,(#195),#201);
#203= IFCQUANTITYAREA('GrossArea',$,$,40.000,$);
#204= IFCQUANTITYVOLUME('GrossVolume',$,$,12.000,$);
#205= IFCQUANTITYCOUNT('Count',$,$,1.,$);
#206= IFCELEMENTQUANTITY('MJLQTO0010007000000000',#5,'BaseQuantities',$,$,(#203,#204,#205));
#207= IFCRELDEFINESBYPROPERTIES('MJLRQT0010007000000000',#5,$,$,(#195),#206);
#208= IFCCARTESIANPOINT((0.,0.));
#209= IFCDIRECTION((1.,0.));
#210= IFCAXIS2PLACEMENT2D(#208,#209);
#211= IFCRECTANGLEPROFILEDEF(.AREA.,$,#210,0.300,8.000);
#212= IFCCARTESIANPOINT((4.900,0.000,0.000));
#213= IFCDIRECTION((0.,0.,1.));
#214= IFCDIRECTION((1.,0.,0.));
#215= IFCAXIS2PLACEMENT3D(#212,#213,#214);
#216= IFCDIRECTION((0.,0.,1.));
#217= IFCEXTRUDEDAREASOLID(#211,#215,#216,4.000);
#218= IFCSHAPEREPRESENTATION(#10,'Body','SweptSolid',(#217));
#219= IFCPRODUCTDEFINITIONSHAPE($,$,(#218));
#220= IFCLOCALPLACEMENT(#24,#9);
#221= IFCWALL('MJLCORE010008000000000',#5,'L01 - Core east',$,$,#220,#219,$);
#222= IFCPROPERTYSINGLEVALUE('AssetReference',$,IFCLABEL('CORE-01-008'),$);
#223= IFCPROPERTYSINGLEVALUE('Level',$,IFCLABEL('Level 01'),$);
#224= IFCPROPERTYSINGLEVALUE('System',$,IFCLABEL('Core'),$);
#225= IFCPROPERTYSINGLEVALUE('Status',$,IFCLABEL('Issued for Coordination'),$);
#226= IFCPROPERTYSINGLEVALUE('FireRating',$,IFCLABEL('120 min'),$);
#227= IFCPROPERTYSET('MJLPSET010008000000000',#5,'Pset_MajalAsset',$,(#222,#223,#224,#225,#226));
#228= IFCRELDEFINESBYPROPERTIES('MJLRPS0010008000000000',#5,$,$,(#221),#227);
#229= IFCQUANTITYAREA('GrossArea',$,$,2.400,$);
#230= IFCQUANTITYVOLUME('GrossVolume',$,$,9.600,$);
#231= IFCQUANTITYCOUNT('Count',$,$,1.,$);
#232= IFCELEMENTQUANTITY('MJLQTO0010008000000000',#5,'BaseQuantities',$,$,(#229,#230,#231));
#233= IFCRELDEFINESBYPROPERTIES('MJLRQT0010008000000000',#5,$,$,(#221),#232);
#234= IFCCARTESIANPOINT((0.,0.));
#235= IFCDIRECTION((1.,0.));
#236= IFCAXIS2PLACEMENT2D(#234,#235);
#237= IFCRECTANGLEPROFILEDEF(.AREA.,$,#236,0.300,8.000);
#238= IFCCARTESIANPOINT((-4.900,0.000,0.000));
#239= IFCDIRECTION((0.,0.,1.));
#240= IFCDIRECTION((1.,0.,0.));
#241= IFCAXIS2PLACEMENT3D(#238,#239,#240);
#242= IFCDIRECTION((0.,0.,1.));
#243= IFCEXTRUDEDAREASOLID(#237,#241,#242,4.000);
#244= IFCSHAPEREPRESENTATION(#10,'Body','SweptSolid',(#243));
#245= IFCPRODUCTDEFINITIONSHAPE($,$,(#244));
#246= IFCLOCALPLACEMENT(#24,#9);
#247= IFCWALL('MJLCORE010009000000000',#5,'L01 - Core west',$,$,#246,#245,$);
#248= IFCPROPERTYSINGLEVALUE('AssetReference',$,IFCLABEL('CORE-01-009'),$);
#249= IFCPROPERTYSINGLEVALUE('Level',$,IFCLABEL('Level 01'),$);
#250= IFCPROPERTYSINGLEVALUE('System',$,IFCLABEL('Core'),$);
#251= IFCPROPERTYSINGLEVALUE('Status',$,IFCLABEL('Issued for Coordination'),$);
#252= IFCPROPERTYSINGLEVALUE('FireRating',$,IFCLABEL('120 min'),$);
#253= IFCPROPERTYSET('MJLPSET010009000000000',#5,'Pset_MajalAsset',$,(#248,#249,#250,#251,#252));
#254= IFCRELDEFINESBYPROPERTIES('MJLRPS0010009000000000',#5,$,$,(#247),#253);
#255= IFCQUANTITYAREA('GrossArea',$,$,2.400,$);
#256= IFCQUANTITYVOLUME('GrossVolume',$,$,9.600,$);
#257= IFCQUANTITYCOUNT('Count',$,$,1.,$);
#258= IFCELEMENTQUANTITY('MJLQTO0010009000000000',#5,'BaseQuantities',$,$,(#255,#256,#257));
#259= IFCRELDEFINESBYPROPERTIES('MJLRQT0010009000000000',#5,$,$,(#247),#258);
#260= IFCCARTESIANPOINT((0.,0.));
#261= IFCDIRECTION((1.,0.));
#262= IFCAXIS2PLACEMENT2D(#260,#261);
#263= IFCRECTANGLEPROFILEDEF(.AREA.,$,#262,0.550,0.550);
#264= IFCCARTESIANPOINT((-15.000,-10.000,0.000));
#265= IFCDIRECTION((0.,0.,1.));
#266= IFCDIRECTION((1.,0.,0.));
#267= IFCAXIS2PLACEMENT3D(#264,#265,#266);
#268= IFCDIRECTION((0.,0.,1.));
#269= IFCEXTRUDEDAREASOLID(#263,#267,#268,4.000);
#270= IFCSHAPEREPRESENTATION(#10,'Body','SweptSolid',(#269));
#271= IFCPRODUCTDEFINITIONSHAPE($,$,(#270));
#272= IFCLOCALPLACEMENT(#24,#9);
#273= IFCCOLUMN('MJLCOL0010010000000000',#5,'L01 - Column -15/-10',$,$,#272,#271,$);
#274= IFCPROPERTYSINGLEVALUE('AssetReference',$,IFCLABEL('COL-01-010'),$);
#275= IFCPROPERTYSINGLEVALUE('Level',$,IFCLABEL('Level 01'),$);
#276= IFCPROPERTYSINGLEVALUE('System',$,IFCLABEL('Structure'),$);
#277= IFCPROPERTYSINGLEVALUE('Status',$,IFCLABEL('Issued for Coordination'),$);
#278= IFCPROPERTYSINGLEVALUE('FireRating',$,IFCLABEL('120 min'),$);
#279= IFCPROPERTYSET('MJLPSET010010000000000',#5,'Pset_MajalAsset',$,(#274,#275,#276,#277,#278));
#280= IFCRELDEFINESBYPROPERTIES('MJLRPS0010010000000000',#5,$,$,(#273),#279);
#281= IFCQUANTITYAREA('GrossArea',$,$,2.200,$);
#282= IFCQUANTITYVOLUME('GrossVolume',$,$,1.210,$);
#283= IFCQUANTITYCOUNT('Count',$,$,1.,$);
#284= IFCELEMENTQUANTITY('MJLQTO0010010000000000',#5,'BaseQuantities',$,$,(#281,#282,#283));
#285= IFCRELDEFINESBYPROPERTIES('MJLRQT0010010000000000',#5,$,$,(#273),#284);
#286= IFCCARTESIANPOINT((0.,0.));
#287= IFCDIRECTION((1.,0.));
#288= IFCAXIS2PLACEMENT2D(#286,#287);
#289= IFCRECTANGLEPROFILEDEF(.AREA.,$,#288,0.550,0.550);
#290= IFCCARTESIANPOINT((-15.000,0.000,0.000));
#291= IFCDIRECTION((0.,0.,1.));
#292= IFCDIRECTION((1.,0.,0.));
#293= IFCAXIS2PLACEMENT3D(#290,#291,#292);
#294= IFCDIRECTION((0.,0.,1.));
#295= IFCEXTRUDEDAREASOLID(#289,#293,#294,4.000);
#296= IFCSHAPEREPRESENTATION(#10,'Body','SweptSolid',(#295));
#297= IFCPRODUCTDEFINITIONSHAPE($,$,(#296));
#298= IFCLOCALPLACEMENT(#24,#9);
#299= IFCCOLUMN('MJLCOL0010011000000000',#5,'L01 - Column -15/+00',$,$,#298,#297,$);
#300= IFCPROPERTYSINGLEVALUE('AssetReference',$,IFCLABEL('COL-01-011'),$);
#301= IFCPROPERTYSINGLEVALUE('Level',$,IFCLABEL('Level 01'),$);
#302= IFCPROPERTYSINGLEVALUE('System',$,IFCLABEL('Structure'),$);
#303= IFCPROPERTYSINGLEVALUE('Status',$,IFCLABEL('Issued for Coordination'),$);
#304= IFCPROPERTYSINGLEVALUE('FireRating',$,IFCLABEL('120 min'),$);
#305= IFCPROPERTYSET('MJLPSET010011000000000',#5,'Pset_MajalAsset',$,(#300,#301,#302,#303,#304));
#306= IFCRELDEFINESBYPROPERTIES('MJLRPS0010011000000000',#5,$,$,(#299),#305);
#307= IFCQUANTITYAREA('GrossArea',$,$,2.200,$);
#308= IFCQUANTITYVOLUME('GrossVolume',$,$,1.210,$);
#309= IFCQUANTITYCOUNT('Count',$,$,1.,$);
#310= IFCELEMENTQUANTITY('MJLQTO0010011000000000',#5,'BaseQuantities',$,$,(#307,#308,#309));
#311= IFCRELDEFINESBYPROPERTIES('MJLRQT0010011000000000',#5,$,$,(#299),#310);
#312= IFCCARTESIANPOINT((0.,0.));
#313= IFCDIRECTION((1.,0.));
#314= IFCAXIS2PLACEMENT2D(#312,#313);
#315= IFCRECTANGLEPROFILEDEF(.AREA.,$,#314,0.550,0.550);
#316= IFCCARTESIANPOINT((-15.000,10.000,0.000));
#317= IFCDIRECTION((0.,0.,1.));
#318= IFCDIRECTION((1.,0.,0.));
#319= IFCAXIS2PLACEMENT3D(#316,#317,#318);
#320= IFCDIRECTION((0.,0.,1.));
#321= IFCEXTRUDEDAREASOLID(#315,#319,#320,4.000);
#322= IFCSHAPEREPRESENTATION(#10,'Body','SweptSolid',(#321));
#323= IFCPRODUCTDEFINITIONSHAPE($,$,(#322));
#324= IFCLOCALPLACEMENT(#24,#9);
#325= IFCCOLUMN('MJLCOL0010012000000000',#5,'L01 - Column -15/+10',$,$,#324,#323,$);
#326= IFCPROPERTYSINGLEVALUE('AssetReference',$,IFCLABEL('COL-01-012'),$);
#327= IFCPROPERTYSINGLEVALUE('Level',$,IFCLABEL('Level 01'),$);
#328= IFCPROPERTYSINGLEVALUE('System',$,IFCLABEL('Structure'),$);
#329= IFCPROPERTYSINGLEVALUE('Status',$,IFCLABEL('Issued for Coordination'),$);
#330= IFCPROPERTYSINGLEVALUE('FireRating',$,IFCLABEL('120 min'),$);
#331= IFCPROPERTYSET('MJLPSET010012000000000',#5,'Pset_MajalAsset',$,(#326,#327,#328,#329,#330));
#332= IFCRELDEFINESBYPROPERTIES('MJLRPS0010012000000000',#5,$,$,(#325),#331);
#333= IFCQUANTITYAREA('GrossArea',$,$,2.200,$);
#334= IFCQUANTITYVOLUME('GrossVolume',$,$,1.210,$);
#335= IFCQUANTITYCOUNT('Count',$,$,1.,$);
#336= IFCELEMENTQUANTITY('MJLQTO0010012000000000',#5,'BaseQuantities',$,$,(#333,#334,#335));
#337= IFCRELDEFINESBYPROPERTIES('MJLRQT0010012000000000',#5,$,$,(#325),#336);
#338= IFCCARTESIANPOINT((0.,0.));
#339= IFCDIRECTION((1.,0.));
#340= IFCAXIS2PLACEMENT2D(#338,#339);
#341= IFCRECTANGLEPROFILEDEF(.AREA.,$,#340,0.550,0.550);
#342= IFCCARTESIANPOINT((-9.000,-10.000,0.000));
#343= IFCDIRECTION((0.,0.,1.));
#344= IFCDIRECTION((1.,0.,0.));
#345= IFCAXIS2PLACEMENT3D(#342,#343,#344);
#346= IFCDIRECTION((0.,0.,1.));
#347= IFCEXTRUDEDAREASOLID(#341,#345,#346,4.000);
#348= IFCSHAPEREPRESENTATION(#10,'Body','SweptSolid',(#347));
#349= IFCPRODUCTDEFINITIONSHAPE($,$,(#348));
#350= IFCLOCALPLACEMENT(#24,#9);
#351= IFCCOLUMN('MJLCOL0010013000000000',#5,'L01 - Column -09/-10',$,$,#350,#349,$);
#352= IFCPROPERTYSINGLEVALUE('AssetReference',$,IFCLABEL('COL-01-013'),$);
#353= IFCPROPERTYSINGLEVALUE('Level',$,IFCLABEL('Level 01'),$);
#354= IFCPROPERTYSINGLEVALUE('System',$,IFCLABEL('Structure'),$);
#355= IFCPROPERTYSINGLEVALUE('Status',$,IFCLABEL('Issued for Coordination'),$);
#356= IFCPROPERTYSINGLEVALUE('FireRating',$,IFCLABEL('120 min'),$);
#357= IFCPROPERTYSET('MJLPSET010013000000000',#5,'Pset_MajalAsset',$,(#352,#353,#354,#355,#356));
#358= IFCRELDEFINESBYPROPERTIES('MJLRPS0010013000000000',#5,$,$,(#351),#357);
#359= IFCQUANTITYAREA('GrossArea',$,$,2.200,$);
#360= IFCQUANTITYVOLUME('GrossVolume',$,$,1.210,$);
#361= IFCQUANTITYCOUNT('Count',$,$,1.,$);
#362= IFCELEMENTQUANTITY('MJLQTO0010013000000000',#5,'BaseQuantities',$,$,(#359,#360,#361));
#363= IFCRELDEFINESBYPROPERTIES('MJLRQT0010013000000000',#5,$,$,(#351),#362);
#364= IFCCARTESIANPOINT((0.,0.));
#365= IFCDIRECTION((1.,0.));
#366= IFCAXIS2PLACEMENT2D(#364,#365);
#367= IFCRECTANGLEPROFILEDEF(.AREA.,$,#366,0.550,0.550);
#368= IFCCARTESIANPOINT((-9.000,0.000,0.000));
#369= IFCDIRECTION((0.,0.,1.));
#370= IFCDIRECTION((1.,0.,0.));
#371= IFCAXIS2PLACEMENT3D(#368,#369,#370);
#372= IFCDIRECTION((0.,0.,1.));
#373= IFCEXTRUDEDAREASOLID(#367,#371,#372,4.000);
#374= IFCSHAPEREPRESENTATION(#10,'Body','SweptSolid',(#373));
#375= IFCPRODUCTDEFINITIONSHAPE($,$,(#374));
#376= IFCLOCALPLACEMENT(#24,#9);
#377= IFCCOLUMN('MJLCOL0010014000000000',#5,'L01 - Column -09/+00',$,$,#376,#375,$);
#378= IFCPROPERTYSINGLEVALUE('AssetReference',$,IFCLABEL('COL-01-014'),$);
#379= IFCPROPERTYSINGLEVALUE('Level',$,IFCLABEL('Level 01'),$);
#380= IFCPROPERTYSINGLEVALUE('System',$,IFCLABEL('Structure'),$);
#381= IFCPROPERTYSINGLEVALUE('Status',$,IFCLABEL('Issued for Coordination'),$);
#382= IFCPROPERTYSINGLEVALUE('FireRating',$,IFCLABEL('120 min'),$);
#383= IFCPROPERTYSET('MJLPSET010014000000000',#5,'Pset_MajalAsset',$,(#378,#379,#380,#381,#382));
#384= IFCRELDEFINESBYPROPERTIES('MJLRPS0010014000000000',#5,$,$,(#377),#383);
#385= IFCQUANTITYAREA('GrossArea',$,$,2.200,$);
#386= IFCQUANTITYVOLUME('GrossVolume',$,$,1.210,$);
#387= IFCQUANTITYCOUNT('Count',$,$,1.,$);
#388= IFCELEMENTQUANTITY('MJLQTO0010014000000000',#5,'BaseQuantities',$,$,(#385,#386,#387));
#389= IFCRELDEFINESBYPROPERTIES('MJLRQT0010014000000000',#5,$,$,(#377),#388);
#390= IFCCARTESIANPOINT((0.,0.));
#391= IFCDIRECTION((1.,0.));
#392= IFCAXIS2PLACEMENT2D(#390,#391);
#393= IFCRECTANGLEPROFILEDEF(.AREA.,$,#392,0.550,0.550);
#394= IFCCARTESIANPOINT((-9.000,10.000,0.000));
#395= IFCDIRECTION((0.,0.,1.));
#396= IFCDIRECTION((1.,0.,0.));
#397= IFCAXIS2PLACEMENT3D(#394,#395,#396);
#398= IFCDIRECTION((0.,0.,1.));
#399= IFCEXTRUDEDAREASOLID(#393,#397,#398,4.000);
#400= IFCSHAPEREPRESENTATION(#10,'Body','SweptSolid',(#399));
#401= IFCPRODUCTDEFINITIONSHAPE($,$,(#400));
#402= IFCLOCALPLACEMENT(#24,#9);
#403= IFCCOLUMN('MJLCOL0010015000000000',#5,'L01 - Column -09/+10',$,$,#402,#401,$);
#404= IFCPROPERTYSINGLEVALUE('AssetReference',$,IFCLABEL('COL-01-015'),$);
#405= IFCPROPERTYSINGLEVALUE('Level',$,IFCLABEL('Level 01'),$);
#406= IFCPROPERTYSINGLEVALUE('System',$,IFCLABEL('Structure'),$);
#407= IFCPROPERTYSINGLEVALUE('Status',$,IFCLABEL('Issued for Coordination'),$);
#408= IFCPROPERTYSINGLEVALUE('FireRating',$,IFCLABEL('120 min'),$);
#409= IFCPROPERTYSET('MJLPSET010015000000000',#5,'Pset_MajalAsset',$,(#404,#405,#406,#407,#408));
#410= IFCRELDEFINESBYPROPERTIES('MJLRPS0010015000000000',#5,$,$,(#403),#409);
#411= IFCQUANTITYAREA('GrossArea',$,$,2.200,$);
#412= IFCQUANTITYVOLUME('GrossVolume',$,$,1.210,$);
#413= IFCQUANTITYCOUNT('Count',$,$,1.,$);
#414= IFCELEMENTQUANTITY('MJLQTO0010015000000000',#5,'BaseQuantities',$,$,(#411,#412,#413));
#415= IFCRELDEFINESBYPROPERTIES('MJLRQT0010015000000000',#5,$,$,(#403),#414);
#416= IFCCARTESIANPOINT((0.,0.));
#417= IFCDIRECTION((1.,0.));
#418= IFCAXIS2PLACEMENT2D(#416,#417);
#419= IFCRECTANGLEPROFILEDEF(.AREA.,$,#418,0.550,0.550);
#420= IFCCARTESIANPOINT((-3.000,-10.000,0.000));
#421= IFCDIRECTION((0.,0.,1.));
#422= IFCDIRECTION((1.,0.,0.));
#423= IFCAXIS2PLACEMENT3D(#420,#421,#422);
#424= IFCDIRECTION((0.,0.,1.));
#425= IFCEXTRUDEDAREASOLID(#419,#423,#424,4.000);
#426= IFCSHAPEREPRESENTATION(#10,'Body','SweptSolid',(#425));
#427= IFCPRODUCTDEFINITIONSHAPE($,$,(#426));
#428= IFCLOCALPLACEMENT(#24,#9);
#429= IFCCOLUMN('MJLCOL0010016000000000',#5,'L01 - Column -03/-10',$,$,#428,#427,$);
#430= IFCPROPERTYSINGLEVALUE('AssetReference',$,IFCLABEL('COL-01-016'),$);
#431= IFCPROPERTYSINGLEVALUE('Level',$,IFCLABEL('Level 01'),$);
#432= IFCPROPERTYSINGLEVALUE('System',$,IFCLABEL('Structure'),$);
#433= IFCPROPERTYSINGLEVALUE('Status',$,IFCLABEL('Issued for Coordination'),$);
#434= IFCPROPERTYSINGLEVALUE('FireRating',$,IFCLABEL('120 min'),$);
#435= IFCPROPERTYSET('MJLPSET010016000000000',#5,'Pset_MajalAsset',$,(#430,#431,#432,#433,#434));
#436= IFCRELDEFINESBYPROPERTIES('MJLRPS0010016000000000',#5,$,$,(#429),#435);
#437= IFCQUANTITYAREA('GrossArea',$,$,2.200,$);
#438= IFCQUANTITYVOLUME('GrossVolume',$,$,1.210,$);
#439= IFCQUANTITYCOUNT('Count',$,$,1.,$);
#440= IFCELEMENTQUANTITY('MJLQTO0010016000000000',#5,'BaseQuantities',$,$,(#437,#438,#439));
#441= IFCRELDEFINESBYPROPERTIES('MJLRQT0010016000000000',#5,$,$,(#429),#440);
#442= IFCCARTESIANPOINT((0.,0.));
#443= IFCDIRECTION((1.,0.));
#444= IFCAXIS2PLACEMENT2D(#442,#443);
#445= IFCRECTANGLEPROFILEDEF(.AREA.,$,#444,0.550,0.550);
#446= IFCCARTESIANPOINT((-3.000,0.000,0.000));
#447= IFCDIRECTION((0.,0.,1.));
#448= IFCDIRECTION((1.,0.,0.));
#449= IFCAXIS2PLACEMENT3D(#446,#447,#448);
#450= IFCDIRECTION((0.,0.,1.));
#451= IFCEXTRUDEDAREASOLID(#445,#449,#450,4.000);
#452= IFCSHAPEREPRESENTATION(#10,'Body','SweptSolid',(#451));
#453= IFCPRODUCTDEFINITIONSHAPE($,$,(#452));
#454= IFCLOCALPLACEMENT(#24,#9);
#455= IFCCOLUMN('MJLCOL0010017000000000',#5,'L01 - Column -03/+00',$,$,#454,#453,$);
#456= IFCPROPERTYSINGLEVALUE('AssetReference',$,IFCLABEL('COL-01-017'),$);
#457= IFCPROPERTYSINGLEVALUE('Level',$,IFCLABEL('Level 01'),$);
#458= IFCPROPERTYSINGLEVALUE('System',$,IFCLABEL('Structure'),$);
#459= IFCPROPERTYSINGLEVALUE('Status',$,IFCLABEL('Issued for Coordination'),$);
#460= IFCPROPERTYSINGLEVALUE('FireRating',$,IFCLABEL('120 min'),$);
#461= IFCPROPERTYSET('MJLPSET010017000000000',#5,'Pset_MajalAsset',$,(#456,#457,#458,#459,#460));
#462= IFCRELDEFINESBYPROPERTIES('MJLRPS0010017000000000',#5,$,$,(#455),#461);
#463= IFCQUANTITYAREA('GrossArea',$,$,2.200,$);
#464= IFCQUANTITYVOLUME('GrossVolume',$,$,1.210,$);
#465= IFCQUANTITYCOUNT('Count',$,$,1.,$);
#466= IFCELEMENTQUANTITY('MJLQTO0010017000000000',#5,'BaseQuantities',$,$,(#463,#464,#465));
#467= IFCRELDEFINESBYPROPERTIES('MJLRQT0010017000000000',#5,$,$,(#455),#466);
#468= IFCCARTESIANPOINT((0.,0.));
#469= IFCDIRECTION((1.,0.));
#470= IFCAXIS2PLACEMENT2D(#468,#469);
#471= IFCRECTANGLEPROFILEDEF(.AREA.,$,#470,0.550,0.550);
#472= IFCCARTESIANPOINT((-3.000,10.000,0.000));
#473= IFCDIRECTION((0.,0.,1.));
#474= IFCDIRECTION((1.,0.,0.));
#475= IFCAXIS2PLACEMENT3D(#472,#473,#474);
#476= IFCDIRECTION((0.,0.,1.));
#477= IFCEXTRUDEDAREASOLID(#471,#475,#476,4.000);
#478= IFCSHAPEREPRESENTATION(#10,'Body','SweptSolid',(#477));
#479= IFCPRODUCTDEFINITIONSHAPE($,$,(#478));
#480= IFCLOCALPLACEMENT(#24,#9);
#481= IFCCOLUMN('MJLCOL0010018000000000',#5,'L01 - Column -03/+10',$,$,#480,#479,$);
#482= IFCPROPERTYSINGLEVALUE('AssetReference',$,IFCLABEL('COL-01-018'),$);
#483= IFCPROPERTYSINGLEVALUE('Level',$,IFCLABEL('Level 01'),$);
#484= IFCPROPERTYSINGLEVALUE('System',$,IFCLABEL('Structure'),$);
#485= IFCPROPERTYSINGLEVALUE('Status',$,IFCLABEL('Issued for Coordination'),$);
#486= IFCPROPERTYSINGLEVALUE('FireRating',$,IFCLABEL('120 min'),$);
#487= IFCPROPERTYSET('MJLPSET010018000000000',#5,'Pset_MajalAsset',$,(#482,#483,#484,#485,#486));
#488= IFCRELDEFINESBYPROPERTIES('MJLRPS0010018000000000',#5,$,$,(#481),#487);
#489= IFCQUANTITYAREA('GrossArea',$,$,2.200,$);
#490= IFCQUANTITYVOLUME('GrossVolume',$,$,1.210,$);
#491= IFCQUANTITYCOUNT('Count',$,$,1.,$);
#492= IFCELEMENTQUANTITY('MJLQTO0010018000000000',#5,'BaseQuantities',$,$,(#489,#490,#491));
#493= IFCRELDEFINESBYPROPERTIES('MJLRQT0010018000000000',#5,$,$,(#481),#492);
#494= IFCCARTESIANPOINT((0.,0.));
#495= IFCDIRECTION((1.,0.));
#496= IFCAXIS2PLACEMENT2D(#494,#495);
#497= IFCRECTANGLEPROFILEDEF(.AREA.,$,#496,0.550,0.550);
#498= IFCCARTESIANPOINT((3.000,-10.000,0.000));
#499= IFCDIRECTION((0.,0.,1.));
#500= IFCDIRECTION((1.,0.,0.));
#501= IFCAXIS2PLACEMENT3D(#498,#499,#500);
#502= IFCDIRECTION((0.,0.,1.));
#503= IFCEXTRUDEDAREASOLID(#497,#501,#502,4.000);
#504= IFCSHAPEREPRESENTATION(#10,'Body','SweptSolid',(#503));
#505= IFCPRODUCTDEFINITIONSHAPE($,$,(#504));
#506= IFCLOCALPLACEMENT(#24,#9);
#507= IFCCOLUMN('MJLCOL0010019000000000',#5,'L01 - Column +03/-10',$,$,#506,#505,$);
#508= IFCPROPERTYSINGLEVALUE('AssetReference',$,IFCLABEL('COL-01-019'),$);
#509= IFCPROPERTYSINGLEVALUE('Level',$,IFCLABEL('Level 01'),$);
#510= IFCPROPERTYSINGLEVALUE('System',$,IFCLABEL('Structure'),$);
#511= IFCPROPERTYSINGLEVALUE('Status',$,IFCLABEL('Issued for Coordination'),$);
#512= IFCPROPERTYSINGLEVALUE('FireRating',$,IFCLABEL('120 min'),$);
#513= IFCPROPERTYSET('MJLPSET010019000000000',#5,'Pset_MajalAsset',$,(#508,#509,#510,#511,#512));
#514= IFCRELDEFINESBYPROPERTIES('MJLRPS0010019000000000',#5,$,$,(#507),#513);
#515= IFCQUANTITYAREA('GrossArea',$,$,2.200,$);
#516= IFCQUANTITYVOLUME('GrossVolume',$,$,1.210,$);
#517= IFCQUANTITYCOUNT('Count',$,$,1.,$);
#518= IFCELEMENTQUANTITY('MJLQTO0010019000000000',#5,'BaseQuantities',$,$,(#515,#516,#517));
#519= IFCRELDEFINESBYPROPERTIES('MJLRQT0010019000000000',#5,$,$,(#507),#518);
#520= IFCCARTESIANPOINT((0.,0.));
#521= IFCDIRECTION((1.,0.));
#522= IFCAXIS2PLACEMENT2D(#520,#521);
#523= IFCRECTANGLEPROFILEDEF(.AREA.,$,#522,0.550,0.550);
#524= IFCCARTESIANPOINT((3.000,0.000,0.000));
#525= IFCDIRECTION((0.,0.,1.));
#526= IFCDIRECTION((1.,0.,0.));
#527= IFCAXIS2PLACEMENT3D(#524,#525,#526);
#528= IFCDIRECTION((0.,0.,1.));
#529= IFCEXTRUDEDAREASOLID(#523,#527,#528,4.000);
#530= IFCSHAPEREPRESENTATION(#10,'Body','SweptSolid',(#529));
#531= IFCPRODUCTDEFINITIONSHAPE($,$,(#530));
#532= IFCLOCALPLACEMENT(#24,#9);
#533= IFCCOLUMN('MJLCOL0010020000000000',#5,'L01 - Column +03/+00',$,$,#532,#531,$);
#534= IFCPROPERTYSINGLEVALUE('AssetReference',$,IFCLABEL('COL-01-020'),$);
#535= IFCPROPERTYSINGLEVALUE('Level',$,IFCLABEL('Level 01'),$);
#536= IFCPROPERTYSINGLEVALUE('System',$,IFCLABEL('Structure'),$);
#537= IFCPROPERTYSINGLEVALUE('Status',$,IFCLABEL('Issued for Coordination'),$);
#538= IFCPROPERTYSINGLEVALUE('FireRating',$,IFCLABEL('120 min'),$);
#539= IFCPROPERTYSET('MJLPSET010020000000000',#5,'Pset_MajalAsset',$,(#534,#535,#536,#537,#538));
#540= IFCRELDEFINESBYPROPERTIES('MJLRPS0010020000000000',#5,$,$,(#533),#539);
#541= IFCQUANTITYAREA('GrossArea',$,$,2.200,$);
#542= IFCQUANTITYVOLUME('GrossVolume',$,$,1.210,$);
#543= IFCQUANTITYCOUNT('Count',$,$,1.,$);
#544= IFCELEMENTQUANTITY('MJLQTO0010020000000000',#5,'BaseQuantities',$,$,(#541,#542,#543));
#545= IFCRELDEFINESBYPROPERTIES('MJLRQT0010020000000000',#5,$,$,(#533),#544);
#546= IFCCARTESIANPOINT((0.,0.));
#547= IFCDIRECTION((1.,0.));
#548= IFCAXIS2PLACEMENT2D(#546,#547);
#549= IFCRECTANGLEPROFILEDEF(.AREA.,$,#548,0.550,0.550);
#550= IFCCARTESIANPOINT((3.000,10.000,0.000));
#551= IFCDIRECTION((0.,0.,1.));
#552= IFCDIRECTION((1.,0.,0.));
#553= IFCAXIS2PLACEMENT3D(#550,#551,#552);
#554= IFCDIRECTION((0.,0.,1.));
#555= IFCEXTRUDEDAREASOLID(#549,#553,#554,4.000);
#556= IFCSHAPEREPRESENTATION(#10,'Body','SweptSolid',(#555));
#557= IFCPRODUCTDEFINITIONSHAPE($,$,(#556));
#558= IFCLOCALPLACEMENT(#24,#9);
#559= IFCCOLUMN('MJLCOL0010021000000000',#5,'L01 - Column +03/+10',$,$,#558,#557,$);
#560= IFCPROPERTYSINGLEVALUE('AssetReference',$,IFCLABEL('COL-01-021'),$);
#561= IFCPROPERTYSINGLEVALUE('Level',$,IFCLABEL('Level 01'),$);
#562= IFCPROPERTYSINGLEVALUE('System',$,IFCLABEL('Structure'),$);
#563= IFCPROPERTYSINGLEVALUE('Status',$,IFCLABEL('Issued for Coordination'),$);
#564= IFCPROPERTYSINGLEVALUE('FireRating',$,IFCLABEL('120 min'),$);
#565= IFCPROPERTYSET('MJLPSET010021000000000',#5,'Pset_MajalAsset',$,(#560,#561,#562,#563,#564));
#566= IFCRELDEFINESBYPROPERTIES('MJLRPS0010021000000000',#5,$,$,(#559),#565);
#567= IFCQUANTITYAREA('GrossArea',$,$,2.200,$);
#568= IFCQUANTITYVOLUME('GrossVolume',$,$,1.210,$);
#569= IFCQUANTITYCOUNT('Count',$,$,1.,$);
#570= IFCELEMENTQUANTITY('MJLQTO0010021000000000',#5,'BaseQuantities',$,$,(#567,#568,#569));
#571= IFCRELDEFINESBYPROPERTIES('MJLRQT0010021000000000',#5,$,$,(#559),#570);
#572= IFCCARTESIANPOINT((0.,0.));
#573= IFCDIRECTION((1.,0.));
#574= IFCAXIS2PLACEMENT2D(#572,#573);
#575= IFCRECTANGLEPROFILEDEF(.AREA.,$,#574,0.550,0.550);
#576= IFCCARTESIANPOINT((9.000,-10.000,0.000));
#577= IFCDIRECTION((0.,0.,1.));
#578= IFCDIRECTION((1.,0.,0.));
#579= IFCAXIS2PLACEMENT3D(#576,#577,#578);
#580= IFCDIRECTION((0.,0.,1.));
#581= IFCEXTRUDEDAREASOLID(#575,#579,#580,4.000);
#582= IFCSHAPEREPRESENTATION(#10,'Body','SweptSolid',(#581));
#583= IFCPRODUCTDEFINITIONSHAPE($,$,(#582));
#584= IFCLOCALPLACEMENT(#24,#9);
#585= IFCCOLUMN('MJLCOL0010022000000000',#5,'L01 - Column +09/-10',$,$,#584,#583,$);
#586= IFCPROPERTYSINGLEVALUE('AssetReference',$,IFCLABEL('COL-01-022'),$);
#587= IFCPROPERTYSINGLEVALUE('Level',$,IFCLABEL('Level 01'),$);
#588= IFCPROPERTYSINGLEVALUE('System',$,IFCLABEL('Structure'),$);
#589= IFCPROPERTYSINGLEVALUE('Status',$,IFCLABEL('Issued for Coordination'),$);
#590= IFCPROPERTYSINGLEVALUE('FireRating',$,IFCLABEL('120 min'),$);
#591= IFCPROPERTYSET('MJLPSET010022000000000',#5,'Pset_MajalAsset',$,(#586,#587,#588,#589,#590));
#592= IFCRELDEFINESBYPROPERTIES('MJLRPS0010022000000000',#5,$,$,(#585),#591);
#593= IFCQUANTITYAREA('GrossArea',$,$,2.200,$);
#594= IFCQUANTITYVOLUME('GrossVolume',$,$,1.210,$);
#595= IFCQUANTITYCOUNT('Count',$,$,1.,$);
#596= IFCELEMENTQUANTITY('MJLQTO0010022000000000',#5,'BaseQuantities',$,$,(#593,#594,#595));
#597= IFCRELDEFINESBYPROPERTIES('MJLRQT0010022000000000',#5,$,$,(#585),#596);
#598= IFCCARTESIANPOINT((0.,0.));
#599= IFCDIRECTION((1.,0.));
#600= IFCAXIS2PLACEMENT2D(#598,#599);
#601= IFCRECTANGLEPROFILEDEF(.AREA.,$,#600,0.550,0.550);
#602= IFCCARTESIANPOINT((9.000,0.000,0.000));
#603= IFCDIRECTION((0.,0.,1.));
#604= IFCDIRECTION((1.,0.,0.));
#605= IFCAXIS2PLACEMENT3D(#602,#603,#604);
#606= IFCDIRECTION((0.,0.,1.));
#607= IFCEXTRUDEDAREASOLID(#601,#605,#606,4.000);
#608= IFCSHAPEREPRESENTATION(#10,'Body','SweptSolid',(#607));
#609= IFCPRODUCTDEFINITIONSHAPE($,$,(#608));
#610= IFCLOCALPLACEMENT(#24,#9);
#611= IFCCOLUMN('MJLCOL0010023000000000',#5,'L01 - Column +09/+00',$,$,#610,#609,$);
#612= IFCPROPERTYSINGLEVALUE('AssetReference',$,IFCLABEL('COL-01-023'),$);
#613= IFCPROPERTYSINGLEVALUE('Level',$,IFCLABEL('Level 01'),$);
#614= IFCPROPERTYSINGLEVALUE('System',$,IFCLABEL('Structure'),$);
#615= IFCPROPERTYSINGLEVALUE('Status',$,IFCLABEL('Issued for Coordination'),$);
#616= IFCPROPERTYSINGLEVALUE('FireRating',$,IFCLABEL('120 min'),$);
#617= IFCPROPERTYSET('MJLPSET010023000000000',#5,'Pset_MajalAsset',$,(#612,#613,#614,#615,#616));
#618= IFCRELDEFINESBYPROPERTIES('MJLRPS0010023000000000',#5,$,$,(#611),#617);
#619= IFCQUANTITYAREA('GrossArea',$,$,2.200,$);
#620= IFCQUANTITYVOLUME('GrossVolume',$,$,1.210,$);
#621= IFCQUANTITYCOUNT('Count',$,$,1.,$);
#622= IFCELEMENTQUANTITY('MJLQTO0010023000000000',#5,'BaseQuantities',$,$,(#619,#620,#621));
#623= IFCRELDEFINESBYPROPERTIES('MJLRQT0010023000000000',#5,$,$,(#611),#622);
#624= IFCCARTESIANPOINT((0.,0.));
#625= IFCDIRECTION((1.,0.));
#626= IFCAXIS2PLACEMENT2D(#624,#625);
#627= IFCRECTANGLEPROFILEDEF(.AREA.,$,#626,0.550,0.550);
#628= IFCCARTESIANPOINT((9.000,10.000,0.000));
#629= IFCDIRECTION((0.,0.,1.));
#630= IFCDIRECTION((1.,0.,0.));
#631= IFCAXIS2PLACEMENT3D(#628,#629,#630);
#632= IFCDIRECTION((0.,0.,1.));
#633= IFCEXTRUDEDAREASOLID(#627,#631,#632,4.000);
#634= IFCSHAPEREPRESENTATION(#10,'Body','SweptSolid',(#633));
#635= IFCPRODUCTDEFINITIONSHAPE($,$,(#634));
#636= IFCLOCALPLACEMENT(#24,#9);
#637= IFCCOLUMN('MJLCOL0010024000000000',#5,'L01 - Column +09/+10',$,$,#636,#635,$);
#638= IFCPROPERTYSINGLEVALUE('AssetReference',$,IFCLABEL('COL-01-024'),$);
#639= IFCPROPERTYSINGLEVALUE('Level',$,IFCLABEL('Level 01'),$);
#640= IFCPROPERTYSINGLEVALUE('System',$,IFCLABEL('Structure'),$);
#641= IFCPROPERTYSINGLEVALUE('Status',$,IFCLABEL('Issued for Coordination'),$);
#642= IFCPROPERTYSINGLEVALUE('FireRating',$,IFCLABEL('120 min'),$);
#643= IFCPROPERTYSET('MJLPSET010024000000000',#5,'Pset_MajalAsset',$,(#638,#639,#640,#641,#642));
#644= IFCRELDEFINESBYPROPERTIES('MJLRPS0010024000000000',#5,$,$,(#637),#643);
#645= IFCQUANTITYAREA('GrossArea',$,$,2.200,$);
#646= IFCQUANTITYVOLUME('GrossVolume',$,$,1.210,$);
#647= IFCQUANTITYCOUNT('Count',$,$,1.,$);
#648= IFCELEMENTQUANTITY('MJLQTO0010024000000000',#5,'BaseQuantities',$,$,(#645,#646,#647));
#649= IFCRELDEFINESBYPROPERTIES('MJLRQT0010024000000000',#5,$,$,(#637),#648);
#650= IFCCARTESIANPOINT((0.,0.));
#651= IFCDIRECTION((1.,0.));
#652= IFCAXIS2PLACEMENT2D(#650,#651);
#653= IFCRECTANGLEPROFILEDEF(.AREA.,$,#652,0.550,0.550);
#654= IFCCARTESIANPOINT((15.000,-10.000,0.000));
#655= IFCDIRECTION((0.,0.,1.));
#656= IFCDIRECTION((1.,0.,0.));
#657= IFCAXIS2PLACEMENT3D(#654,#655,#656);
#658= IFCDIRECTION((0.,0.,1.));
#659= IFCEXTRUDEDAREASOLID(#653,#657,#658,4.000);
#660= IFCSHAPEREPRESENTATION(#10,'Body','SweptSolid',(#659));
#661= IFCPRODUCTDEFINITIONSHAPE($,$,(#660));
#662= IFCLOCALPLACEMENT(#24,#9);
#663= IFCCOLUMN('MJLCOL0010025000000000',#5,'L01 - Column +15/-10',$,$,#662,#661,$);
#664= IFCPROPERTYSINGLEVALUE('AssetReference',$,IFCLABEL('COL-01-025'),$);
#665= IFCPROPERTYSINGLEVALUE('Level',$,IFCLABEL('Level 01'),$);
#666= IFCPROPERTYSINGLEVALUE('System',$,IFCLABEL('Structure'),$);
#667= IFCPROPERTYSINGLEVALUE('Status',$,IFCLABEL('Issued for Coordination'),$);
#668= IFCPROPERTYSINGLEVALUE('FireRating',$,IFCLABEL('120 min'),$);
#669= IFCPROPERTYSET('MJLPSET010025000000000',#5,'Pset_MajalAsset',$,(#664,#665,#666,#667,#668));
#670= IFCRELDEFINESBYPROPERTIES('MJLRPS0010025000000000',#5,$,$,(#663),#669);
#671= IFCQUANTITYAREA('GrossArea',$,$,2.200,$);
#672= IFCQUANTITYVOLUME('GrossVolume',$,$,1.210,$);
#673= IFCQUANTITYCOUNT('Count',$,$,1.,$);
#674= IFCELEMENTQUANTITY('MJLQTO0010025000000000',#5,'BaseQuantities',$,$,(#671,#672,#673));
#675= IFCRELDEFINESBYPROPERTIES('MJLRQT0010025000000000',#5,$,$,(#663),#674);
#676= IFCCARTESIANPOINT((0.,0.));
#677= IFCDIRECTION((1.,0.));
#678= IFCAXIS2PLACEMENT2D(#676,#677);
#679= IFCRECTANGLEPROFILEDEF(.AREA.,$,#678,0.550,0.550);
#680= IFCCARTESIANPOINT((15.000,0.000,0.000));
#681= IFCDIRECTION((0.,0.,1.));
#682= IFCDIRECTION((1.,0.,0.));
#683= IFCAXIS2PLACEMENT3D(#680,#681,#682);
#684= IFCDIRECTION((0.,0.,1.));
#685= IFCEXTRUDEDAREASOLID(#679,#683,#684,4.000);
#686= IFCSHAPEREPRESENTATION(#10,'Body','SweptSolid',(#685));
#687= IFCPRODUCTDEFINITIONSHAPE($,$,(#686));
#688= IFCLOCALPLACEMENT(#24,#9);
#689= IFCCOLUMN('MJLCOL0010026000000000',#5,'L01 - Column +15/+00',$,$,#688,#687,$);
#690= IFCPROPERTYSINGLEVALUE('AssetReference',$,IFCLABEL('COL-01-026'),$);
#691= IFCPROPERTYSINGLEVALUE('Level',$,IFCLABEL('Level 01'),$);
#692= IFCPROPERTYSINGLEVALUE('System',$,IFCLABEL('Structure'),$);
#693= IFCPROPERTYSINGLEVALUE('Status',$,IFCLABEL('Issued for Coordination'),$);
#694= IFCPROPERTYSINGLEVALUE('FireRating',$,IFCLABEL('120 min'),$);
#695= IFCPROPERTYSET('MJLPSET010026000000000',#5,'Pset_MajalAsset',$,(#690,#691,#692,#693,#694));
#696= IFCRELDEFINESBYPROPERTIES('MJLRPS0010026000000000',#5,$,$,(#689),#695);
#697= IFCQUANTITYAREA('GrossArea',$,$,2.200,$);
#698= IFCQUANTITYVOLUME('GrossVolume',$,$,1.210,$);
#699= IFCQUANTITYCOUNT('Count',$,$,1.,$);
#700= IFCELEMENTQUANTITY('MJLQTO0010026000000000',#5,'BaseQuantities',$,$,(#697,#698,#699));
#701= IFCRELDEFINESBYPROPERTIES('MJLRQT0010026000000000',#5,$,$,(#689),#700);
#702= IFCCARTESIANPOINT((0.,0.));
#703= IFCDIRECTION((1.,0.));
#704= IFCAXIS2PLACEMENT2D(#702,#703);
#705= IFCRECTANGLEPROFILEDEF(.AREA.,$,#704,0.550,0.550);
#706= IFCCARTESIANPOINT((15.000,10.000,0.000));
#707= IFCDIRECTION((0.,0.,1.));
#708= IFCDIRECTION((1.,0.,0.));
#709= IFCAXIS2PLACEMENT3D(#706,#707,#708);
#710= IFCDIRECTION((0.,0.,1.));
#711= IFCEXTRUDEDAREASOLID(#705,#709,#710,4.000);
#712= IFCSHAPEREPRESENTATION(#10,'Body','SweptSolid',(#711));
#713= IFCPRODUCTDEFINITIONSHAPE($,$,(#712));
#714= IFCLOCALPLACEMENT(#24,#9);
#715= IFCCOLUMN('MJLCOL0010027000000000',#5,'L01 - Column +15/+10',$,$,#714,#713,$);
#716= IFCPROPERTYSINGLEVALUE('AssetReference',$,IFCLABEL('COL-01-027'),$);
#717= IFCPROPERTYSINGLEVALUE('Level',$,IFCLABEL('Level 01'),$);
#718= IFCPROPERTYSINGLEVALUE('System',$,IFCLABEL('Structure'),$);
#719= IFCPROPERTYSINGLEVALUE('Status',$,IFCLABEL('Issued for Coordination'),$);
#720= IFCPROPERTYSINGLEVALUE('FireRating',$,IFCLABEL('120 min'),$);
#721= IFCPROPERTYSET('MJLPSET010027000000000',#5,'Pset_MajalAsset',$,(#716,#717,#718,#719,#720));
#722= IFCRELDEFINESBYPROPERTIES('MJLRPS0010027000000000',#5,$,$,(#715),#721);
#723= IFCQUANTITYAREA('GrossArea',$,$,2.200,$);
#724= IFCQUANTITYVOLUME('GrossVolume',$,$,1.210,$);
#725= IFCQUANTITYCOUNT('Count',$,$,1.,$);
#726= IFCELEMENTQUANTITY('MJLQTO0010027000000000',#5,'BaseQuantities',$,$,(#723,#724,#725));
#727= IFCRELDEFINESBYPROPERTIES('MJLRQT0010027000000000',#5,$,$,(#715),#726);
#728= IFCCARTESIANPOINT((0.,0.));
#729= IFCDIRECTION((1.,0.));
#730= IFCAXIS2PLACEMENT2D(#728,#729);
#731= IFCRECTANGLEPROFILEDEF(.AREA.,$,#730,36.000,0.400);
#732= IFCCARTESIANPOINT((0.000,-10.000,0.000));
#733= IFCDIRECTION((0.,0.,1.));
#734= IFCDIRECTION((1.,0.,0.));
#735= IFCAXIS2PLACEMENT3D(#732,#733,#734);
#736= IFCDIRECTION((0.,0.,1.));
#737= IFCEXTRUDEDAREASOLID(#731,#735,#736,0.650);
#738= IFCSHAPEREPRESENTATION(#10,'Body','SweptSolid',(#737));
#739= IFCPRODUCTDEFINITIONSHAPE($,$,(#738));
#740= IFCLOCALPLACEMENT(#24,#9);
#741= IFCBEAM('MJLBEAM010028000000000',#5,'L01 - Primary beam Y1',$,$,#740,#739,$);
#742= IFCPROPERTYSINGLEVALUE('AssetReference',$,IFCLABEL('BEAM-01-028'),$);
#743= IFCPROPERTYSINGLEVALUE('Level',$,IFCLABEL('Level 01'),$);
#744= IFCPROPERTYSINGLEVALUE('System',$,IFCLABEL('Structure'),$);
#745= IFCPROPERTYSINGLEVALUE('Status',$,IFCLABEL('Issued for Coordination'),$);
#746= IFCPROPERTYSINGLEVALUE('FireRating',$,IFCLABEL('120 min'),$);
#747= IFCPROPERTYSET('MJLPSET010028000000000',#5,'Pset_MajalAsset',$,(#742,#743,#744,#745,#746));
#748= IFCRELDEFINESBYPROPERTIES('MJLRPS0010028000000000',#5,$,$,(#741),#747);
#749= IFCQUANTITYAREA('GrossArea',$,$,23.400,$);
#750= IFCQUANTITYVOLUME('GrossVolume',$,$,9.360,$);
#751= IFCQUANTITYCOUNT('Count',$,$,1.,$);
#752= IFCELEMENTQUANTITY('MJLQTO0010028000000000',#5,'BaseQuantities',$,$,(#749,#750,#751));
#753= IFCRELDEFINESBYPROPERTIES('MJLRQT0010028000000000',#5,$,$,(#741),#752);
#754= IFCCARTESIANPOINT((0.,0.));
#755= IFCDIRECTION((1.,0.));
#756= IFCAXIS2PLACEMENT2D(#754,#755);
#757= IFCRECTANGLEPROFILEDEF(.AREA.,$,#756,36.000,0.400);
#758= IFCCARTESIANPOINT((0.000,0.000,0.000));
#759= IFCDIRECTION((0.,0.,1.));
#760= IFCDIRECTION((1.,0.,0.));
#761= IFCAXIS2PLACEMENT3D(#758,#759,#760);
#762= IFCDIRECTION((0.,0.,1.));
#763= IFCEXTRUDEDAREASOLID(#757,#761,#762,0.650);
#764= IFCSHAPEREPRESENTATION(#10,'Body','SweptSolid',(#763));
#765= IFCPRODUCTDEFINITIONSHAPE($,$,(#764));
#766= IFCLOCALPLACEMENT(#24,#9);
#767= IFCBEAM('MJLBEAM010029000000000',#5,'L01 - Primary beam Y2',$,$,#766,#765,$);
#768= IFCPROPERTYSINGLEVALUE('AssetReference',$,IFCLABEL('BEAM-01-029'),$);
#769= IFCPROPERTYSINGLEVALUE('Level',$,IFCLABEL('Level 01'),$);
#770= IFCPROPERTYSINGLEVALUE('System',$,IFCLABEL('Structure'),$);
#771= IFCPROPERTYSINGLEVALUE('Status',$,IFCLABEL('Issued for Coordination'),$);
#772= IFCPROPERTYSINGLEVALUE('FireRating',$,IFCLABEL('120 min'),$);
#773= IFCPROPERTYSET('MJLPSET010029000000000',#5,'Pset_MajalAsset',$,(#768,#769,#770,#771,#772));
#774= IFCRELDEFINESBYPROPERTIES('MJLRPS0010029000000000',#5,$,$,(#767),#773);
#775= IFCQUANTITYAREA('GrossArea',$,$,23.400,$);
#776= IFCQUANTITYVOLUME('GrossVolume',$,$,9.360,$);
#777= IFCQUANTITYCOUNT('Count',$,$,1.,$);
#778= IFCELEMENTQUANTITY('MJLQTO0010029000000000',#5,'BaseQuantities',$,$,(#775,#776,#777));
#779= IFCRELDEFINESBYPROPERTIES('MJLRQT0010029000000000',#5,$,$,(#767),#778);
#780= IFCCARTESIANPOINT((0.,0.));
#781= IFCDIRECTION((1.,0.));
#782= IFCAXIS2PLACEMENT2D(#780,#781);
#783= IFCRECTANGLEPROFILEDEF(.AREA.,$,#782,36.000,0.400);
#784= IFCCARTESIANPOINT((0.000,10.000,0.000));
#785= IFCDIRECTION((0.,0.,1.));
#786= IFCDIRECTION((1.,0.,0.));
#787= IFCAXIS2PLACEMENT3D(#784,#785,#786);
#788= IFCDIRECTION((0.,0.,1.));
#789= IFCEXTRUDEDAREASOLID(#783,#787,#788,0.650);
#790= IFCSHAPEREPRESENTATION(#10,'Body','SweptSolid',(#789));
#791= IFCPRODUCTDEFINITIONSHAPE($,$,(#790));
#792= IFCLOCALPLACEMENT(#24,#9);
#793= IFCBEAM('MJLBEAM010030000000000',#5,'L01 - Primary beam Y3',$,$,#792,#791,$);
#794= IFCPROPERTYSINGLEVALUE('AssetReference',$,IFCLABEL('BEAM-01-030'),$);
#795= IFCPROPERTYSINGLEVALUE('Level',$,IFCLABEL('Level 01'),$);
#796= IFCPROPERTYSINGLEVALUE('System',$,IFCLABEL('Structure'),$);
#797= IFCPROPERTYSINGLEVALUE('Status',$,IFCLABEL('Issued for Coordination'),$);
#798= IFCPROPERTYSINGLEVALUE('FireRating',$,IFCLABEL('120 min'),$);
#799= IFCPROPERTYSET('MJLPSET010030000000000',#5,'Pset_MajalAsset',$,(#794,#795,#796,#797,#798));
#800= IFCRELDEFINESBYPROPERTIES('MJLRPS0010030000000000',#5,$,$,(#793),#799);
#801= IFCQUANTITYAREA('GrossArea',$,$,23.400,$);
#802= IFCQUANTITYVOLUME('GrossVolume',$,$,9.360,$);
#803= IFCQUANTITYCOUNT('Count',$,$,1.,$);
#804= IFCELEMENTQUANTITY('MJLQTO0010030000000000',#5,'BaseQuantities',$,$,(#801,#802,#803));
#805= IFCRELDEFINESBYPROPERTIES('MJLRQT0010030000000000',#5,$,$,(#793),#804);
#806= IFCCARTESIANPOINT((0.,0.));
#807= IFCDIRECTION((1.,0.));
#808= IFCAXIS2PLACEMENT2D(#806,#807);
#809= IFCRECTANGLEPROFILEDEF(.AREA.,$,#808,0.400,26.000);
#810= IFCCARTESIANPOINT((-15.000,0.000,0.000));
#811= IFCDIRECTION((0.,0.,1.));
#812= IFCDIRECTION((1.,0.,0.));
#813= IFCAXIS2PLACEMENT3D(#810,#811,#812);
#814= IFCDIRECTION((0.,0.,1.));
#815= IFCEXTRUDEDAREASOLID(#809,#813,#814,0.550);
#816= IFCSHAPEREPRESENTATION(#10,'Body','SweptSolid',(#815));
#817= IFCPRODUCTDEFINITIONSHAPE($,$,(#816));
#818= IFCLOCALPLACEMENT(#24,#9);
#819= IFCBEAM('MJLBEAM010031000000000',#5,'L01 - Secondary beam X1',$,$,#818,#817,$);
#820= IFCPROPERTYSINGLEVALUE('AssetReference',$,IFCLABEL('BEAM-01-031'),$);
#821= IFCPROPERTYSINGLEVALUE('Level',$,IFCLABEL('Level 01'),$);
#822= IFCPROPERTYSINGLEVALUE('System',$,IFCLABEL('Structure'),$);
#823= IFCPROPERTYSINGLEVALUE('Status',$,IFCLABEL('Issued for Coordination'),$);
#824= IFCPROPERTYSINGLEVALUE('FireRating',$,IFCLABEL('120 min'),$);
#825= IFCPROPERTYSET('MJLPSET010031000000000',#5,'Pset_MajalAsset',$,(#820,#821,#822,#823,#824));
#826= IFCRELDEFINESBYPROPERTIES('MJLRPS0010031000000000',#5,$,$,(#819),#825);
#827= IFCQUANTITYAREA('GrossArea',$,$,10.400,$);
#828= IFCQUANTITYVOLUME('GrossVolume',$,$,5.720,$);
#829= IFCQUANTITYCOUNT('Count',$,$,1.,$);
#830= IFCELEMENTQUANTITY('MJLQTO0010031000000000',#5,'BaseQuantities',$,$,(#827,#828,#829));
#831= IFCRELDEFINESBYPROPERTIES('MJLRQT0010031000000000',#5,$,$,(#819),#830);
#832= IFCCARTESIANPOINT((0.,0.));
#833= IFCDIRECTION((1.,0.));
#834= IFCAXIS2PLACEMENT2D(#832,#833);
#835= IFCRECTANGLEPROFILEDEF(.AREA.,$,#834,0.400,26.000);
#836= IFCCARTESIANPOINT((-5.000,0.000,0.000));
#837= IFCDIRECTION((0.,0.,1.));
#838= IFCDIRECTION((1.,0.,0.));
#839= IFCAXIS2PLACEMENT3D(#836,#837,#838);
#840= IFCDIRECTION((0.,0.,1.));
#841= IFCEXTRUDEDAREASOLID(#835,#839,#840,0.550);
#842= IFCSHAPEREPRESENTATION(#10,'Body','SweptSolid',(#841));
#843= IFCPRODUCTDEFINITIONSHAPE($,$,(#842));
#844= IFCLOCALPLACEMENT(#24,#9);
#845= IFCBEAM('MJLBEAM010032000000000',#5,'L01 - Secondary beam X2',$,$,#844,#843,$);
#846= IFCPROPERTYSINGLEVALUE('AssetReference',$,IFCLABEL('BEAM-01-032'),$);
#847= IFCPROPERTYSINGLEVALUE('Level',$,IFCLABEL('Level 01'),$);
#848= IFCPROPERTYSINGLEVALUE('System',$,IFCLABEL('Structure'),$);
#849= IFCPROPERTYSINGLEVALUE('Status',$,IFCLABEL('Issued for Coordination'),$);
#850= IFCPROPERTYSINGLEVALUE('FireRating',$,IFCLABEL('120 min'),$);
#851= IFCPROPERTYSET('MJLPSET010032000000000',#5,'Pset_MajalAsset',$,(#846,#847,#848,#849,#850));
#852= IFCRELDEFINESBYPROPERTIES('MJLRPS0010032000000000',#5,$,$,(#845),#851);
#853= IFCQUANTITYAREA('GrossArea',$,$,10.400,$);
#854= IFCQUANTITYVOLUME('GrossVolume',$,$,5.720,$);
#855= IFCQUANTITYCOUNT('Count',$,$,1.,$);
#856= IFCELEMENTQUANTITY('MJLQTO0010032000000000',#5,'BaseQuantities',$,$,(#853,#854,#855));
#857= IFCRELDEFINESBYPROPERTIES('MJLRQT0010032000000000',#5,$,$,(#845),#856);
#858= IFCCARTESIANPOINT((0.,0.));
#859= IFCDIRECTION((1.,0.));
#860= IFCAXIS2PLACEMENT2D(#858,#859);
#861= IFCRECTANGLEPROFILEDEF(.AREA.,$,#860,0.400,26.000);
#862= IFCCARTESIANPOINT((5.000,0.000,0.000));
#863= IFCDIRECTION((0.,0.,1.));
#864= IFCDIRECTION((1.,0.,0.));
#865= IFCAXIS2PLACEMENT3D(#862,#863,#864);
#866= IFCDIRECTION((0.,0.,1.));
#867= IFCEXTRUDEDAREASOLID(#861,#865,#866,0.550);
#868= IFCSHAPEREPRESENTATION(#10,'Body','SweptSolid',(#867));
#869= IFCPRODUCTDEFINITIONSHAPE($,$,(#868));
#870= IFCLOCALPLACEMENT(#24,#9);
#871= IFCBEAM('MJLBEAM010033000000000',#5,'L01 - Secondary beam X3',$,$,#870,#869,$);
#872= IFCPROPERTYSINGLEVALUE('AssetReference',$,IFCLABEL('BEAM-01-033'),$);
#873= IFCPROPERTYSINGLEVALUE('Level',$,IFCLABEL('Level 01'),$);
#874= IFCPROPERTYSINGLEVALUE('System',$,IFCLABEL('Structure'),$);
#875= IFCPROPERTYSINGLEVALUE('Status',$,IFCLABEL('Issued for Coordination'),$);
#876= IFCPROPERTYSINGLEVALUE('FireRating',$,IFCLABEL('120 min'),$);
#877= IFCPROPERTYSET('MJLPSET010033000000000',#5,'Pset_MajalAsset',$,(#872,#873,#874,#875,#876));
#878= IFCRELDEFINESBYPROPERTIES('MJLRPS0010033000000000',#5,$,$,(#871),#877);
#879= IFCQUANTITYAREA('GrossArea',$,$,10.400,$);
#880= IFCQUANTITYVOLUME('GrossVolume',$,$,5.720,$);
#881= IFCQUANTITYCOUNT('Count',$,$,1.,$);
#882= IFCELEMENTQUANTITY('MJLQTO0010033000000000',#5,'BaseQuantities',$,$,(#879,#880,#881));
#883= IFCRELDEFINESBYPROPERTIES('MJLRQT0010033000000000',#5,$,$,(#871),#882);
#884= IFCCARTESIANPOINT((0.,0.));
#885= IFCDIRECTION((1.,0.));
#886= IFCAXIS2PLACEMENT2D(#884,#885);
#887= IFCRECTANGLEPROFILEDEF(.AREA.,$,#886,0.400,26.000);
#888= IFCCARTESIANPOINT((15.000,0.000,0.000));
#889= IFCDIRECTION((0.,0.,1.));
#890= IFCDIRECTION((1.,0.,0.));
#891= IFCAXIS2PLACEMENT3D(#888,#889,#890);
#892= IFCDIRECTION((0.,0.,1.));
#893= IFCEXTRUDEDAREASOLID(#887,#891,#892,0.550);
#894= IFCSHAPEREPRESENTATION(#10,'Body','SweptSolid',(#893));
#895= IFCPRODUCTDEFINITIONSHAPE($,$,(#894));
#896= IFCLOCALPLACEMENT(#24,#9);
#897= IFCBEAM('MJLBEAM010034000000000',#5,'L01 - Secondary beam X4',$,$,#896,#895,$);
#898= IFCPROPERTYSINGLEVALUE('AssetReference',$,IFCLABEL('BEAM-01-034'),$);
#899= IFCPROPERTYSINGLEVALUE('Level',$,IFCLABEL('Level 01'),$);
#900= IFCPROPERTYSINGLEVALUE('System',$,IFCLABEL('Structure'),$);
#901= IFCPROPERTYSINGLEVALUE('Status',$,IFCLABEL('Issued for Coordination'),$);
#902= IFCPROPERTYSINGLEVALUE('FireRating',$,IFCLABEL('120 min'),$);
#903= IFCPROPERTYSET('MJLPSET010034000000000',#5,'Pset_MajalAsset',$,(#898,#899,#900,#901,#902));
#904= IFCRELDEFINESBYPROPERTIES('MJLRPS0010034000000000',#5,$,$,(#897),#903);
#905= IFCQUANTITYAREA('GrossArea',$,$,10.400,$);
#906= IFCQUANTITYVOLUME('GrossVolume',$,$,5.720,$);
#907= IFCQUANTITYCOUNT('Count',$,$,1.,$);
#908= IFCELEMENTQUANTITY('MJLQTO0010034000000000',#5,'BaseQuantities',$,$,(#905,#906,#907));
#909= IFCRELDEFINESBYPROPERTIES('MJLRQT0010034000000000',#5,$,$,(#897),#908);
#910= IFCCARTESIANPOINT((0.,0.));
#911= IFCDIRECTION((1.,0.));
#912= IFCAXIS2PLACEMENT2D(#910,#911);
#913= IFCRECTANGLEPROFILEDEF(.AREA.,$,#912,3.600,0.100);
#914= IFCCARTESIANPOINT((-14.000,12.720,0.000));
#915= IFCDIRECTION((0.,0.,1.));
#916= IFCDIRECTION((1.,0.,0.));
#917= IFCAXIS2PLACEMENT3D(#914,#915,#916);
#918= IFCDIRECTION((0.,0.,1.));
#919= IFCEXTRUDEDAREASOLID(#913,#917,#918,3.350);
#920= IFCSHAPEREPRESENTATION(#10,'Body','SweptSolid',(#919));
#921= IFCPRODUCTDEFINITIONSHAPE($,$,(#920));
#922= IFCLOCALPLACEMENT(#24,#9);
#923= IFCBUILDINGELEMENTPROXY('MJLGLAZ010035000000000',#5,'L01 - Curtain panel 01',$,$,#922,#921,$);
#924= IFCPROPERTYSINGLEVALUE('AssetReference',$,IFCLABEL('GLAZ-01-035'),$);
#925= IFCPROPERTYSINGLEVALUE('Level',$,IFCLABEL('Level 01'),$);
#926= IFCPROPERTYSINGLEVALUE('System',$,IFCLABEL('Facade'),$);
#927= IFCPROPERTYSINGLEVALUE('Status',$,IFCLABEL('Issued for Coordination'),$);
#928= IFCPROPERTYSINGLEVALUE('FireRating',$,IFCLABEL('60 min'),$);
#929= IFCPROPERTYSET('MJLPSET010035000000000',#5,'Pset_MajalAsset',$,(#924,#925,#926,#927,#928));
#930= IFCRELDEFINESBYPROPERTIES('MJLRPS0010035000000000',#5,$,$,(#923),#929);
#931= IFCQUANTITYAREA('GrossArea',$,$,12.060,$);
#932= IFCQUANTITYVOLUME('GrossVolume',$,$,1.206,$);
#933= IFCQUANTITYCOUNT('Count',$,$,1.,$);
#934= IFCELEMENTQUANTITY('MJLQTO0010035000000000',#5,'BaseQuantities',$,$,(#931,#932,#933));
#935= IFCRELDEFINESBYPROPERTIES('MJLRQT0010035000000000',#5,$,$,(#923),#934);
#936= IFCCARTESIANPOINT((0.,0.));
#937= IFCDIRECTION((1.,0.));
#938= IFCAXIS2PLACEMENT2D(#936,#937);
#939= IFCRECTANGLEPROFILEDEF(.AREA.,$,#938,3.600,0.100);
#940= IFCCARTESIANPOINT((-10.000,12.720,0.000));
#941= IFCDIRECTION((0.,0.,1.));
#942= IFCDIRECTION((1.,0.,0.));
#943= IFCAXIS2PLACEMENT3D(#940,#941,#942);
#944= IFCDIRECTION((0.,0.,1.));
#945= IFCEXTRUDEDAREASOLID(#939,#943,#944,3.350);
#946= IFCSHAPEREPRESENTATION(#10,'Body','SweptSolid',(#945));
#947= IFCPRODUCTDEFINITIONSHAPE($,$,(#946));
#948= IFCLOCALPLACEMENT(#24,#9);
#949= IFCBUILDINGELEMENTPROXY('MJLGLAZ010036000000000',#5,'L01 - Curtain panel 02',$,$,#948,#947,$);
#950= IFCPROPERTYSINGLEVALUE('AssetReference',$,IFCLABEL('GLAZ-01-036'),$);
#951= IFCPROPERTYSINGLEVALUE('Level',$,IFCLABEL('Level 01'),$);
#952= IFCPROPERTYSINGLEVALUE('System',$,IFCLABEL('Facade'),$);
#953= IFCPROPERTYSINGLEVALUE('Status',$,IFCLABEL('Issued for Coordination'),$);
#954= IFCPROPERTYSINGLEVALUE('FireRating',$,IFCLABEL('60 min'),$);
#955= IFCPROPERTYSET('MJLPSET010036000000000',#5,'Pset_MajalAsset',$,(#950,#951,#952,#953,#954));
#956= IFCRELDEFINESBYPROPERTIES('MJLRPS0010036000000000',#5,$,$,(#949),#955);
#957= IFCQUANTITYAREA('GrossArea',$,$,12.060,$);
#958= IFCQUANTITYVOLUME('GrossVolume',$,$,1.206,$);
#959= IFCQUANTITYCOUNT('Count',$,$,1.,$);
#960= IFCELEMENTQUANTITY('MJLQTO0010036000000000',#5,'BaseQuantities',$,$,(#957,#958,#959));
#961= IFCRELDEFINESBYPROPERTIES('MJLRQT0010036000000000',#5,$,$,(#949),#960);
#962= IFCCARTESIANPOINT((0.,0.));
#963= IFCDIRECTION((1.,0.));
#964= IFCAXIS2PLACEMENT2D(#962,#963);
#965= IFCRECTANGLEPROFILEDEF(.AREA.,$,#964,3.600,0.100);
#966= IFCCARTESIANPOINT((-6.000,12.720,0.000));
#967= IFCDIRECTION((0.,0.,1.));
#968= IFCDIRECTION((1.,0.,0.));
#969= IFCAXIS2PLACEMENT3D(#966,#967,#968);
#970= IFCDIRECTION((0.,0.,1.));
#971= IFCEXTRUDEDAREASOLID(#965,#969,#970,3.350);
#972= IFCSHAPEREPRESENTATION(#10,'Body','SweptSolid',(#971));
#973= IFCPRODUCTDEFINITIONSHAPE($,$,(#972));
#974= IFCLOCALPLACEMENT(#24,#9);
#975= IFCBUILDINGELEMENTPROXY('MJLGLAZ010037000000000',#5,'L01 - Curtain panel 03',$,$,#974,#973,$);
#976= IFCPROPERTYSINGLEVALUE('AssetReference',$,IFCLABEL('GLAZ-01-037'),$);
#977= IFCPROPERTYSINGLEVALUE('Level',$,IFCLABEL('Level 01'),$);
#978= IFCPROPERTYSINGLEVALUE('System',$,IFCLABEL('Facade'),$);
#979= IFCPROPERTYSINGLEVALUE('Status',$,IFCLABEL('Issued for Coordination'),$);
#980= IFCPROPERTYSINGLEVALUE('FireRating',$,IFCLABEL('60 min'),$);
#981= IFCPROPERTYSET('MJLPSET010037000000000',#5,'Pset_MajalAsset',$,(#976,#977,#978,#979,#980));
#982= IFCRELDEFINESBYPROPERTIES('MJLRPS0010037000000000',#5,$,$,(#975),#981);
#983= IFCQUANTITYAREA('GrossArea',$,$,12.060,$);
#984= IFCQUANTITYVOLUME('GrossVolume',$,$,1.206,$);
#985= IFCQUANTITYCOUNT('Count',$,$,1.,$);
#986= IFCELEMENTQUANTITY('MJLQTO0010037000000000',#5,'BaseQuantities',$,$,(#983,#984,#985));
#987= IFCRELDEFINESBYPROPERTIES('MJLRQT0010037000000000',#5,$,$,(#975),#986);
#988= IFCCARTESIANPOINT((0.,0.));
#989= IFCDIRECTION((1.,0.));
#990= IFCAXIS2PLACEMENT2D(#988,#989);
#991= IFCRECTANGLEPROFILEDEF(.AREA.,$,#990,3.600,0.100);
#992= IFCCARTESIANPOINT((-2.000,12.720,0.000));
#993= IFCDIRECTION((0.,0.,1.));
#994= IFCDIRECTION((1.,0.,0.));
#995= IFCAXIS2PLACEMENT3D(#992,#993,#994);
#996= IFCDIRECTION((0.,0.,1.));
#997= IFCEXTRUDEDAREASOLID(#991,#995,#996,3.350);
#998= IFCSHAPEREPRESENTATION(#10,'Body','SweptSolid',(#997));
#999= IFCPRODUCTDEFINITIONSHAPE($,$,(#998));
#1000= IFCLOCALPLACEMENT(#24,#9);
#1001= IFCBUILDINGELEMENTPROXY('MJLGLAZ010038000000000',#5,'L01 - Curtain panel 04',$,$,#1000,#999,$);
#1002= IFCPROPERTYSINGLEVALUE('AssetReference',$,IFCLABEL('GLAZ-01-038'),$);
#1003= IFCPROPERTYSINGLEVALUE('Level',$,IFCLABEL('Level 01'),$);
#1004= IFCPROPERTYSINGLEVALUE('System',$,IFCLABEL('Facade'),$);
#1005= IFCPROPERTYSINGLEVALUE('Status',$,IFCLABEL('Issued for Coordination'),$);
#1006= IFCPROPERTYSINGLEVALUE('FireRating',$,IFCLABEL('60 min'),$);
#1007= IFCPROPERTYSET('MJLPSET010038000000000',#5,'Pset_MajalAsset',$,(#1002,#1003,#1004,#1005,#1006));
#1008= IFCRELDEFINESBYPROPERTIES('MJLRPS0010038000000000',#5,$,$,(#1001),#1007);
#1009= IFCQUANTITYAREA('GrossArea',$,$,12.060,$);
#1010= IFCQUANTITYVOLUME('GrossVolume',$,$,1.206,$);
#1011= IFCQUANTITYCOUNT('Count',$,$,1.,$);
#1012= IFCELEMENTQUANTITY('MJLQTO0010038000000000',#5,'BaseQuantities',$,$,(#1009,#1010,#1011));
#1013= IFCRELDEFINESBYPROPERTIES('MJLRQT0010038000000000',#5,$,$,(#1001),#1012);
#1014= IFCCARTESIANPOINT((0.,0.));
#1015= IFCDIRECTION((1.,0.));
#1016= IFCAXIS2PLACEMENT2D(#1014,#1015);
#1017= IFCRECTANGLEPROFILEDEF(.AREA.,$,#1016,3.600,0.100);
#1018= IFCCARTESIANPOINT((2.000,12.720,0.000));
#1019= IFCDIRECTION((0.,0.,1.));
#1020= IFCDIRECTION((1.,0.,0.));
#1021= IFCAXIS2PLACEMENT3D(#1018,#1019,#1020);
#1022= IFCDIRECTION((0.,0.,1.));
#1023= IFCEXTRUDEDAREASOLID(#1017,#1021,#1022,3.350);
#1024= IFCSHAPEREPRESENTATION(#10,'Body','SweptSolid',(#1023));
#1025= IFCPRODUCTDEFINITIONSHAPE($,$,(#1024));
#1026= IFCLOCALPLACEMENT(#24,#9);
#1027= IFCBUILDINGELEMENTPROXY('MJLGLAZ010039000000000',#5,'L01 - Curtain panel 05',$,$,#1026,#1025,$);
#1028= IFCPROPERTYSINGLEVALUE('AssetReference',$,IFCLABEL('GLAZ-01-039'),$);
#1029= IFCPROPERTYSINGLEVALUE('Level',$,IFCLABEL('Level 01'),$);
#1030= IFCPROPERTYSINGLEVALUE('System',$,IFCLABEL('Facade'),$);
#1031= IFCPROPERTYSINGLEVALUE('Status',$,IFCLABEL('Issued for Coordination'),$);
#1032= IFCPROPERTYSINGLEVALUE('FireRating',$,IFCLABEL('60 min'),$);
#1033= IFCPROPERTYSET('MJLPSET010039000000000',#5,'Pset_MajalAsset',$,(#1028,#1029,#1030,#1031,#1032));
#1034= IFCRELDEFINESBYPROPERTIES('MJLRPS0010039000000000',#5,$,$,(#1027),#1033);
#1035= IFCQUANTITYAREA('GrossArea',$,$,12.060,$);
#1036= IFCQUANTITYVOLUME('GrossVolume',$,$,1.206,$);
#1037= IFCQUANTITYCOUNT('Count',$,$,1.,$);
#1038= IFCELEMENTQUANTITY('MJLQTO0010039000000000',#5,'BaseQuantities',$,$,(#1035,#1036,#1037));
#1039= IFCRELDEFINESBYPROPERTIES('MJLRQT0010039000000000',#5,$,$,(#1027),#1038);
#1040= IFCCARTESIANPOINT((0.,0.));
#1041= IFCDIRECTION((1.,0.));
#1042= IFCAXIS2PLACEMENT2D(#1040,#1041);
#1043= IFCRECTANGLEPROFILEDEF(.AREA.,$,#1042,3.600,0.100);
#1044= IFCCARTESIANPOINT((6.000,12.720,0.000));
#1045= IFCDIRECTION((0.,0.,1.));
#1046= IFCDIRECTION((1.,0.,0.));
#1047= IFCAXIS2PLACEMENT3D(#1044,#1045,#1046);
#1048= IFCDIRECTION((0.,0.,1.));
#1049= IFCEXTRUDEDAREASOLID(#1043,#1047,#1048,3.350);
#1050= IFCSHAPEREPRESENTATION(#10,'Body','SweptSolid',(#1049));
#1051= IFCPRODUCTDEFINITIONSHAPE($,$,(#1050));
#1052= IFCLOCALPLACEMENT(#24,#9);
#1053= IFCBUILDINGELEMENTPROXY('MJLGLAZ010040000000000',#5,'L01 - Curtain panel 06',$,$,#1052,#1051,$);
#1054= IFCPROPERTYSINGLEVALUE('AssetReference',$,IFCLABEL('GLAZ-01-040'),$);
#1055= IFCPROPERTYSINGLEVALUE('Level',$,IFCLABEL('Level 01'),$);
#1056= IFCPROPERTYSINGLEVALUE('System',$,IFCLABEL('Facade'),$);
#1057= IFCPROPERTYSINGLEVALUE('Status',$,IFCLABEL('Issued for Coordination'),$);
#1058= IFCPROPERTYSINGLEVALUE('FireRating',$,IFCLABEL('60 min'),$);
#1059= IFCPROPERTYSET('MJLPSET010040000000000',#5,'Pset_MajalAsset',$,(#1054,#1055,#1056,#1057,#1058));
#1060= IFCRELDEFINESBYPROPERTIES('MJLRPS0010040000000000',#5,$,$,(#1053),#1059);
#1061= IFCQUANTITYAREA('GrossArea',$,$,12.060,$);
#1062= IFCQUANTITYVOLUME('GrossVolume',$,$,1.206,$);
#1063= IFCQUANTITYCOUNT('Count',$,$,1.,$);
#1064= IFCELEMENTQUANTITY('MJLQTO0010040000000000',#5,'BaseQuantities',$,$,(#1061,#1062,#1063));
#1065= IFCRELDEFINESBYPROPERTIES('MJLRQT0010040000000000',#5,$,$,(#1053),#1064);
#1066= IFCCARTESIANPOINT((0.,0.));
#1067= IFCDIRECTION((1.,0.));
#1068= IFCAXIS2PLACEMENT2D(#1066,#1067);
#1069= IFCRECTANGLEPROFILEDEF(.AREA.,$,#1068,3.600,0.100);
#1070= IFCCARTESIANPOINT((10.000,12.720,0.000));
#1071= IFCDIRECTION((0.,0.,1.));
#1072= IFCDIRECTION((1.,0.,0.));
#1073= IFCAXIS2PLACEMENT3D(#1070,#1071,#1072);
#1074= IFCDIRECTION((0.,0.,1.));
#1075= IFCEXTRUDEDAREASOLID(#1069,#1073,#1074,3.350);
#1076= IFCSHAPEREPRESENTATION(#10,'Body','SweptSolid',(#1075));
#1077= IFCPRODUCTDEFINITIONSHAPE($,$,(#1076));
#1078= IFCLOCALPLACEMENT(#24,#9);
#1079= IFCBUILDINGELEMENTPROXY('MJLGLAZ010041000000000',#5,'L01 - Curtain panel 07',$,$,#1078,#1077,$);
#1080= IFCPROPERTYSINGLEVALUE('AssetReference',$,IFCLABEL('GLAZ-01-041'),$);
#1081= IFCPROPERTYSINGLEVALUE('Level',$,IFCLABEL('Level 01'),$);
#1082= IFCPROPERTYSINGLEVALUE('System',$,IFCLABEL('Facade'),$);
#1083= IFCPROPERTYSINGLEVALUE('Status',$,IFCLABEL('Issued for Coordination'),$);
#1084= IFCPROPERTYSINGLEVALUE('FireRating',$,IFCLABEL('60 min'),$);
#1085= IFCPROPERTYSET('MJLPSET010041000000000',#5,'Pset_MajalAsset',$,(#1080,#1081,#1082,#1083,#1084));
#1086= IFCRELDEFINESBYPROPERTIES('MJLRPS0010041000000000',#5,$,$,(#1079),#1085);
#1087= IFCQUANTITYAREA('GrossArea',$,$,12.060,$);
#1088= IFCQUANTITYVOLUME('GrossVolume',$,$,1.206,$);
#1089= IFCQUANTITYCOUNT('Count',$,$,1.,$);
#1090= IFCELEMENTQUANTITY('MJLQTO0010041000000000',#5,'BaseQuantities',$,$,(#1087,#1088,#1089));
#1091= IFCRELDEFINESBYPROPERTIES('MJLRQT0010041000000000',#5,$,$,(#1079),#1090);
#1092= IFCCARTESIANPOINT((0.,0.));
#1093= IFCDIRECTION((1.,0.));
#1094= IFCAXIS2PLACEMENT2D(#1092,#1093);
#1095= IFCRECTANGLEPROFILEDEF(.AREA.,$,#1094,3.600,0.100);
#1096= IFCCARTESIANPOINT((14.000,12.720,0.000));
#1097= IFCDIRECTION((0.,0.,1.));
#1098= IFCDIRECTION((1.,0.,0.));
#1099= IFCAXIS2PLACEMENT3D(#1096,#1097,#1098);
#1100= IFCDIRECTION((0.,0.,1.));
#1101= IFCEXTRUDEDAREASOLID(#1095,#1099,#1100,3.350);
#1102= IFCSHAPEREPRESENTATION(#10,'Body','SweptSolid',(#1101));
#1103= IFCPRODUCTDEFINITIONSHAPE($,$,(#1102));
#1104= IFCLOCALPLACEMENT(#24,#9);
#1105= IFCBUILDINGELEMENTPROXY('MJLGLAZ010042000000000',#5,'L01 - Curtain panel 08',$,$,#1104,#1103,$);
#1106= IFCPROPERTYSINGLEVALUE('AssetReference',$,IFCLABEL('GLAZ-01-042'),$);
#1107= IFCPROPERTYSINGLEVALUE('Level',$,IFCLABEL('Level 01'),$);
#1108= IFCPROPERTYSINGLEVALUE('System',$,IFCLABEL('Facade'),$);
#1109= IFCPROPERTYSINGLEVALUE('Status',$,IFCLABEL('Issued for Coordination'),$);
#1110= IFCPROPERTYSINGLEVALUE('FireRating',$,IFCLABEL('60 min'),$);
#1111= IFCPROPERTYSET('MJLPSET010042000000000',#5,'Pset_MajalAsset',$,(#1106,#1107,#1108,#1109,#1110));
#1112= IFCRELDEFINESBYPROPERTIES('MJLRPS0010042000000000',#5,$,$,(#1105),#1111);
#1113= IFCQUANTITYAREA('GrossArea',$,$,12.060,$);
#1114= IFCQUANTITYVOLUME('GrossVolume',$,$,1.206,$);
#1115= IFCQUANTITYCOUNT('Count',$,$,1.,$);
#1116= IFCELEMENTQUANTITY('MJLQTO0010042000000000',#5,'BaseQuantities',$,$,(#1113,#1114,#1115));
#1117= IFCRELDEFINESBYPROPERTIES('MJLRQT0010042000000000',#5,$,$,(#1105),#1116);
#1118= IFCCARTESIANPOINT((0.,0.));
#1119= IFCDIRECTION((1.,0.));
#1120= IFCAXIS2PLACEMENT2D(#1118,#1119);
#1121= IFCRECTANGLEPROFILEDEF(.AREA.,$,#1120,2.400,0.180);
#1122= IFCCARTESIANPOINT((0.000,-12.680,0.000));
#1123= IFCDIRECTION((0.,0.,1.));
#1124= IFCDIRECTION((1.,0.,0.));
#1125= IFCAXIS2PLACEMENT3D(#1122,#1123,#1124);
#1126= IFCDIRECTION((0.,0.,1.));
#1127= IFCEXTRUDEDAREASOLID(#1121,#1125,#1126,3.100);
#1128= IFCSHAPEREPRESENTATION(#10,'Body','SweptSolid',(#1127));
#1129= IFCPRODUCTDEFINITIONSHAPE($,$,(#1128));
#1130= IFCLOCALPLACEMENT(#24,#9);
#1131= IFCBUILDINGELEMENTPROXY('MJLDOOR010043000000000',#5,'L01 - Main lobby door',$,$,#1130,#1129,$);
#1132= IFCPROPERTYSINGLEVALUE('AssetReference',$,IFCLABEL('DOOR-01-043'),$);
#1133= IFCPROPERTYSINGLEVALUE('Level',$,IFCLABEL('Level 01'),$);
#1134= IFCPROPERTYSINGLEVALUE('System',$,IFCLABEL('Architecture'),$);
#1135= IFCPROPERTYSINGLEVALUE('Status',$,IFCLABEL('Issued for Coordination'),$);
#1136= IFCPROPERTYSINGLEVALUE('FireRating',$,IFCLABEL('60 min'),$);
#1137= IFCPROPERTYSET('MJLPSET010043000000000',#5,'Pset_MajalAsset',$,(#1132,#1133,#1134,#1135,#1136));
#1138= IFCRELDEFINESBYPROPERTIES('MJLRPS0010043000000000',#5,$,$,(#1131),#1137);
#1139= IFCQUANTITYAREA('GrossArea',$,$,7.440,$);
#1140= IFCQUANTITYVOLUME('GrossVolume',$,$,1.339,$);
#1141= IFCQUANTITYCOUNT('Count',$,$,1.,$);
#1142= IFCELEMENTQUANTITY('MJLQTO0010043000000000',#5,'BaseQuantities',$,$,(#1139,#1140,#1141));
#1143= IFCRELDEFINESBYPROPERTIES('MJLRQT0010043000000000',#5,$,$,(#1131),#1142);
#1144= IFCCARTESIANPOINT((0.,0.));
#1145= IFCDIRECTION((1.,0.));
#1146= IFCAXIS2PLACEMENT2D(#1144,#1145);
#1147= IFCRECTANGLEPROFILEDEF(.AREA.,$,#1146,3.000,6.000);
#1148= IFCCARTESIANPOINT((-6.500,0.000,0.000));
#1149= IFCDIRECTION((0.,0.,1.));
#1150= IFCDIRECTION((1.,0.,0.));
#1151= IFCAXIS2PLACEMENT3D(#1148,#1149,#1150);
#1152= IFCDIRECTION((0.,0.,1.));
#1153= IFCEXTRUDEDAREASOLID(#1147,#1151,#1152,3.800);
#1154= IFCSHAPEREPRESENTATION(#10,'Body','SweptSolid',(#1153));
#1155= IFCPRODUCTDEFINITIONSHAPE($,$,(#1154));
#1156= IFCLOCALPLACEMENT(#24,#9);
#1157= IFCBUILDINGELEMENTPROXY('MJLSTR0010044000000000',#5,'L01 - Fire stair flight',$,$,#1156,#1155,$);
#1158= IFCPROPERTYSINGLEVALUE('AssetReference',$,IFCLABEL('STR-01-044'),$);
#1159= IFCPROPERTYSINGLEVALUE('Level',$,IFCLABEL('Level 01'),$);
#1160= IFCPROPERTYSINGLEVALUE('System',$,IFCLABEL('Architecture'),$);
#1161= IFCPROPERTYSINGLEVALUE('Status',$,IFCLABEL('Issued for Coordination'),$);
#1162= IFCPROPERTYSINGLEVALUE('FireRating',$,IFCLABEL('60 min'),$);
#1163= IFCPROPERTYSET('MJLPSET010044000000000',#5,'Pset_MajalAsset',$,(#1158,#1159,#1160,#1161,#1162));
#1164= IFCRELDEFINESBYPROPERTIES('MJLRPS0010044000000000',#5,$,$,(#1157),#1163);
#1165= IFCQUANTITYAREA('GrossArea',$,$,18.000,$);
#1166= IFCQUANTITYVOLUME('GrossVolume',$,$,68.400,$);
#1167= IFCQUANTITYCOUNT('Count',$,$,1.,$);
#1168= IFCELEMENTQUANTITY('MJLQTO0010044000000000',#5,'BaseQuantities',$,$,(#1165,#1166,#1167));
#1169= IFCRELDEFINESBYPROPERTIES('MJLRQT0010044000000000',#5,$,$,(#1157),#1168);
#1170= IFCCARTESIANPOINT((0.,0.));
#1171= IFCDIRECTION((1.,0.));
#1172= IFCAXIS2PLACEMENT2D(#1170,#1171);
#1173= IFCRECTANGLEPROFILEDEF(.AREA.,$,#1172,28.000,0.650);
#1174= IFCCARTESIANPOINT((0.000,7.500,0.000));
#1175= IFCDIRECTION((0.,0.,1.));
#1176= IFCDIRECTION((1.,0.,0.));
#1177= IFCAXIS2PLACEMENT3D(#1174,#1175,#1176);
#1178= IFCDIRECTION((0.,0.,1.));
#1179= IFCEXTRUDEDAREASOLID(#1173,#1177,#1178,0.550);
#1180= IFCSHAPEREPRESENTATION(#10,'Body','SweptSolid',(#1179));
#1181= IFCPRODUCTDEFINITIONSHAPE($,$,(#1180));
#1182= IFCLOCALPLACEMENT(#24,#9);
#1183= IFCBUILDINGELEMENTPROXY('MJLDUCT010045000000000',#5,'L01 - Supply air duct',$,$,#1182,#1181,$);
#1184= IFCPROPERTYSINGLEVALUE('AssetReference',$,IFCLABEL('DUCT-01-045'),$);
#1185= IFCPROPERTYSINGLEVALUE('Level',$,IFCLABEL('Level 01'),$);
#1186= IFCPROPERTYSINGLEVALUE('System',$,IFCLABEL('Mechanical'),$);
#1187= IFCPROPERTYSINGLEVALUE('Status',$,IFCLABEL('Issued for Coordination'),$);
#1188= IFCPROPERTYSINGLEVALUE('FireRating',$,IFCLABEL('60 min'),$);
#1189= IFCPROPERTYSET('MJLPSET010045000000000',#5,'Pset_MajalAsset',$,(#1184,#1185,#1186,#1187,#1188));
#1190= IFCRELDEFINESBYPROPERTIES('MJLRPS0010045000000000',#5,$,$,(#1183),#1189);
#1191= IFCQUANTITYAREA('GrossArea',$,$,18.200,$);
#1192= IFCQUANTITYVOLUME('GrossVolume',$,$,10.010,$);
#1193= IFCQUANTITYCOUNT('Count',$,$,1.,$);
#1194= IFCELEMENTQUANTITY('MJLQTO0010045000000000',#5,'BaseQuantities',$,$,(#1191,#1192,#1193));
#1195= IFCRELDEFINESBYPROPERTIES('MJLRQT0010045000000000',#5,$,$,(#1183),#1194);
#1196= IFCCARTESIANPOINT((0.,0.));
#1197= IFCDIRECTION((1.,0.));
#1198= IFCAXIS2PLACEMENT2D(#1196,#1197);
#1199= IFCRECTANGLEPROFILEDEF(.AREA.,$,#1198,28.000,0.550);
#1200= IFCCARTESIANPOINT((0.000,-7.500,0.000));
#1201= IFCDIRECTION((0.,0.,1.));
#1202= IFCDIRECTION((1.,0.,0.));
#1203= IFCAXIS2PLACEMENT3D(#1200,#1201,#1202);
#1204= IFCDIRECTION((0.,0.,1.));
#1205= IFCEXTRUDEDAREASOLID(#1199,#1203,#1204,0.450);
#1206= IFCSHAPEREPRESENTATION(#10,'Body','SweptSolid',(#1205));
#1207= IFCPRODUCTDEFINITIONSHAPE($,$,(#1206));
#1208= IFCLOCALPLACEMENT(#24,#9);
#1209= IFCBUILDINGELEMENTPROXY('MJLDUCT010046000000000',#5,'L01 - Return air duct',$,$,#1208,#1207,$);
#1210= IFCPROPERTYSINGLEVALUE('AssetReference',$,IFCLABEL('DUCT-01-046'),$);
#1211= IFCPROPERTYSINGLEVALUE('Level',$,IFCLABEL('Level 01'),$);
#1212= IFCPROPERTYSINGLEVALUE('System',$,IFCLABEL('Mechanical'),$);
#1213= IFCPROPERTYSINGLEVALUE('Status',$,IFCLABEL('Issued for Coordination'),$);
#1214= IFCPROPERTYSINGLEVALUE('FireRating',$,IFCLABEL('60 min'),$);
#1215= IFCPROPERTYSET('MJLPSET010046000000000',#5,'Pset_MajalAsset',$,(#1210,#1211,#1212,#1213,#1214));
#1216= IFCRELDEFINESBYPROPERTIES('MJLRPS0010046000000000',#5,$,$,(#1209),#1215);
#1217= IFCQUANTITYAREA('GrossArea',$,$,15.400,$);
#1218= IFCQUANTITYVOLUME('GrossVolume',$,$,6.930,$);
#1219= IFCQUANTITYCOUNT('Count',$,$,1.,$);
#1220= IFCELEMENTQUANTITY('MJLQTO0010046000000000',#5,'BaseQuantities',$,$,(#1217,#1218,#1219));
#1221= IFCRELDEFINESBYPROPERTIES('MJLRQT0010046000000000',#5,$,$,(#1209),#1220);
#1222= IFCCARTESIANPOINT((0.,0.));
#1223= IFCDIRECTION((1.,0.));
#1224= IFCAXIS2PLACEMENT2D(#1222,#1223);
#1225= IFCRECTANGLEPROFILEDEF(.AREA.,$,#1224,0.180,22.000);
#1226= IFCCARTESIANPOINT((-2.000,0.000,0.000));
#1227= IFCDIRECTION((0.,0.,1.));
#1228= IFCDIRECTION((1.,0.,0.));
#1229= IFCAXIS2PLACEMENT3D(#1226,#1227,#1228);
#1230= IFCDIRECTION((0.,0.,1.));
#1231= IFCEXTRUDEDAREASOLID(#1225,#1229,#1230,0.180);
#1232= IFCSHAPEREPRESENTATION(#10,'Body','SweptSolid',(#1231));
#1233= IFCPRODUCTDEFINITIONSHAPE($,$,(#1232));
#1234= IFCLOCALPLACEMENT(#24,#9);
#1235= IFCBUILDINGELEMENTPROXY('MJLPIPE010047000000000',#5,'L01 - Chilled water flow',$,$,#1234,#1233,$);
#1236= IFCPROPERTYSINGLEVALUE('AssetReference',$,IFCLABEL('PIPE-01-047'),$);
#1237= IFCPROPERTYSINGLEVALUE('Level',$,IFCLABEL('Level 01'),$);
#1238= IFCPROPERTYSINGLEVALUE('System',$,IFCLABEL('Mechanical'),$);
#1239= IFCPROPERTYSINGLEVALUE('Status',$,IFCLABEL('Issued for Coordination'),$);
#1240= IFCPROPERTYSINGLEVALUE('FireRating',$,IFCLABEL('60 min'),$);
#1241= IFCPROPERTYSET('MJLPSET010047000000000',#5,'Pset_MajalAsset',$,(#1236,#1237,#1238,#1239,#1240));
#1242= IFCRELDEFINESBYPROPERTIES('MJLRPS0010047000000000',#5,$,$,(#1235),#1241);
#1243= IFCQUANTITYAREA('GrossArea',$,$,3.960,$);
#1244= IFCQUANTITYVOLUME('GrossVolume',$,$,0.713,$);
#1245= IFCQUANTITYCOUNT('Count',$,$,1.,$);
#1246= IFCELEMENTQUANTITY('MJLQTO0010047000000000',#5,'BaseQuantities',$,$,(#1243,#1244,#1245));
#1247= IFCRELDEFINESBYPROPERTIES('MJLRQT0010047000000000',#5,$,$,(#1235),#1246);
#1248= IFCCARTESIANPOINT((0.,0.));
#1249= IFCDIRECTION((1.,0.));
#1250= IFCAXIS2PLACEMENT2D(#1248,#1249);
#1251= IFCRECTANGLEPROFILEDEF(.AREA.,$,#1250,0.180,22.000);
#1252= IFCCARTESIANPOINT((2.000,0.000,0.000));
#1253= IFCDIRECTION((0.,0.,1.));
#1254= IFCDIRECTION((1.,0.,0.));
#1255= IFCAXIS2PLACEMENT3D(#1252,#1253,#1254);
#1256= IFCDIRECTION((0.,0.,1.));
#1257= IFCEXTRUDEDAREASOLID(#1251,#1255,#1256,0.180);
#1258= IFCSHAPEREPRESENTATION(#10,'Body','SweptSolid',(#1257));
#1259= IFCPRODUCTDEFINITIONSHAPE($,$,(#1258));
#1260= IFCLOCALPLACEMENT(#24,#9);
#1261= IFCBUILDINGELEMENTPROXY('MJLPIPE010048000000000',#5,'L01 - Chilled water return',$,$,#1260,#1259,$);
#1262= IFCPROPERTYSINGLEVALUE('AssetReference',$,IFCLABEL('PIPE-01-048'),$);
#1263= IFCPROPERTYSINGLEVALUE('Level',$,IFCLABEL('Level 01'),$);
#1264= IFCPROPERTYSINGLEVALUE('System',$,IFCLABEL('Mechanical'),$);
#1265= IFCPROPERTYSINGLEVALUE('Status',$,IFCLABEL('Issued for Coordination'),$);
#1266= IFCPROPERTYSINGLEVALUE('FireRating',$,IFCLABEL('60 min'),$);
#1267= IFCPROPERTYSET('MJLPSET010048000000000',#5,'Pset_MajalAsset',$,(#1262,#1263,#1264,#1265,#1266));
#1268= IFCRELDEFINESBYPROPERTIES('MJLRPS0010048000000000',#5,$,$,(#1261),#1267);
#1269= IFCQUANTITYAREA('GrossArea',$,$,3.960,$);
#1270= IFCQUANTITYVOLUME('GrossVolume',$,$,0.713,$);
#1271= IFCQUANTITYCOUNT('Count',$,$,1.,$);
#1272= IFCELEMENTQUANTITY('MJLQTO0010048000000000',#5,'BaseQuantities',$,$,(#1269,#1270,#1271));
#1273= IFCRELDEFINESBYPROPERTIES('MJLRQT0010048000000000',#5,$,$,(#1261),#1272);
#1274= IFCCARTESIANPOINT((0.,0.));
#1275= IFCDIRECTION((1.,0.));
#1276= IFCAXIS2PLACEMENT2D(#1274,#1275);
#1277= IFCRECTANGLEPROFILEDEF(.AREA.,$,#1276,0.350,0.500);
#1278= IFCCARTESIANPOINT((7.000,0.000,0.000));
#1279= IFCDIRECTION((0.,0.,1.));
#1280= IFCDIRECTION((1.,0.,0.));
#1281= IFCAXIS2PLACEMENT3D(#1278,#1279,#1280);
#1282= IFCDIRECTION((0.,0.,1.));
#1283= IFCEXTRUDEDAREASOLID(#1277,#1281,#1282,3.500);
#1284= IFCSHAPEREPRESENTATION(#10,'Body','SweptSolid',(#1283));
#1285= IFCPRODUCTDEFINITIONSHAPE($,$,(#1284));
#1286= IFCLOCALPLACEMENT(#24,#9);
#1287= IFCBUILDINGELEMENTPROXY('MJLELEC010049000000000',#5,'L01 - Electrical busbar',$,$,#1286,#1285,$);
#1288= IFCPROPERTYSINGLEVALUE('AssetReference',$,IFCLABEL('ELEC-01-049'),$);
#1289= IFCPROPERTYSINGLEVALUE('Level',$,IFCLABEL('Level 01'),$);
#1290= IFCPROPERTYSINGLEVALUE('System',$,IFCLABEL('Electrical'),$);
#1291= IFCPROPERTYSINGLEVALUE('Status',$,IFCLABEL('Issued for Coordination'),$);
#1292= IFCPROPERTYSINGLEVALUE('FireRating',$,IFCLABEL('60 min'),$);
#1293= IFCPROPERTYSET('MJLPSET010049000000000',#5,'Pset_MajalAsset',$,(#1288,#1289,#1290,#1291,#1292));
#1294= IFCRELDEFINESBYPROPERTIES('MJLRPS0010049000000000',#5,$,$,(#1287),#1293);
#1295= IFCQUANTITYAREA('GrossArea',$,$,1.225,$);
#1296= IFCQUANTITYVOLUME('GrossVolume',$,$,0.612,$);
#1297= IFCQUANTITYCOUNT('Count',$,$,1.,$);
#1298= IFCELEMENTQUANTITY('MJLQTO0010049000000000',#5,'BaseQuantities',$,$,(#1295,#1296,#1297));
#1299= IFCRELDEFINESBYPROPERTIES('MJLRQT0010049000000000',#5,$,$,(#1287),#1298);
#1300= IFCCARTESIANPOINT((0.,0.));
#1301= IFCDIRECTION((1.,0.));
#1302= IFCAXIS2PLACEMENT2D(#1300,#1301);
#1303= IFCRECTANGLEPROFILEDEF(.AREA.,$,#1302,0.250,0.250);
#1304= IFCCARTESIANPOINT((-7.000,0.000,0.000));
#1305= IFCDIRECTION((0.,0.,1.));
#1306= IFCDIRECTION((1.,0.,0.));
#1307= IFCAXIS2PLACEMENT3D(#1304,#1305,#1306);
#1308= IFCDIRECTION((0.,0.,1.));
#1309= IFCEXTRUDEDAREASOLID(#1303,#1307,#1308,3.800);
#1310= IFCSHAPEREPRESENTATION(#10,'Body','SweptSolid',(#1309));
#1311= IFCPRODUCTDEFINITIONSHAPE($,$,(#1310));
#1312= IFCLOCALPLACEMENT(#24,#9);
#1313= IFCBUILDINGELEMENTPROXY('MJLFIRE010050000000000',#5,'L01 - Fire riser',$,$,#1312,#1311,$);
#1314= IFCPROPERTYSINGLEVALUE('AssetReference',$,IFCLABEL('FIRE-01-050'),$);
#1315= IFCPROPERTYSINGLEVALUE('Level',$,IFCLABEL('Level 01'),$);
#1316= IFCPROPERTYSINGLEVALUE('System',$,IFCLABEL('Fire Protection'),$);
#1317= IFCPROPERTYSINGLEVALUE('Status',$,IFCLABEL('Issued for Coordination'),$);
#1318= IFCPROPERTYSINGLEVALUE('FireRating',$,IFCLABEL('60 min'),$);
#1319= IFCPROPERTYSET('MJLPSET010050000000000',#5,'Pset_MajalAsset',$,(#1314,#1315,#1316,#1317,#1318));
#1320= IFCRELDEFINESBYPROPERTIES('MJLRPS0010050000000000',#5,$,$,(#1313),#1319);
#1321= IFCQUANTITYAREA('GrossArea',$,$,0.950,$);
#1322= IFCQUANTITYVOLUME('GrossVolume',$,$,0.237,$);
#1323= IFCQUANTITYCOUNT('Count',$,$,1.,$);
#1324= IFCELEMENTQUANTITY('MJLQTO0010050000000000',#5,'BaseQuantities',$,$,(#1321,#1322,#1323));
#1325= IFCRELDEFINESBYPROPERTIES('MJLRQT0010050000000000',#5,$,$,(#1313),#1324);
#1326= IFCRELCONTAINEDINSPATIALSTRUCTURE('MJLCON0010000000000000',#5,$,$,(#39,#65,#91,#117,#143,#169,#195,#221,#247,#273,#299,#325,#351,#377,#403,#429,#455,#481,#507,#533,#559,#585,#611,#637,#663,#689,#715,#741,#767,#793,#819,#845,#871,#897,#923,#949,#975,#1001,#1027,#1053,#1079,#1105,#1131,#1157,#1183,#1209,#1235,#1261,#1287,#1313),#25);
#1327= IFCCARTESIANPOINT((0.000,0.000,4.200));
#1328= IFCDIRECTION((0.,0.,1.));
#1329= IFCDIRECTION((1.,0.,0.));
#1330= IFCAXIS2PLACEMENT3D(#1327,#1328,#1329);
#1331= IFCLOCALPLACEMENT(#18,#1330);
#1332= IFCBUILDINGSTOREY('MJLLVL0020000000000000',#5,'Level 02',$,$,#1331,$,$,.ELEMENT.,4.200);
#1333= IFCCARTESIANPOINT((0.,0.));
#1334= IFCDIRECTION((1.,0.));
#1335= IFCAXIS2PLACEMENT2D(#1333,#1334);
#1336= IFCRECTANGLEPROFILEDEF(.AREA.,$,#1335,36.000,26.000);
#1337= IFCCARTESIANPOINT((0.000,0.000,0.000));
#1338= IFCDIRECTION((0.,0.,1.));
#1339= IFCDIRECTION((1.,0.,0.));
#1340= IFCAXIS2PLACEMENT3D(#1337,#1338,#1339);
#1341= IFCDIRECTION((0.,0.,1.));
#1342= IFCEXTRUDEDAREASOLID(#1336,#1340,#1341,0.280);
#1343= IFCSHAPEREPRESENTATION(#10,'Body','SweptSolid',(#1342));
#1344= IFCPRODUCTDEFINITIONSHAPE($,$,(#1343));
#1345= IFCLOCALPLACEMENT(#1331,#9);
#1346= IFCSLAB('MJLSLAB020001000000000',#5,'L02 - Floor slab',$,$,#1345,#1344,$);
#1347= IFCPROPERTYSINGLEVALUE('AssetReference',$,IFCLABEL('SLAB-02-001'),$);
#1348= IFCPROPERTYSINGLEVALUE('Level',$,IFCLABEL('Level 02'),$);
#1349= IFCPROPERTYSINGLEVALUE('System',$,IFCLABEL('Structure'),$);
#1350= IFCPROPERTYSINGLEVALUE('Status',$,IFCLABEL('Issued for Coordination'),$);
#1351= IFCPROPERTYSINGLEVALUE('FireRating',$,IFCLABEL('120 min'),$);
#1352= IFCPROPERTYSET('MJLPSET020051000000000',#5,'Pset_MajalAsset',$,(#1347,#1348,#1349,#1350,#1351));
#1353= IFCRELDEFINESBYPROPERTIES('MJLRPS0020051000000000',#5,$,$,(#1346),#1352);
#1354= IFCQUANTITYAREA('GrossArea',$,$,936.000,$);
#1355= IFCQUANTITYVOLUME('GrossVolume',$,$,262.080,$);
#1356= IFCQUANTITYCOUNT('Count',$,$,1.,$);
#1357= IFCELEMENTQUANTITY('MJLQTO0020051000000000',#5,'BaseQuantities',$,$,(#1354,#1355,#1356));
#1358= IFCRELDEFINESBYPROPERTIES('MJLRQT0020051000000000',#5,$,$,(#1346),#1357);
#1359= IFCCARTESIANPOINT((0.,0.));
#1360= IFCDIRECTION((1.,0.));
#1361= IFCAXIS2PLACEMENT2D(#1359,#1360);
#1362= IFCRECTANGLEPROFILEDEF(.AREA.,$,#1361,36.000,0.220);
#1363= IFCCARTESIANPOINT((0.000,12.900,0.000));
#1364= IFCDIRECTION((0.,0.,1.));
#1365= IFCDIRECTION((1.,0.,0.));
#1366= IFCAXIS2PLACEMENT3D(#1363,#1364,#1365);
#1367= IFCDIRECTION((0.,0.,1.));
#1368= IFCEXTRUDEDAREASOLID(#1362,#1366,#1367,4.000);
#1369= IFCSHAPEREPRESENTATION(#10,'Body','SweptSolid',(#1368));
#1370= IFCPRODUCTDEFINITIONSHAPE($,$,(#1369));
#1371= IFCLOCALPLACEMENT(#1331,#9);
#1372= IFCWALL('MJLWALL020002000000000',#5,'L02 - North facade',$,$,#1371,#1370,$);
#1373= IFCPROPERTYSINGLEVALUE('AssetReference',$,IFCLABEL('WALL-02-002'),$);
#1374= IFCPROPERTYSINGLEVALUE('Level',$,IFCLABEL('Level 02'),$);
#1375= IFCPROPERTYSINGLEVALUE('System',$,IFCLABEL('Envelope'),$);
#1376= IFCPROPERTYSINGLEVALUE('Status',$,IFCLABEL('Issued for Coordination'),$);
#1377= IFCPROPERTYSINGLEVALUE('FireRating',$,IFCLABEL('60 min'),$);
#1378= IFCPROPERTYSET('MJLPSET020052000000000',#5,'Pset_MajalAsset',$,(#1373,#1374,#1375,#1376,#1377));
#1379= IFCRELDEFINESBYPROPERTIES('MJLRPS0020052000000000',#5,$,$,(#1372),#1378);
#1380= IFCQUANTITYAREA('GrossArea',$,$,144.000,$);
#1381= IFCQUANTITYVOLUME('GrossVolume',$,$,31.680,$);
#1382= IFCQUANTITYCOUNT('Count',$,$,1.,$);
#1383= IFCELEMENTQUANTITY('MJLQTO0020052000000000',#5,'BaseQuantities',$,$,(#1380,#1381,#1382));
#1384= IFCRELDEFINESBYPROPERTIES('MJLRQT0020052000000000',#5,$,$,(#1372),#1383);
#1385= IFCCARTESIANPOINT((0.,0.));
#1386= IFCDIRECTION((1.,0.));
#1387= IFCAXIS2PLACEMENT2D(#1385,#1386);
#1388= IFCRECTANGLEPROFILEDEF(.AREA.,$,#1387,36.000,0.220);
#1389= IFCCARTESIANPOINT((0.000,-12.900,0.000));
#1390= IFCDIRECTION((0.,0.,1.));
#1391= IFCDIRECTION((1.,0.,0.));
#1392= IFCAXIS2PLACEMENT3D(#1389,#1390,#1391);
#1393= IFCDIRECTION((0.,0.,1.));
#1394= IFCEXTRUDEDAREASOLID(#1388,#1392,#1393,4.000);
#1395= IFCSHAPEREPRESENTATION(#10,'Body','SweptSolid',(#1394));
#1396= IFCPRODUCTDEFINITIONSHAPE($,$,(#1395));
#1397= IFCLOCALPLACEMENT(#1331,#9);
#1398= IFCWALL('MJLWALL020003000000000',#5,'L02 - South facade',$,$,#1397,#1396,$);
#1399= IFCPROPERTYSINGLEVALUE('AssetReference',$,IFCLABEL('WALL-02-003'),$);
#1400= IFCPROPERTYSINGLEVALUE('Level',$,IFCLABEL('Level 02'),$);
#1401= IFCPROPERTYSINGLEVALUE('System',$,IFCLABEL('Envelope'),$);
#1402= IFCPROPERTYSINGLEVALUE('Status',$,IFCLABEL('Issued for Coordination'),$);
#1403= IFCPROPERTYSINGLEVALUE('FireRating',$,IFCLABEL('60 min'),$);
#1404= IFCPROPERTYSET('MJLPSET020053000000000',#5,'Pset_MajalAsset',$,(#1399,#1400,#1401,#1402,#1403));
#1405= IFCRELDEFINESBYPROPERTIES('MJLRPS0020053000000000',#5,$,$,(#1398),#1404);
#1406= IFCQUANTITYAREA('GrossArea',$,$,144.000,$);
#1407= IFCQUANTITYVOLUME('GrossVolume',$,$,31.680,$);
#1408= IFCQUANTITYCOUNT('Count',$,$,1.,$);
#1409= IFCELEMENTQUANTITY('MJLQTO0020053000000000',#5,'BaseQuantities',$,$,(#1406,#1407,#1408));
#1410= IFCRELDEFINESBYPROPERTIES('MJLRQT0020053000000000',#5,$,$,(#1398),#1409);
#1411= IFCCARTESIANPOINT((0.,0.));
#1412= IFCDIRECTION((1.,0.));
#1413= IFCAXIS2PLACEMENT2D(#1411,#1412);
#1414= IFCRECTANGLEPROFILEDEF(.AREA.,$,#1413,0.220,26.000);
#1415= IFCCARTESIANPOINT((17.900,0.000,0.000));
#1416= IFCDIRECTION((0.,0.,1.));
#1417= IFCDIRECTION((1.,0.,0.));
#1418= IFCAXIS2PLACEMENT3D(#1415,#1416,#1417);
#1419= IFCDIRECTION((0.,0.,1.));
#1420= IFCEXTRUDEDAREASOLID(#1414,#1418,#1419,4.000);
#1421= IFCSHAPEREPRESENTATION(#10,'Body','SweptSolid',(#1420));
#1422= IFCPRODUCTDEFINITIONSHAPE($,$,(#1421));
#1423= IFCLOCALPLACEMENT(#1331,#9);
#1424= IFCWALL('MJLWALL020004000000000',#5,'L02 - East facade',$,$,#1423,#1422,$);
#1425= IFCPROPERTYSINGLEVALUE('AssetReference',$,IFCLABEL('WALL-02-004'),$);
#1426= IFCPROPERTYSINGLEVALUE('Level',$,IFCLABEL('Level 02'),$);
#1427= IFCPROPERTYSINGLEVALUE('System',$,IFCLABEL('Envelope'),$);
#1428= IFCPROPERTYSINGLEVALUE('Status',$,IFCLABEL('Issued for Coordination'),$);
#1429= IFCPROPERTYSINGLEVALUE('FireRating',$,IFCLABEL('60 min'),$);
#1430= IFCPROPERTYSET('MJLPSET020054000000000',#5,'Pset_MajalAsset',$,(#1425,#1426,#1427,#1428,#1429));
#1431= IFCRELDEFINESBYPROPERTIES('MJLRPS0020054000000000',#5,$,$,(#1424),#1430);
#1432= IFCQUANTITYAREA('GrossArea',$,$,5.720,$);
#1433= IFCQUANTITYVOLUME('GrossVolume',$,$,22.880,$);
#1434= IFCQUANTITYCOUNT('Count',$,$,1.,$);
#1435= IFCELEMENTQUANTITY('MJLQTO0020054000000000',#5,'BaseQuantities',$,$,(#1432,#1433,#1434));
#1436= IFCRELDEFINESBYPROPERTIES('MJLRQT0020054000000000',#5,$,$,(#1424),#1435);
#1437= IFCCARTESIANPOINT((0.,0.));
#1438= IFCDIRECTION((1.,0.));
#1439= IFCAXIS2PLACEMENT2D(#1437,#1438);
#1440= IFCRECTANGLEPROFILEDEF(.AREA.,$,#1439,0.220,26.000);
#1441= IFCCARTESIANPOINT((-17.900,0.000,0.000));
#1442= IFCDIRECTION((0.,0.,1.));
#1443= IFCDIRECTION((1.,0.,0.));
#1444= IFCAXIS2PLACEMENT3D(#1441,#1442,#1443);
#1445= IFCDIRECTION((0.,0.,1.));
#1446= IFCEXTRUDEDAREASOLID(#1440,#1444,#1445,4.000);
#1447= IFCSHAPEREPRESENTATION(#10,'Body','SweptSolid',(#1446));
#1448= IFCPRODUCTDEFINITIONSHAPE($,$,(#1447));
#1449= IFCLOCALPLACEMENT(#1331,#9);
#1450= IFCWALL('MJLWALL020005000000000',#5,'L02 - West facade',$,$,#1449,#1448,$);
#1451= IFCPROPERTYSINGLEVALUE('AssetReference',$,IFCLABEL('WALL-02-005'),$);
#1452= IFCPROPERTYSINGLEVALUE('Level',$,IFCLABEL('Level 02'),$);
#1453= IFCPROPERTYSINGLEVALUE('System',$,IFCLABEL('Envelope'),$);
#1454= IFCPROPERTYSINGLEVALUE('Status',$,IFCLABEL('Issued for Coordination'),$);
#1455= IFCPROPERTYSINGLEVALUE('FireRating',$,IFCLABEL('60 min'),$);
#1456= IFCPROPERTYSET('MJLPSET020055000000000',#5,'Pset_MajalAsset',$,(#1451,#1452,#1453,#1454,#1455));
#1457= IFCRELDEFINESBYPROPERTIES('MJLRPS0020055000000000',#5,$,$,(#1450),#1456);
#1458= IFCQUANTITYAREA('GrossArea',$,$,5.720,$);
#1459= IFCQUANTITYVOLUME('GrossVolume',$,$,22.880,$);
#1460= IFCQUANTITYCOUNT('Count',$,$,1.,$);
#1461= IFCELEMENTQUANTITY('MJLQTO0020055000000000',#5,'BaseQuantities',$,$,(#1458,#1459,#1460));
#1462= IFCRELDEFINESBYPROPERTIES('MJLRQT0020055000000000',#5,$,$,(#1450),#1461);
#1463= IFCCARTESIANPOINT((0.,0.));
#1464= IFCDIRECTION((1.,0.));
#1465= IFCAXIS2PLACEMENT2D(#1463,#1464);
#1466= IFCRECTANGLEPROFILEDEF(.AREA.,$,#1465,10.000,0.300);
#1467= IFCCARTESIANPOINT((0.000,3.900,0.000));
#1468= IFCDIRECTION((0.,0.,1.));
#1469= IFCDIRECTION((1.,0.,0.));
#1470= IFCAXIS2PLACEMENT3D(#1467,#1468,#1469);
#1471= IFCDIRECTION((0.,0.,1.));
#1472= IFCEXTRUDEDAREASOLID(#1466,#1470,#1471,4.000);
#1473= IFCSHAPEREPRESENTATION(#10,'Body','SweptSolid',(#1472));
#1474= IFCPRODUCTDEFINITIONSHAPE($,$,(#1473));
#1475= IFCLOCALPLACEMENT(#1331,#9);
#1476= IFCWALL('MJLCORE020006000000000',#5,'L02 - Core north',$,$,#1475,#1474,$);
#1477= IFCPROPERTYSINGLEVALUE('AssetReference',$,IFCLABEL('CORE-02-006'),$);
#1478= IFCPROPERTYSINGLEVALUE('Level',$,IFCLABEL('Level 02'),$);
#1479= IFCPROPERTYSINGLEVALUE('System',$,IFCLABEL('Core'),$);
#1480= IFCPROPERTYSINGLEVALUE('Status',$,IFCLABEL('Issued for Coordination'),$);
#1481= IFCPROPERTYSINGLEVALUE('FireRating',$,IFCLABEL('120 min'),$);
#1482= IFCPROPERTYSET('MJLPSET020056000000000',#5,'Pset_MajalAsset',$,(#1477,#1478,#1479,#1480,#1481));
#1483= IFCRELDEFINESBYPROPERTIES('MJLRPS0020056000000000',#5,$,$,(#1476),#1482);
#1484= IFCQUANTITYAREA('GrossArea',$,$,40.000,$);
#1485= IFCQUANTITYVOLUME('GrossVolume',$,$,12.000,$);
#1486= IFCQUANTITYCOUNT('Count',$,$,1.,$);
#1487= IFCELEMENTQUANTITY('MJLQTO0020056000000000',#5,'BaseQuantities',$,$,(#1484,#1485,#1486));
#1488= IFCRELDEFINESBYPROPERTIES('MJLRQT0020056000000000',#5,$,$,(#1476),#1487);
#1489= IFCCARTESIANPOINT((0.,0.));
#1490= IFCDIRECTION((1.,0.));
#1491= IFCAXIS2PLACEMENT2D(#1489,#1490);
#1492= IFCRECTANGLEPROFILEDEF(.AREA.,$,#1491,10.000,0.300);
#1493= IFCCARTESIANPOINT((0.000,-3.900,0.000));
#1494= IFCDIRECTION((0.,0.,1.));
#1495= IFCDIRECTION((1.,0.,0.));
#1496= IFCAXIS2PLACEMENT3D(#1493,#1494,#1495);
#1497= IFCDIRECTION((0.,0.,1.));
#1498= IFCEXTRUDEDAREASOLID(#1492,#1496,#1497,4.000);
#1499= IFCSHAPEREPRESENTATION(#10,'Body','SweptSolid',(#1498));
#1500= IFCPRODUCTDEFINITIONSHAPE($,$,(#1499));
#1501= IFCLOCALPLACEMENT(#1331,#9);
#1502= IFCWALL('MJLCORE020007000000000',#5,'L02 - Core south',$,$,#1501,#1500,$);
#1503= IFCPROPERTYSINGLEVALUE('AssetReference',$,IFCLABEL('CORE-02-007'),$);
#1504= IFCPROPERTYSINGLEVALUE('Level',$,IFCLABEL('Level 02'),$);
#1505= IFCPROPERTYSINGLEVALUE('System',$,IFCLABEL('Core'),$);
#1506= IFCPROPERTYSINGLEVALUE('Status',$,IFCLABEL('Issued for Coordination'),$);
#1507= IFCPROPERTYSINGLEVALUE('FireRating',$,IFCLABEL('120 min'),$);
#1508= IFCPROPERTYSET('MJLPSET020057000000000',#5,'Pset_MajalAsset',$,(#1503,#1504,#1505,#1506,#1507));
#1509= IFCRELDEFINESBYPROPERTIES('MJLRPS0020057000000000',#5,$,$,(#1502),#1508);
#1510= IFCQUANTITYAREA('GrossArea',$,$,40.000,$);
#1511= IFCQUANTITYVOLUME('GrossVolume',$,$,12.000,$);
#1512= IFCQUANTITYCOUNT('Count',$,$,1.,$);
#1513= IFCELEMENTQUANTITY('MJLQTO0020057000000000',#5,'BaseQuantities',$,$,(#1510,#1511,#1512));
#1514= IFCRELDEFINESBYPROPERTIES('MJLRQT0020057000000000',#5,$,$,(#1502),#1513);
#1515= IFCCARTESIANPOINT((0.,0.));
#1516= IFCDIRECTION((1.,0.));
#1517= IFCAXIS2PLACEMENT2D(#1515,#1516);
#1518= IFCRECTANGLEPROFILEDEF(.AREA.,$,#1517,0.300,8.000);
#1519= IFCCARTESIANPOINT((4.900,0.000,0.000));
#1520= IFCDIRECTION((0.,0.,1.));
#1521= IFCDIRECTION((1.,0.,0.));
#1522= IFCAXIS2PLACEMENT3D(#1519,#1520,#1521);
#1523= IFCDIRECTION((0.,0.,1.));
#1524= IFCEXTRUDEDAREASOLID(#1518,#1522,#1523,4.000);
#1525= IFCSHAPEREPRESENTATION(#10,'Body','SweptSolid',(#1524));
#1526= IFCPRODUCTDEFINITIONSHAPE($,$,(#1525));
#1527= IFCLOCALPLACEMENT(#1331,#9);
#1528= IFCWALL('MJLCORE020008000000000',#5,'L02 - Core east',$,$,#1527,#1526,$);
#1529= IFCPROPERTYSINGLEVALUE('AssetReference',$,IFCLABEL('CORE-02-008'),$);
#1530= IFCPROPERTYSINGLEVALUE('Level',$,IFCLABEL('Level 02'),$);
#1531= IFCPROPERTYSINGLEVALUE('System',$,IFCLABEL('Core'),$);
#1532= IFCPROPERTYSINGLEVALUE('Status',$,IFCLABEL('Issued for Coordination'),$);
#1533= IFCPROPERTYSINGLEVALUE('FireRating',$,IFCLABEL('120 min'),$);
#1534= IFCPROPERTYSET('MJLPSET020058000000000',#5,'Pset_MajalAsset',$,(#1529,#1530,#1531,#1532,#1533));
#1535= IFCRELDEFINESBYPROPERTIES('MJLRPS0020058000000000',#5,$,$,(#1528),#1534);
#1536= IFCQUANTITYAREA('GrossArea',$,$,2.400,$);
#1537= IFCQUANTITYVOLUME('GrossVolume',$,$,9.600,$);
#1538= IFCQUANTITYCOUNT('Count',$,$,1.,$);
#1539= IFCELEMENTQUANTITY('MJLQTO0020058000000000',#5,'BaseQuantities',$,$,(#1536,#1537,#1538));
#1540= IFCRELDEFINESBYPROPERTIES('MJLRQT0020058000000000',#5,$,$,(#1528),#1539);
#1541= IFCCARTESIANPOINT((0.,0.));
#1542= IFCDIRECTION((1.,0.));
#1543= IFCAXIS2PLACEMENT2D(#1541,#1542);
#1544= IFCRECTANGLEPROFILEDEF(.AREA.,$,#1543,0.300,8.000);
#1545= IFCCARTESIANPOINT((-4.900,0.000,0.000));
#1546= IFCDIRECTION((0.,0.,1.));
#1547= IFCDIRECTION((1.,0.,0.));
#1548= IFCAXIS2PLACEMENT3D(#1545,#1546,#1547);
#1549= IFCDIRECTION((0.,0.,1.));
#1550= IFCEXTRUDEDAREASOLID(#1544,#1548,#1549,4.000);
#1551= IFCSHAPEREPRESENTATION(#10,'Body','SweptSolid',(#1550));
#1552= IFCPRODUCTDEFINITIONSHAPE($,$,(#1551));
#1553= IFCLOCALPLACEMENT(#1331,#9);
#1554= IFCWALL('MJLCORE020009000000000',#5,'L02 - Core west',$,$,#1553,#1552,$);
#1555= IFCPROPERTYSINGLEVALUE('AssetReference',$,IFCLABEL('CORE-02-009'),$);
#1556= IFCPROPERTYSINGLEVALUE('Level',$,IFCLABEL('Level 02'),$);
#1557= IFCPROPERTYSINGLEVALUE('System',$,IFCLABEL('Core'),$);
#1558= IFCPROPERTYSINGLEVALUE('Status',$,IFCLABEL('Issued for Coordination'),$);
#1559= IFCPROPERTYSINGLEVALUE('FireRating',$,IFCLABEL('120 min'),$);
#1560= IFCPROPERTYSET('MJLPSET020059000000000',#5,'Pset_MajalAsset',$,(#1555,#1556,#1557,#1558,#1559));
#1561= IFCRELDEFINESBYPROPERTIES('MJLRPS0020059000000000',#5,$,$,(#1554),#1560);
#1562= IFCQUANTITYAREA('GrossArea',$,$,2.400,$);
#1563= IFCQUANTITYVOLUME('GrossVolume',$,$,9.600,$);
#1564= IFCQUANTITYCOUNT('Count',$,$,1.,$);
#1565= IFCELEMENTQUANTITY('MJLQTO0020059000000000',#5,'BaseQuantities',$,$,(#1562,#1563,#1564));
#1566= IFCRELDEFINESBYPROPERTIES('MJLRQT0020059000000000',#5,$,$,(#1554),#1565);
#1567= IFCCARTESIANPOINT((0.,0.));
#1568= IFCDIRECTION((1.,0.));
#1569= IFCAXIS2PLACEMENT2D(#1567,#1568);
#1570= IFCRECTANGLEPROFILEDEF(.AREA.,$,#1569,0.550,0.550);
#1571= IFCCARTESIANPOINT((-15.000,-10.000,0.000));
#1572= IFCDIRECTION((0.,0.,1.));
#1573= IFCDIRECTION((1.,0.,0.));
#1574= IFCAXIS2PLACEMENT3D(#1571,#1572,#1573);
#1575= IFCDIRECTION((0.,0.,1.));
#1576= IFCEXTRUDEDAREASOLID(#1570,#1574,#1575,4.000);
#1577= IFCSHAPEREPRESENTATION(#10,'Body','SweptSolid',(#1576));
#1578= IFCPRODUCTDEFINITIONSHAPE($,$,(#1577));
#1579= IFCLOCALPLACEMENT(#1331,#9);
#1580= IFCCOLUMN('MJLCOL0020010000000000',#5,'L02 - Column -15/-10',$,$,#1579,#1578,$);
#1581= IFCPROPERTYSINGLEVALUE('AssetReference',$,IFCLABEL('COL-02-010'),$);
#1582= IFCPROPERTYSINGLEVALUE('Level',$,IFCLABEL('Level 02'),$);
#1583= IFCPROPERTYSINGLEVALUE('System',$,IFCLABEL('Structure'),$);
#1584= IFCPROPERTYSINGLEVALUE('Status',$,IFCLABEL('Issued for Coordination'),$);
#1585= IFCPROPERTYSINGLEVALUE('FireRating',$,IFCLABEL('120 min'),$);
#1586= IFCPROPERTYSET('MJLPSET020060000000000',#5,'Pset_MajalAsset',$,(#1581,#1582,#1583,#1584,#1585));
#1587= IFCRELDEFINESBYPROPERTIES('MJLRPS0020060000000000',#5,$,$,(#1580),#1586);
#1588= IFCQUANTITYAREA('GrossArea',$,$,2.200,$);
#1589= IFCQUANTITYVOLUME('GrossVolume',$,$,1.210,$);
#1590= IFCQUANTITYCOUNT('Count',$,$,1.,$);
#1591= IFCELEMENTQUANTITY('MJLQTO0020060000000000',#5,'BaseQuantities',$,$,(#1588,#1589,#1590));
#1592= IFCRELDEFINESBYPROPERTIES('MJLRQT0020060000000000',#5,$,$,(#1580),#1591);
#1593= IFCCARTESIANPOINT((0.,0.));
#1594= IFCDIRECTION((1.,0.));
#1595= IFCAXIS2PLACEMENT2D(#1593,#1594);
#1596= IFCRECTANGLEPROFILEDEF(.AREA.,$,#1595,0.550,0.550);
#1597= IFCCARTESIANPOINT((-15.000,0.000,0.000));
#1598= IFCDIRECTION((0.,0.,1.));
#1599= IFCDIRECTION((1.,0.,0.));
#1600= IFCAXIS2PLACEMENT3D(#1597,#1598,#1599);
#1601= IFCDIRECTION((0.,0.,1.));
#1602= IFCEXTRUDEDAREASOLID(#1596,#1600,#1601,4.000);
#1603= IFCSHAPEREPRESENTATION(#10,'Body','SweptSolid',(#1602));
#1604= IFCPRODUCTDEFINITIONSHAPE($,$,(#1603));
#1605= IFCLOCALPLACEMENT(#1331,#9);
#1606= IFCCOLUMN('MJLCOL0020011000000000',#5,'L02 - Column -15/+00',$,$,#1605,#1604,$);
#1607= IFCPROPERTYSINGLEVALUE('AssetReference',$,IFCLABEL('COL-02-011'),$);
#1608= IFCPROPERTYSINGLEVALUE('Level',$,IFCLABEL('Level 02'),$);
#1609= IFCPROPERTYSINGLEVALUE('System',$,IFCLABEL('Structure'),$);
#1610= IFCPROPERTYSINGLEVALUE('Status',$,IFCLABEL('Issued for Coordination'),$);
#1611= IFCPROPERTYSINGLEVALUE('FireRating',$,IFCLABEL('120 min'),$);
#1612= IFCPROPERTYSET('MJLPSET020061000000000',#5,'Pset_MajalAsset',$,(#1607,#1608,#1609,#1610,#1611));
#1613= IFCRELDEFINESBYPROPERTIES('MJLRPS0020061000000000',#5,$,$,(#1606),#1612);
#1614= IFCQUANTITYAREA('GrossArea',$,$,2.200,$);
#1615= IFCQUANTITYVOLUME('GrossVolume',$,$,1.210,$);
#1616= IFCQUANTITYCOUNT('Count',$,$,1.,$);
#1617= IFCELEMENTQUANTITY('MJLQTO0020061000000000',#5,'BaseQuantities',$,$,(#1614,#1615,#1616));
#1618= IFCRELDEFINESBYPROPERTIES('MJLRQT0020061000000000',#5,$,$,(#1606),#1617);
#1619= IFCCARTESIANPOINT((0.,0.));
#1620= IFCDIRECTION((1.,0.));
#1621= IFCAXIS2PLACEMENT2D(#1619,#1620);
#1622= IFCRECTANGLEPROFILEDEF(.AREA.,$,#1621,0.550,0.550);
#1623= IFCCARTESIANPOINT((-15.000,10.000,0.000));
#1624= IFCDIRECTION((0.,0.,1.));
#1625= IFCDIRECTION((1.,0.,0.));
#1626= IFCAXIS2PLACEMENT3D(#1623,#1624,#1625);
#1627= IFCDIRECTION((0.,0.,1.));
#1628= IFCEXTRUDEDAREASOLID(#1622,#1626,#1627,4.000);
#1629= IFCSHAPEREPRESENTATION(#10,'Body','SweptSolid',(#1628));
#1630= IFCPRODUCTDEFINITIONSHAPE($,$,(#1629));
#1631= IFCLOCALPLACEMENT(#1331,#9);
#1632= IFCCOLUMN('MJLCOL0020012000000000',#5,'L02 - Column -15/+10',$,$,#1631,#1630,$);
#1633= IFCPROPERTYSINGLEVALUE('AssetReference',$,IFCLABEL('COL-02-012'),$);
#1634= IFCPROPERTYSINGLEVALUE('Level',$,IFCLABEL('Level 02'),$);
#1635= IFCPROPERTYSINGLEVALUE('System',$,IFCLABEL('Structure'),$);
#1636= IFCPROPERTYSINGLEVALUE('Status',$,IFCLABEL('Issued for Coordination'),$);
#1637= IFCPROPERTYSINGLEVALUE('FireRating',$,IFCLABEL('120 min'),$);
#1638= IFCPROPERTYSET('MJLPSET020062000000000',#5,'Pset_MajalAsset',$,(#1633,#1634,#1635,#1636,#1637));
#1639= IFCRELDEFINESBYPROPERTIES('MJLRPS0020062000000000',#5,$,$,(#1632),#1638);
#1640= IFCQUANTITYAREA('GrossArea',$,$,2.200,$);
#1641= IFCQUANTITYVOLUME('GrossVolume',$,$,1.210,$);
#1642= IFCQUANTITYCOUNT('Count',$,$,1.,$);
#1643= IFCELEMENTQUANTITY('MJLQTO0020062000000000',#5,'BaseQuantities',$,$,(#1640,#1641,#1642));
#1644= IFCRELDEFINESBYPROPERTIES('MJLRQT0020062000000000',#5,$,$,(#1632),#1643);
#1645= IFCCARTESIANPOINT((0.,0.));
#1646= IFCDIRECTION((1.,0.));
#1647= IFCAXIS2PLACEMENT2D(#1645,#1646);
#1648= IFCRECTANGLEPROFILEDEF(.AREA.,$,#1647,0.550,0.550);
#1649= IFCCARTESIANPOINT((-9.000,-10.000,0.000));
#1650= IFCDIRECTION((0.,0.,1.));
#1651= IFCDIRECTION((1.,0.,0.));
#1652= IFCAXIS2PLACEMENT3D(#1649,#1650,#1651);
#1653= IFCDIRECTION((0.,0.,1.));
#1654= IFCEXTRUDEDAREASOLID(#1648,#1652,#1653,4.000);
#1655= IFCSHAPEREPRESENTATION(#10,'Body','SweptSolid',(#1654));
#1656= IFCPRODUCTDEFINITIONSHAPE($,$,(#1655));
#1657= IFCLOCALPLACEMENT(#1331,#9);
#1658= IFCCOLUMN('MJLCOL0020013000000000',#5,'L02 - Column -09/-10',$,$,#1657,#1656,$);
#1659= IFCPROPERTYSINGLEVALUE('AssetReference',$,IFCLABEL('COL-02-013'),$);
#1660= IFCPROPERTYSINGLEVALUE('Level',$,IFCLABEL('Level 02'),$);
#1661= IFCPROPERTYSINGLEVALUE('System',$,IFCLABEL('Structure'),$);
#1662= IFCPROPERTYSINGLEVALUE('Status',$,IFCLABEL('Issued for Coordination'),$);
#1663= IFCPROPERTYSINGLEVALUE('FireRating',$,IFCLABEL('120 min'),$);
#1664= IFCPROPERTYSET('MJLPSET020063000000000',#5,'Pset_MajalAsset',$,(#1659,#1660,#1661,#1662,#1663));
#1665= IFCRELDEFINESBYPROPERTIES('MJLRPS0020063000000000',#5,$,$,(#1658),#1664);
#1666= IFCQUANTITYAREA('GrossArea',$,$,2.200,$);
#1667= IFCQUANTITYVOLUME('GrossVolume',$,$,1.210,$);
#1668= IFCQUANTITYCOUNT('Count',$,$,1.,$);
#1669= IFCELEMENTQUANTITY('MJLQTO0020063000000000',#5,'BaseQuantities',$,$,(#1666,#1667,#1668));
#1670= IFCRELDEFINESBYPROPERTIES('MJLRQT0020063000000000',#5,$,$,(#1658),#1669);
#1671= IFCCARTESIANPOINT((0.,0.));
#1672= IFCDIRECTION((1.,0.));
#1673= IFCAXIS2PLACEMENT2D(#1671,#1672);
#1674= IFCRECTANGLEPROFILEDEF(.AREA.,$,#1673,0.550,0.550);
#1675= IFCCARTESIANPOINT((-9.000,0.000,0.000));
#1676= IFCDIRECTION((0.,0.,1.));
#1677= IFCDIRECTION((1.,0.,0.));
#1678= IFCAXIS2PLACEMENT3D(#1675,#1676,#1677);
#1679= IFCDIRECTION((0.,0.,1.));
#1680= IFCEXTRUDEDAREASOLID(#1674,#1678,#1679,4.000);
#1681= IFCSHAPEREPRESENTATION(#10,'Body','SweptSolid',(#1680));
#1682= IFCPRODUCTDEFINITIONSHAPE($,$,(#1681));
#1683= IFCLOCALPLACEMENT(#1331,#9);
#1684= IFCCOLUMN('MJLCOL0020014000000000',#5,'L02 - Column -09/+00',$,$,#1683,#1682,$);
#1685= IFCPROPERTYSINGLEVALUE('AssetReference',$,IFCLABEL('COL-02-014'),$);
#1686= IFCPROPERTYSINGLEVALUE('Level',$,IFCLABEL('Level 02'),$);
#1687= IFCPROPERTYSINGLEVALUE('System',$,IFCLABEL('Structure'),$);
#1688= IFCPROPERTYSINGLEVALUE('Status',$,IFCLABEL('Issued for Coordination'),$);
#1689= IFCPROPERTYSINGLEVALUE('FireRating',$,IFCLABEL('120 min'),$);
#1690= IFCPROPERTYSET('MJLPSET020064000000000',#5,'Pset_MajalAsset',$,(#1685,#1686,#1687,#1688,#1689));
#1691= IFCRELDEFINESBYPROPERTIES('MJLRPS0020064000000000',#5,$,$,(#1684),#1690);
#1692= IFCQUANTITYAREA('GrossArea',$,$,2.200,$);
#1693= IFCQUANTITYVOLUME('GrossVolume',$,$,1.210,$);
#1694= IFCQUANTITYCOUNT('Count',$,$,1.,$);
#1695= IFCELEMENTQUANTITY('MJLQTO0020064000000000',#5,'BaseQuantities',$,$,(#1692,#1693,#1694));
#1696= IFCRELDEFINESBYPROPERTIES('MJLRQT0020064000000000',#5,$,$,(#1684),#1695);
#1697= IFCCARTESIANPOINT((0.,0.));
#1698= IFCDIRECTION((1.,0.));
#1699= IFCAXIS2PLACEMENT2D(#1697,#1698);
#1700= IFCRECTANGLEPROFILEDEF(.AREA.,$,#1699,0.550,0.550);
#1701= IFCCARTESIANPOINT((-9.000,10.000,0.000));
#1702= IFCDIRECTION((0.,0.,1.));
#1703= IFCDIRECTION((1.,0.,0.));
#1704= IFCAXIS2PLACEMENT3D(#1701,#1702,#1703);
#1705= IFCDIRECTION((0.,0.,1.));
#1706= IFCEXTRUDEDAREASOLID(#1700,#1704,#1705,4.000);
#1707= IFCSHAPEREPRESENTATION(#10,'Body','SweptSolid',(#1706));
#1708= IFCPRODUCTDEFINITIONSHAPE($,$,(#1707));
#1709= IFCLOCALPLACEMENT(#1331,#9);
#1710= IFCCOLUMN('MJLCOL0020015000000000',#5,'L02 - Column -09/+10',$,$,#1709,#1708,$);
#1711= IFCPROPERTYSINGLEVALUE('AssetReference',$,IFCLABEL('COL-02-015'),$);
#1712= IFCPROPERTYSINGLEVALUE('Level',$,IFCLABEL('Level 02'),$);
#1713= IFCPROPERTYSINGLEVALUE('System',$,IFCLABEL('Structure'),$);
#1714= IFCPROPERTYSINGLEVALUE('Status',$,IFCLABEL('Issued for Coordination'),$);
#1715= IFCPROPERTYSINGLEVALUE('FireRating',$,IFCLABEL('120 min'),$);
#1716= IFCPROPERTYSET('MJLPSET020065000000000',#5,'Pset_MajalAsset',$,(#1711,#1712,#1713,#1714,#1715));
#1717= IFCRELDEFINESBYPROPERTIES('MJLRPS0020065000000000',#5,$,$,(#1710),#1716);
#1718= IFCQUANTITYAREA('GrossArea',$,$,2.200,$);
#1719= IFCQUANTITYVOLUME('GrossVolume',$,$,1.210,$);
#1720= IFCQUANTITYCOUNT('Count',$,$,1.,$);
#1721= IFCELEMENTQUANTITY('MJLQTO0020065000000000',#5,'BaseQuantities',$,$,(#1718,#1719,#1720));
#1722= IFCRELDEFINESBYPROPERTIES('MJLRQT0020065000000000',#5,$,$,(#1710),#1721);
#1723= IFCCARTESIANPOINT((0.,0.));
#1724= IFCDIRECTION((1.,0.));
#1725= IFCAXIS2PLACEMENT2D(#1723,#1724);
#1726= IFCRECTANGLEPROFILEDEF(.AREA.,$,#1725,0.550,0.550);
#1727= IFCCARTESIANPOINT((-3.000,-10.000,0.000));
#1728= IFCDIRECTION((0.,0.,1.));
#1729= IFCDIRECTION((1.,0.,0.));
#1730= IFCAXIS2PLACEMENT3D(#1727,#1728,#1729);
#1731= IFCDIRECTION((0.,0.,1.));
#1732= IFCEXTRUDEDAREASOLID(#1726,#1730,#1731,4.000);
#1733= IFCSHAPEREPRESENTATION(#10,'Body','SweptSolid',(#1732));
#1734= IFCPRODUCTDEFINITIONSHAPE($,$,(#1733));
#1735= IFCLOCALPLACEMENT(#1331,#9);
#1736= IFCCOLUMN('MJLCOL0020016000000000',#5,'L02 - Column -03/-10',$,$,#1735,#1734,$);
#1737= IFCPROPERTYSINGLEVALUE('AssetReference',$,IFCLABEL('COL-02-016'),$);
#1738= IFCPROPERTYSINGLEVALUE('Level',$,IFCLABEL('Level 02'),$);
#1739= IFCPROPERTYSINGLEVALUE('System',$,IFCLABEL('Structure'),$);
#1740= IFCPROPERTYSINGLEVALUE('Status',$,IFCLABEL('Issued for Coordination'),$);
#1741= IFCPROPERTYSINGLEVALUE('FireRating',$,IFCLABEL('120 min'),$);
#1742= IFCPROPERTYSET('MJLPSET020066000000000',#5,'Pset_MajalAsset',$,(#1737,#1738,#1739,#1740,#1741));
#1743= IFCRELDEFINESBYPROPERTIES('MJLRPS0020066000000000',#5,$,$,(#1736),#1742);
#1744= IFCQUANTITYAREA('GrossArea',$,$,2.200,$);
#1745= IFCQUANTITYVOLUME('GrossVolume',$,$,1.210,$);
#1746= IFCQUANTITYCOUNT('Count',$,$,1.,$);
#1747= IFCELEMENTQUANTITY('MJLQTO0020066000000000',#5,'BaseQuantities',$,$,(#1744,#1745,#1746));
#1748= IFCRELDEFINESBYPROPERTIES('MJLRQT0020066000000000',#5,$,$,(#1736),#1747);
#1749= IFCCARTESIANPOINT((0.,0.));
#1750= IFCDIRECTION((1.,0.));
#1751= IFCAXIS2PLACEMENT2D(#1749,#1750);
#1752= IFCRECTANGLEPROFILEDEF(.AREA.,$,#1751,0.550,0.550);
#1753= IFCCARTESIANPOINT((-3.000,0.000,0.000));
#1754= IFCDIRECTION((0.,0.,1.));
#1755= IFCDIRECTION((1.,0.,0.));
#1756= IFCAXIS2PLACEMENT3D(#1753,#1754,#1755);
#1757= IFCDIRECTION((0.,0.,1.));
#1758= IFCEXTRUDEDAREASOLID(#1752,#1756,#1757,4.000);
#1759= IFCSHAPEREPRESENTATION(#10,'Body','SweptSolid',(#1758));
#1760= IFCPRODUCTDEFINITIONSHAPE($,$,(#1759));
#1761= IFCLOCALPLACEMENT(#1331,#9);
#1762= IFCCOLUMN('MJLCOL0020017000000000',#5,'L02 - Column -03/+00',$,$,#1761,#1760,$);
#1763= IFCPROPERTYSINGLEVALUE('AssetReference',$,IFCLABEL('COL-02-017'),$);
#1764= IFCPROPERTYSINGLEVALUE('Level',$,IFCLABEL('Level 02'),$);
#1765= IFCPROPERTYSINGLEVALUE('System',$,IFCLABEL('Structure'),$);
#1766= IFCPROPERTYSINGLEVALUE('Status',$,IFCLABEL('Issued for Coordination'),$);
#1767= IFCPROPERTYSINGLEVALUE('FireRating',$,IFCLABEL('120 min'),$);
#1768= IFCPROPERTYSET('MJLPSET020067000000000',#5,'Pset_MajalAsset',$,(#1763,#1764,#1765,#1766,#1767));
#1769= IFCRELDEFINESBYPROPERTIES('MJLRPS0020067000000000',#5,$,$,(#1762),#1768);
#1770= IFCQUANTITYAREA('GrossArea',$,$,2.200,$);
#1771= IFCQUANTITYVOLUME('GrossVolume',$,$,1.210,$);
#1772= IFCQUANTITYCOUNT('Count',$,$,1.,$);
#1773= IFCELEMENTQUANTITY('MJLQTO0020067000000000',#5,'BaseQuantities',$,$,(#1770,#1771,#1772));
#1774= IFCRELDEFINESBYPROPERTIES('MJLRQT0020067000000000',#5,$,$,(#1762),#1773);
#1775= IFCCARTESIANPOINT((0.,0.));
#1776= IFCDIRECTION((1.,0.));
#1777= IFCAXIS2PLACEMENT2D(#1775,#1776);
#1778= IFCRECTANGLEPROFILEDEF(.AREA.,$,#1777,0.550,0.550);
#1779= IFCCARTESIANPOINT((-3.000,10.000,0.000));
#1780= IFCDIRECTION((0.,0.,1.));
#1781= IFCDIRECTION((1.,0.,0.));
#1782= IFCAXIS2PLACEMENT3D(#1779,#1780,#1781);
#1783= IFCDIRECTION((0.,0.,1.));
#1784= IFCEXTRUDEDAREASOLID(#1778,#1782,#1783,4.000);
#1785= IFCSHAPEREPRESENTATION(#10,'Body','SweptSolid',(#1784));
#1786= IFCPRODUCTDEFINITIONSHAPE($,$,(#1785));
#1787= IFCLOCALPLACEMENT(#1331,#9);
#1788= IFCCOLUMN('MJLCOL0020018000000000',#5,'L02 - Column -03/+10',$,$,#1787,#1786,$);
#1789= IFCPROPERTYSINGLEVALUE('AssetReference',$,IFCLABEL('COL-02-018'),$);
#1790= IFCPROPERTYSINGLEVALUE('Level',$,IFCLABEL('Level 02'),$);
#1791= IFCPROPERTYSINGLEVALUE('System',$,IFCLABEL('Structure'),$);
#1792= IFCPROPERTYSINGLEVALUE('Status',$,IFCLABEL('Issued for Coordination'),$);
#1793= IFCPROPERTYSINGLEVALUE('FireRating',$,IFCLABEL('120 min'),$);
#1794= IFCPROPERTYSET('MJLPSET020068000000000',#5,'Pset_MajalAsset',$,(#1789,#1790,#1791,#1792,#1793));
#1795= IFCRELDEFINESBYPROPERTIES('MJLRPS0020068000000000',#5,$,$,(#1788),#1794);
#1796= IFCQUANTITYAREA('GrossArea',$,$,2.200,$);
#1797= IFCQUANTITYVOLUME('GrossVolume',$,$,1.210,$);
#1798= IFCQUANTITYCOUNT('Count',$,$,1.,$);
#1799= IFCELEMENTQUANTITY('MJLQTO0020068000000000',#5,'BaseQuantities',$,$,(#1796,#1797,#1798));
#1800= IFCRELDEFINESBYPROPERTIES('MJLRQT0020068000000000',#5,$,$,(#1788),#1799);
#1801= IFCCARTESIANPOINT((0.,0.));
#1802= IFCDIRECTION((1.,0.));
#1803= IFCAXIS2PLACEMENT2D(#1801,#1802);
#1804= IFCRECTANGLEPROFILEDEF(.AREA.,$,#1803,0.550,0.550);
#1805= IFCCARTESIANPOINT((3.000,-10.000,0.000));
#1806= IFCDIRECTION((0.,0.,1.));
#1807= IFCDIRECTION((1.,0.,0.));
#1808= IFCAXIS2PLACEMENT3D(#1805,#1806,#1807);
#1809= IFCDIRECTION((0.,0.,1.));
#1810= IFCEXTRUDEDAREASOLID(#1804,#1808,#1809,4.000);
#1811= IFCSHAPEREPRESENTATION(#10,'Body','SweptSolid',(#1810));
#1812= IFCPRODUCTDEFINITIONSHAPE($,$,(#1811));
#1813= IFCLOCALPLACEMENT(#1331,#9);
#1814= IFCCOLUMN('MJLCOL0020019000000000',#5,'L02 - Column +03/-10',$,$,#1813,#1812,$);
#1815= IFCPROPERTYSINGLEVALUE('AssetReference',$,IFCLABEL('COL-02-019'),$);
#1816= IFCPROPERTYSINGLEVALUE('Level',$,IFCLABEL('Level 02'),$);
#1817= IFCPROPERTYSINGLEVALUE('System',$,IFCLABEL('Structure'),$);
#1818= IFCPROPERTYSINGLEVALUE('Status',$,IFCLABEL('Issued for Coordination'),$);
#1819= IFCPROPERTYSINGLEVALUE('FireRating',$,IFCLABEL('120 min'),$);
#1820= IFCPROPERTYSET('MJLPSET020069000000000',#5,'Pset_MajalAsset',$,(#1815,#1816,#1817,#1818,#1819));
#1821= IFCRELDEFINESBYPROPERTIES('MJLRPS0020069000000000',#5,$,$,(#1814),#1820);
#1822= IFCQUANTITYAREA('GrossArea',$,$,2.200,$);
#1823= IFCQUANTITYVOLUME('GrossVolume',$,$,1.210,$);
#1824= IFCQUANTITYCOUNT('Count',$,$,1.,$);
#1825= IFCELEMENTQUANTITY('MJLQTO0020069000000000',#5,'BaseQuantities',$,$,(#1822,#1823,#1824));
#1826= IFCRELDEFINESBYPROPERTIES('MJLRQT0020069000000000',#5,$,$,(#1814),#1825);
#1827= IFCCARTESIANPOINT((0.,0.));
#1828= IFCDIRECTION((1.,0.));
#1829= IFCAXIS2PLACEMENT2D(#1827,#1828);
#1830= IFCRECTANGLEPROFILEDEF(.AREA.,$,#1829,0.550,0.550);
#1831= IFCCARTESIANPOINT((3.000,0.000,0.000));
#1832= IFCDIRECTION((0.,0.,1.));
#1833= IFCDIRECTION((1.,0.,0.));
#1834= IFCAXIS2PLACEMENT3D(#1831,#1832,#1833);
#1835= IFCDIRECTION((0.,0.,1.));
#1836= IFCEXTRUDEDAREASOLID(#1830,#1834,#1835,4.000);
#1837= IFCSHAPEREPRESENTATION(#10,'Body','SweptSolid',(#1836));
#1838= IFCPRODUCTDEFINITIONSHAPE($,$,(#1837));
#1839= IFCLOCALPLACEMENT(#1331,#9);
#1840= IFCCOLUMN('MJLCOL0020020000000000',#5,'L02 - Column +03/+00',$,$,#1839,#1838,$);
#1841= IFCPROPERTYSINGLEVALUE('AssetReference',$,IFCLABEL('COL-02-020'),$);
#1842= IFCPROPERTYSINGLEVALUE('Level',$,IFCLABEL('Level 02'),$);
#1843= IFCPROPERTYSINGLEVALUE('System',$,IFCLABEL('Structure'),$);
#1844= IFCPROPERTYSINGLEVALUE('Status',$,IFCLABEL('Issued for Coordination'),$);
#1845= IFCPROPERTYSINGLEVALUE('FireRating',$,IFCLABEL('120 min'),$);
#1846= IFCPROPERTYSET('MJLPSET020070000000000',#5,'Pset_MajalAsset',$,(#1841,#1842,#1843,#1844,#1845));
#1847= IFCRELDEFINESBYPROPERTIES('MJLRPS0020070000000000',#5,$,$,(#1840),#1846);
#1848= IFCQUANTITYAREA('GrossArea',$,$,2.200,$);
#1849= IFCQUANTITYVOLUME('GrossVolume',$,$,1.210,$);
#1850= IFCQUANTITYCOUNT('Count',$,$,1.,$);
#1851= IFCELEMENTQUANTITY('MJLQTO0020070000000000',#5,'BaseQuantities',$,$,(#1848,#1849,#1850));
#1852= IFCRELDEFINESBYPROPERTIES('MJLRQT0020070000000000',#5,$,$,(#1840),#1851);
#1853= IFCCARTESIANPOINT((0.,0.));
#1854= IFCDIRECTION((1.,0.));
#1855= IFCAXIS2PLACEMENT2D(#1853,#1854);
#1856= IFCRECTANGLEPROFILEDEF(.AREA.,$,#1855,0.550,0.550);
#1857= IFCCARTESIANPOINT((3.000,10.000,0.000));
#1858= IFCDIRECTION((0.,0.,1.));
#1859= IFCDIRECTION((1.,0.,0.));
#1860= IFCAXIS2PLACEMENT3D(#1857,#1858,#1859);
#1861= IFCDIRECTION((0.,0.,1.));
#1862= IFCEXTRUDEDAREASOLID(#1856,#1860,#1861,4.000);
#1863= IFCSHAPEREPRESENTATION(#10,'Body','SweptSolid',(#1862));
#1864= IFCPRODUCTDEFINITIONSHAPE($,$,(#1863));
#1865= IFCLOCALPLACEMENT(#1331,#9);
#1866= IFCCOLUMN('MJLCOL0020021000000000',#5,'L02 - Column +03/+10',$,$,#1865,#1864,$);
#1867= IFCPROPERTYSINGLEVALUE('AssetReference',$,IFCLABEL('COL-02-021'),$);
#1868= IFCPROPERTYSINGLEVALUE('Level',$,IFCLABEL('Level 02'),$);
#1869= IFCPROPERTYSINGLEVALUE('System',$,IFCLABEL('Structure'),$);
#1870= IFCPROPERTYSINGLEVALUE('Status',$,IFCLABEL('Issued for Coordination'),$);
#1871= IFCPROPERTYSINGLEVALUE('FireRating',$,IFCLABEL('120 min'),$);
#1872= IFCPROPERTYSET('MJLPSET020071000000000',#5,'Pset_MajalAsset',$,(#1867,#1868,#1869,#1870,#1871));
#1873= IFCRELDEFINESBYPROPERTIES('MJLRPS0020071000000000',#5,$,$,(#1866),#1872);
#1874= IFCQUANTITYAREA('GrossArea',$,$,2.200,$);
#1875= IFCQUANTITYVOLUME('GrossVolume',$,$,1.210,$);
#1876= IFCQUANTITYCOUNT('Count',$,$,1.,$);
#1877= IFCELEMENTQUANTITY('MJLQTO0020071000000000',#5,'BaseQuantities',$,$,(#1874,#1875,#1876));
#1878= IFCRELDEFINESBYPROPERTIES('MJLRQT0020071000000000',#5,$,$,(#1866),#1877);
#1879= IFCCARTESIANPOINT((0.,0.));
#1880= IFCDIRECTION((1.,0.));
#1881= IFCAXIS2PLACEMENT2D(#1879,#1880);
#1882= IFCRECTANGLEPROFILEDEF(.AREA.,$,#1881,0.550,0.550);
#1883= IFCCARTESIANPOINT((9.000,-10.000,0.000));
#1884= IFCDIRECTION((0.,0.,1.));
#1885= IFCDIRECTION((1.,0.,0.));
#1886= IFCAXIS2PLACEMENT3D(#1883,#1884,#1885);
#1887= IFCDIRECTION((0.,0.,1.));
#1888= IFCEXTRUDEDAREASOLID(#1882,#1886,#1887,4.000);
#1889= IFCSHAPEREPRESENTATION(#10,'Body','SweptSolid',(#1888));
#1890= IFCPRODUCTDEFINITIONSHAPE($,$,(#1889));
#1891= IFCLOCALPLACEMENT(#1331,#9);
#1892= IFCCOLUMN('MJLCOL0020022000000000',#5,'L02 - Column +09/-10',$,$,#1891,#1890,$);
#1893= IFCPROPERTYSINGLEVALUE('AssetReference',$,IFCLABEL('COL-02-022'),$);
#1894= IFCPROPERTYSINGLEVALUE('Level',$,IFCLABEL('Level 02'),$);
#1895= IFCPROPERTYSINGLEVALUE('System',$,IFCLABEL('Structure'),$);
#1896= IFCPROPERTYSINGLEVALUE('Status',$,IFCLABEL('Issued for Coordination'),$);
#1897= IFCPROPERTYSINGLEVALUE('FireRating',$,IFCLABEL('120 min'),$);
#1898= IFCPROPERTYSET('MJLPSET020072000000000',#5,'Pset_MajalAsset',$,(#1893,#1894,#1895,#1896,#1897));
#1899= IFCRELDEFINESBYPROPERTIES('MJLRPS0020072000000000',#5,$,$,(#1892),#1898);
#1900= IFCQUANTITYAREA('GrossArea',$,$,2.200,$);
#1901= IFCQUANTITYVOLUME('GrossVolume',$,$,1.210,$);
#1902= IFCQUANTITYCOUNT('Count',$,$,1.,$);
#1903= IFCELEMENTQUANTITY('MJLQTO0020072000000000',#5,'BaseQuantities',$,$,(#1900,#1901,#1902));
#1904= IFCRELDEFINESBYPROPERTIES('MJLRQT0020072000000000',#5,$,$,(#1892),#1903);
#1905= IFCCARTESIANPOINT((0.,0.));
#1906= IFCDIRECTION((1.,0.));
#1907= IFCAXIS2PLACEMENT2D(#1905,#1906);
#1908= IFCRECTANGLEPROFILEDEF(.AREA.,$,#1907,0.550,0.550);
#1909= IFCCARTESIANPOINT((9.000,0.000,0.000));
#1910= IFCDIRECTION((0.,0.,1.));
#1911= IFCDIRECTION((1.,0.,0.));
#1912= IFCAXIS2PLACEMENT3D(#1909,#1910,#1911);
#1913= IFCDIRECTION((0.,0.,1.));
#1914= IFCEXTRUDEDAREASOLID(#1908,#1912,#1913,4.000);
#1915= IFCSHAPEREPRESENTATION(#10,'Body','SweptSolid',(#1914));
#1916= IFCPRODUCTDEFINITIONSHAPE($,$,(#1915));
#1917= IFCLOCALPLACEMENT(#1331,#9);
#1918= IFCCOLUMN('MJLCOL0020023000000000',#5,'L02 - Column +09/+00',$,$,#1917,#1916,$);
#1919= IFCPROPERTYSINGLEVALUE('AssetReference',$,IFCLABEL('COL-02-023'),$);
#1920= IFCPROPERTYSINGLEVALUE('Level',$,IFCLABEL('Level 02'),$);
#1921= IFCPROPERTYSINGLEVALUE('System',$,IFCLABEL('Structure'),$);
#1922= IFCPROPERTYSINGLEVALUE('Status',$,IFCLABEL('Issued for Coordination'),$);
#1923= IFCPROPERTYSINGLEVALUE('FireRating',$,IFCLABEL('120 min'),$);
#1924= IFCPROPERTYSET('MJLPSET020073000000000',#5,'Pset_MajalAsset',$,(#1919,#1920,#1921,#1922,#1923));
#1925= IFCRELDEFINESBYPROPERTIES('MJLRPS0020073000000000',#5,$,$,(#1918),#1924);
#1926= IFCQUANTITYAREA('GrossArea',$,$,2.200,$);
#1927= IFCQUANTITYVOLUME('GrossVolume',$,$,1.210,$);
#1928= IFCQUANTITYCOUNT('Count',$,$,1.,$);
#1929= IFCELEMENTQUANTITY('MJLQTO0020073000000000',#5,'BaseQuantities',$,$,(#1926,#1927,#1928));
#1930= IFCRELDEFINESBYPROPERTIES('MJLRQT0020073000000000',#5,$,$,(#1918),#1929);
#1931= IFCCARTESIANPOINT((0.,0.));
#1932= IFCDIRECTION((1.,0.));
#1933= IFCAXIS2PLACEMENT2D(#1931,#1932);
#1934= IFCRECTANGLEPROFILEDEF(.AREA.,$,#1933,0.550,0.550);
#1935= IFCCARTESIANPOINT((9.000,10.000,0.000));
#1936= IFCDIRECTION((0.,0.,1.));
#1937= IFCDIRECTION((1.,0.,0.));
#1938= IFCAXIS2PLACEMENT3D(#1935,#1936,#1937);
#1939= IFCDIRECTION((0.,0.,1.));
#1940= IFCEXTRUDEDAREASOLID(#1934,#1938,#1939,4.000);
#1941= IFCSHAPEREPRESENTATION(#10,'Body','SweptSolid',(#1940));
#1942= IFCPRODUCTDEFINITIONSHAPE($,$,(#1941));
#1943= IFCLOCALPLACEMENT(#1331,#9);
#1944= IFCCOLUMN('MJLCOL0020024000000000',#5,'L02 - Column +09/+10',$,$,#1943,#1942,$);
#1945= IFCPROPERTYSINGLEVALUE('AssetReference',$,IFCLABEL('COL-02-024'),$);
#1946= IFCPROPERTYSINGLEVALUE('Level',$,IFCLABEL('Level 02'),$);
#1947= IFCPROPERTYSINGLEVALUE('System',$,IFCLABEL('Structure'),$);
#1948= IFCPROPERTYSINGLEVALUE('Status',$,IFCLABEL('Issued for Coordination'),$);
#1949= IFCPROPERTYSINGLEVALUE('FireRating',$,IFCLABEL('120 min'),$);
#1950= IFCPROPERTYSET('MJLPSET020074000000000',#5,'Pset_MajalAsset',$,(#1945,#1946,#1947,#1948,#1949));
#1951= IFCRELDEFINESBYPROPERTIES('MJLRPS0020074000000000',#5,$,$,(#1944),#1950);
#1952= IFCQUANTITYAREA('GrossArea',$,$,2.200,$);
#1953= IFCQUANTITYVOLUME('GrossVolume',$,$,1.210,$);
#1954= IFCQUANTITYCOUNT('Count',$,$,1.,$);
#1955= IFCELEMENTQUANTITY('MJLQTO0020074000000000',#5,'BaseQuantities',$,$,(#1952,#1953,#1954));
#1956= IFCRELDEFINESBYPROPERTIES('MJLRQT0020074000000000',#5,$,$,(#1944),#1955);
#1957= IFCCARTESIANPOINT((0.,0.));
#1958= IFCDIRECTION((1.,0.));
#1959= IFCAXIS2PLACEMENT2D(#1957,#1958);
#1960= IFCRECTANGLEPROFILEDEF(.AREA.,$,#1959,0.550,0.550);
#1961= IFCCARTESIANPOINT((15.000,-10.000,0.000));
#1962= IFCDIRECTION((0.,0.,1.));
#1963= IFCDIRECTION((1.,0.,0.));
#1964= IFCAXIS2PLACEMENT3D(#1961,#1962,#1963);
#1965= IFCDIRECTION((0.,0.,1.));
#1966= IFCEXTRUDEDAREASOLID(#1960,#1964,#1965,4.000);
#1967= IFCSHAPEREPRESENTATION(#10,'Body','SweptSolid',(#1966));
#1968= IFCPRODUCTDEFINITIONSHAPE($,$,(#1967));
#1969= IFCLOCALPLACEMENT(#1331,#9);
#1970= IFCCOLUMN('MJLCOL0020025000000000',#5,'L02 - Column +15/-10',$,$,#1969,#1968,$);
#1971= IFCPROPERTYSINGLEVALUE('AssetReference',$,IFCLABEL('COL-02-025'),$);
#1972= IFCPROPERTYSINGLEVALUE('Level',$,IFCLABEL('Level 02'),$);
#1973= IFCPROPERTYSINGLEVALUE('System',$,IFCLABEL('Structure'),$);
#1974= IFCPROPERTYSINGLEVALUE('Status',$,IFCLABEL('Issued for Coordination'),$);
#1975= IFCPROPERTYSINGLEVALUE('FireRating',$,IFCLABEL('120 min'),$);
#1976= IFCPROPERTYSET('MJLPSET020075000000000',#5,'Pset_MajalAsset',$,(#1971,#1972,#1973,#1974,#1975));
#1977= IFCRELDEFINESBYPROPERTIES('MJLRPS0020075000000000',#5,$,$,(#1970),#1976);
#1978= IFCQUANTITYAREA('GrossArea',$,$,2.200,$);
#1979= IFCQUANTITYVOLUME('GrossVolume',$,$,1.210,$);
#1980= IFCQUANTITYCOUNT('Count',$,$,1.,$);
#1981= IFCELEMENTQUANTITY('MJLQTO0020075000000000',#5,'BaseQuantities',$,$,(#1978,#1979,#1980));
#1982= IFCRELDEFINESBYPROPERTIES('MJLRQT0020075000000000',#5,$,$,(#1970),#1981);
#1983= IFCCARTESIANPOINT((0.,0.));
#1984= IFCDIRECTION((1.,0.));
#1985= IFCAXIS2PLACEMENT2D(#1983,#1984);
#1986= IFCRECTANGLEPROFILEDEF(.AREA.,$,#1985,0.550,0.550);
#1987= IFCCARTESIANPOINT((15.000,0.000,0.000));
#1988= IFCDIRECTION((0.,0.,1.));
#1989= IFCDIRECTION((1.,0.,0.));
#1990= IFCAXIS2PLACEMENT3D(#1987,#1988,#1989);
#1991= IFCDIRECTION((0.,0.,1.));
#1992= IFCEXTRUDEDAREASOLID(#1986,#1990,#1991,4.000);
#1993= IFCSHAPEREPRESENTATION(#10,'Body','SweptSolid',(#1992));
#1994= IFCPRODUCTDEFINITIONSHAPE($,$,(#1993));
#1995= IFCLOCALPLACEMENT(#1331,#9);
#1996= IFCCOLUMN('MJLCOL0020026000000000',#5,'L02 - Column +15/+00',$,$,#1995,#1994,$);
#1997= IFCPROPERTYSINGLEVALUE('AssetReference',$,IFCLABEL('COL-02-026'),$);
#1998= IFCPROPERTYSINGLEVALUE('Level',$,IFCLABEL('Level 02'),$);
#1999= IFCPROPERTYSINGLEVALUE('System',$,IFCLABEL('Structure'),$);
#2000= IFCPROPERTYSINGLEVALUE('Status',$,IFCLABEL('Issued for Coordination'),$);
#2001= IFCPROPERTYSINGLEVALUE('FireRating',$,IFCLABEL('120 min'),$);
#2002= IFCPROPERTYSET('MJLPSET020076000000000',#5,'Pset_MajalAsset',$,(#1997,#1998,#1999,#2000,#2001));
#2003= IFCRELDEFINESBYPROPERTIES('MJLRPS0020076000000000',#5,$,$,(#1996),#2002);
#2004= IFCQUANTITYAREA('GrossArea',$,$,2.200,$);
#2005= IFCQUANTITYVOLUME('GrossVolume',$,$,1.210,$);
#2006= IFCQUANTITYCOUNT('Count',$,$,1.,$);
#2007= IFCELEMENTQUANTITY('MJLQTO0020076000000000',#5,'BaseQuantities',$,$,(#2004,#2005,#2006));
#2008= IFCRELDEFINESBYPROPERTIES('MJLRQT0020076000000000',#5,$,$,(#1996),#2007);
#2009= IFCCARTESIANPOINT((0.,0.));
#2010= IFCDIRECTION((1.,0.));
#2011= IFCAXIS2PLACEMENT2D(#2009,#2010);
#2012= IFCRECTANGLEPROFILEDEF(.AREA.,$,#2011,0.550,0.550);
#2013= IFCCARTESIANPOINT((15.000,10.000,0.000));
#2014= IFCDIRECTION((0.,0.,1.));
#2015= IFCDIRECTION((1.,0.,0.));
#2016= IFCAXIS2PLACEMENT3D(#2013,#2014,#2015);
#2017= IFCDIRECTION((0.,0.,1.));
#2018= IFCEXTRUDEDAREASOLID(#2012,#2016,#2017,4.000);
#2019= IFCSHAPEREPRESENTATION(#10,'Body','SweptSolid',(#2018));
#2020= IFCPRODUCTDEFINITIONSHAPE($,$,(#2019));
#2021= IFCLOCALPLACEMENT(#1331,#9);
#2022= IFCCOLUMN('MJLCOL0020027000000000',#5,'L02 - Column +15/+10',$,$,#2021,#2020,$);
#2023= IFCPROPERTYSINGLEVALUE('AssetReference',$,IFCLABEL('COL-02-027'),$);
#2024= IFCPROPERTYSINGLEVALUE('Level',$,IFCLABEL('Level 02'),$);
#2025= IFCPROPERTYSINGLEVALUE('System',$,IFCLABEL('Structure'),$);
#2026= IFCPROPERTYSINGLEVALUE('Status',$,IFCLABEL('Issued for Coordination'),$);
#2027= IFCPROPERTYSINGLEVALUE('FireRating',$,IFCLABEL('120 min'),$);
#2028= IFCPROPERTYSET('MJLPSET020077000000000',#5,'Pset_MajalAsset',$,(#2023,#2024,#2025,#2026,#2027));
#2029= IFCRELDEFINESBYPROPERTIES('MJLRPS0020077000000000',#5,$,$,(#2022),#2028);
#2030= IFCQUANTITYAREA('GrossArea',$,$,2.200,$);
#2031= IFCQUANTITYVOLUME('GrossVolume',$,$,1.210,$);
#2032= IFCQUANTITYCOUNT('Count',$,$,1.,$);
#2033= IFCELEMENTQUANTITY('MJLQTO0020077000000000',#5,'BaseQuantities',$,$,(#2030,#2031,#2032));
#2034= IFCRELDEFINESBYPROPERTIES('MJLRQT0020077000000000',#5,$,$,(#2022),#2033);
#2035= IFCCARTESIANPOINT((0.,0.));
#2036= IFCDIRECTION((1.,0.));
#2037= IFCAXIS2PLACEMENT2D(#2035,#2036);
#2038= IFCRECTANGLEPROFILEDEF(.AREA.,$,#2037,36.000,0.400);
#2039= IFCCARTESIANPOINT((0.000,-10.000,0.000));
#2040= IFCDIRECTION((0.,0.,1.));
#2041= IFCDIRECTION((1.,0.,0.));
#2042= IFCAXIS2PLACEMENT3D(#2039,#2040,#2041);
#2043= IFCDIRECTION((0.,0.,1.));
#2044= IFCEXTRUDEDAREASOLID(#2038,#2042,#2043,0.650);
#2045= IFCSHAPEREPRESENTATION(#10,'Body','SweptSolid',(#2044));
#2046= IFCPRODUCTDEFINITIONSHAPE($,$,(#2045));
#2047= IFCLOCALPLACEMENT(#1331,#9);
#2048= IFCBEAM('MJLBEAM020028000000000',#5,'L02 - Primary beam Y1',$,$,#2047,#2046,$);
#2049= IFCPROPERTYSINGLEVALUE('AssetReference',$,IFCLABEL('BEAM-02-028'),$);
#2050= IFCPROPERTYSINGLEVALUE('Level',$,IFCLABEL('Level 02'),$);
#2051= IFCPROPERTYSINGLEVALUE('System',$,IFCLABEL('Structure'),$);
#2052= IFCPROPERTYSINGLEVALUE('Status',$,IFCLABEL('Issued for Coordination'),$);
#2053= IFCPROPERTYSINGLEVALUE('FireRating',$,IFCLABEL('120 min'),$);
#2054= IFCPROPERTYSET('MJLPSET020078000000000',#5,'Pset_MajalAsset',$,(#2049,#2050,#2051,#2052,#2053));
#2055= IFCRELDEFINESBYPROPERTIES('MJLRPS0020078000000000',#5,$,$,(#2048),#2054);
#2056= IFCQUANTITYAREA('GrossArea',$,$,23.400,$);
#2057= IFCQUANTITYVOLUME('GrossVolume',$,$,9.360,$);
#2058= IFCQUANTITYCOUNT('Count',$,$,1.,$);
#2059= IFCELEMENTQUANTITY('MJLQTO0020078000000000',#5,'BaseQuantities',$,$,(#2056,#2057,#2058));
#2060= IFCRELDEFINESBYPROPERTIES('MJLRQT0020078000000000',#5,$,$,(#2048),#2059);
#2061= IFCCARTESIANPOINT((0.,0.));
#2062= IFCDIRECTION((1.,0.));
#2063= IFCAXIS2PLACEMENT2D(#2061,#2062);
#2064= IFCRECTANGLEPROFILEDEF(.AREA.,$,#2063,36.000,0.400);
#2065= IFCCARTESIANPOINT((0.000,0.000,0.000));
#2066= IFCDIRECTION((0.,0.,1.));
#2067= IFCDIRECTION((1.,0.,0.));
#2068= IFCAXIS2PLACEMENT3D(#2065,#2066,#2067);
#2069= IFCDIRECTION((0.,0.,1.));
#2070= IFCEXTRUDEDAREASOLID(#2064,#2068,#2069,0.650);
#2071= IFCSHAPEREPRESENTATION(#10,'Body','SweptSolid',(#2070));
#2072= IFCPRODUCTDEFINITIONSHAPE($,$,(#2071));
#2073= IFCLOCALPLACEMENT(#1331,#9);
#2074= IFCBEAM('MJLBEAM020029000000000',#5,'L02 - Primary beam Y2',$,$,#2073,#2072,$);
#2075= IFCPROPERTYSINGLEVALUE('AssetReference',$,IFCLABEL('BEAM-02-029'),$);
#2076= IFCPROPERTYSINGLEVALUE('Level',$,IFCLABEL('Level 02'),$);
#2077= IFCPROPERTYSINGLEVALUE('System',$,IFCLABEL('Structure'),$);
#2078= IFCPROPERTYSINGLEVALUE('Status',$,IFCLABEL('Issued for Coordination'),$);
#2079= IFCPROPERTYSINGLEVALUE('FireRating',$,IFCLABEL('120 min'),$);
#2080= IFCPROPERTYSET('MJLPSET020079000000000',#5,'Pset_MajalAsset',$,(#2075,#2076,#2077,#2078,#2079));
#2081= IFCRELDEFINESBYPROPERTIES('MJLRPS0020079000000000',#5,$,$,(#2074),#2080);
#2082= IFCQUANTITYAREA('GrossArea',$,$,23.400,$);
#2083= IFCQUANTITYVOLUME('GrossVolume',$,$,9.360,$);
#2084= IFCQUANTITYCOUNT('Count',$,$,1.,$);
#2085= IFCELEMENTQUANTITY('MJLQTO0020079000000000',#5,'BaseQuantities',$,$,(#2082,#2083,#2084));
#2086= IFCRELDEFINESBYPROPERTIES('MJLRQT0020079000000000',#5,$,$,(#2074),#2085);
#2087= IFCCARTESIANPOINT((0.,0.));
#2088= IFCDIRECTION((1.,0.));
#2089= IFCAXIS2PLACEMENT2D(#2087,#2088);
#2090= IFCRECTANGLEPROFILEDEF(.AREA.,$,#2089,36.000,0.400);
#2091= IFCCARTESIANPOINT((0.000,10.000,0.000));
#2092= IFCDIRECTION((0.,0.,1.));
#2093= IFCDIRECTION((1.,0.,0.));
#2094= IFCAXIS2PLACEMENT3D(#2091,#2092,#2093);
#2095= IFCDIRECTION((0.,0.,1.));
#2096= IFCEXTRUDEDAREASOLID(#2090,#2094,#2095,0.650);
#2097= IFCSHAPEREPRESENTATION(#10,'Body','SweptSolid',(#2096));
#2098= IFCPRODUCTDEFINITIONSHAPE($,$,(#2097));
#2099= IFCLOCALPLACEMENT(#1331,#9);
#2100= IFCBEAM('MJLBEAM020030000000000',#5,'L02 - Primary beam Y3',$,$,#2099,#2098,$);
#2101= IFCPROPERTYSINGLEVALUE('AssetReference',$,IFCLABEL('BEAM-02-030'),$);
#2102= IFCPROPERTYSINGLEVALUE('Level',$,IFCLABEL('Level 02'),$);
#2103= IFCPROPERTYSINGLEVALUE('System',$,IFCLABEL('Structure'),$);
#2104= IFCPROPERTYSINGLEVALUE('Status',$,IFCLABEL('Issued for Coordination'),$);
#2105= IFCPROPERTYSINGLEVALUE('FireRating',$,IFCLABEL('120 min'),$);
#2106= IFCPROPERTYSET('MJLPSET020080000000000',#5,'Pset_MajalAsset',$,(#2101,#2102,#2103,#2104,#2105));
#2107= IFCRELDEFINESBYPROPERTIES('MJLRPS0020080000000000',#5,$,$,(#2100),#2106);
#2108= IFCQUANTITYAREA('GrossArea',$,$,23.400,$);
#2109= IFCQUANTITYVOLUME('GrossVolume',$,$,9.360,$);
#2110= IFCQUANTITYCOUNT('Count',$,$,1.,$);
#2111= IFCELEMENTQUANTITY('MJLQTO0020080000000000',#5,'BaseQuantities',$,$,(#2108,#2109,#2110));
#2112= IFCRELDEFINESBYPROPERTIES('MJLRQT0020080000000000',#5,$,$,(#2100),#2111);
#2113= IFCCARTESIANPOINT((0.,0.));
#2114= IFCDIRECTION((1.,0.));
#2115= IFCAXIS2PLACEMENT2D(#2113,#2114);
#2116= IFCRECTANGLEPROFILEDEF(.AREA.,$,#2115,0.400,26.000);
#2117= IFCCARTESIANPOINT((-15.000,0.000,0.000));
#2118= IFCDIRECTION((0.,0.,1.));
#2119= IFCDIRECTION((1.,0.,0.));
#2120= IFCAXIS2PLACEMENT3D(#2117,#2118,#2119);
#2121= IFCDIRECTION((0.,0.,1.));
#2122= IFCEXTRUDEDAREASOLID(#2116,#2120,#2121,0.550);
#2123= IFCSHAPEREPRESENTATION(#10,'Body','SweptSolid',(#2122));
#2124= IFCPRODUCTDEFINITIONSHAPE($,$,(#2123));
#2125= IFCLOCALPLACEMENT(#1331,#9);
#2126= IFCBEAM('MJLBEAM020031000000000',#5,'L02 - Secondary beam X1',$,$,#2125,#2124,$);
#2127= IFCPROPERTYSINGLEVALUE('AssetReference',$,IFCLABEL('BEAM-02-031'),$);
#2128= IFCPROPERTYSINGLEVALUE('Level',$,IFCLABEL('Level 02'),$);
#2129= IFCPROPERTYSINGLEVALUE('System',$,IFCLABEL('Structure'),$);
#2130= IFCPROPERTYSINGLEVALUE('Status',$,IFCLABEL('Issued for Coordination'),$);
#2131= IFCPROPERTYSINGLEVALUE('FireRating',$,IFCLABEL('120 min'),$);
#2132= IFCPROPERTYSET('MJLPSET020081000000000',#5,'Pset_MajalAsset',$,(#2127,#2128,#2129,#2130,#2131));
#2133= IFCRELDEFINESBYPROPERTIES('MJLRPS0020081000000000',#5,$,$,(#2126),#2132);
#2134= IFCQUANTITYAREA('GrossArea',$,$,10.400,$);
#2135= IFCQUANTITYVOLUME('GrossVolume',$,$,5.720,$);
#2136= IFCQUANTITYCOUNT('Count',$,$,1.,$);
#2137= IFCELEMENTQUANTITY('MJLQTO0020081000000000',#5,'BaseQuantities',$,$,(#2134,#2135,#2136));
#2138= IFCRELDEFINESBYPROPERTIES('MJLRQT0020081000000000',#5,$,$,(#2126),#2137);
#2139= IFCCARTESIANPOINT((0.,0.));
#2140= IFCDIRECTION((1.,0.));
#2141= IFCAXIS2PLACEMENT2D(#2139,#2140);
#2142= IFCRECTANGLEPROFILEDEF(.AREA.,$,#2141,0.400,26.000);
#2143= IFCCARTESIANPOINT((-5.000,0.000,0.000));
#2144= IFCDIRECTION((0.,0.,1.));
#2145= IFCDIRECTION((1.,0.,0.));
#2146= IFCAXIS2PLACEMENT3D(#2143,#2144,#2145);
#2147= IFCDIRECTION((0.,0.,1.));
#2148= IFCEXTRUDEDAREASOLID(#2142,#2146,#2147,0.550);
#2149= IFCSHAPEREPRESENTATION(#10,'Body','SweptSolid',(#2148));
#2150= IFCPRODUCTDEFINITIONSHAPE($,$,(#2149));
#2151= IFCLOCALPLACEMENT(#1331,#9);
#2152= IFCBEAM('MJLBEAM020032000000000',#5,'L02 - Secondary beam X2',$,$,#2151,#2150,$);
#2153= IFCPROPERTYSINGLEVALUE('AssetReference',$,IFCLABEL('BEAM-02-032'),$);
#2154= IFCPROPERTYSINGLEVALUE('Level',$,IFCLABEL('Level 02'),$);
#2155= IFCPROPERTYSINGLEVALUE('System',$,IFCLABEL('Structure'),$);
#2156= IFCPROPERTYSINGLEVALUE('Status',$,IFCLABEL('Issued for Coordination'),$);
#2157= IFCPROPERTYSINGLEVALUE('FireRating',$,IFCLABEL('120 min'),$);
#2158= IFCPROPERTYSET('MJLPSET020082000000000',#5,'Pset_MajalAsset',$,(#2153,#2154,#2155,#2156,#2157));
#2159= IFCRELDEFINESBYPROPERTIES('MJLRPS0020082000000000',#5,$,$,(#2152),#2158);
#2160= IFCQUANTITYAREA('GrossArea',$,$,10.400,$);
#2161= IFCQUANTITYVOLUME('GrossVolume',$,$,5.720,$);
#2162= IFCQUANTITYCOUNT('Count',$,$,1.,$);
#2163= IFCELEMENTQUANTITY('MJLQTO0020082000000000',#5,'BaseQuantities',$,$,(#2160,#2161,#2162));
#2164= IFCRELDEFINESBYPROPERTIES('MJLRQT0020082000000000',#5,$,$,(#2152),#2163);
#2165= IFCCARTESIANPOINT((0.,0.));
#2166= IFCDIRECTION((1.,0.));
#2167= IFCAXIS2PLACEMENT2D(#2165,#2166);
#2168= IFCRECTANGLEPROFILEDEF(.AREA.,$,#2167,0.400,26.000);
#2169= IFCCARTESIANPOINT((5.000,0.000,0.000));
#2170= IFCDIRECTION((0.,0.,1.));
#2171= IFCDIRECTION((1.,0.,0.));
#2172= IFCAXIS2PLACEMENT3D(#2169,#2170,#2171);
#2173= IFCDIRECTION((0.,0.,1.));
#2174= IFCEXTRUDEDAREASOLID(#2168,#2172,#2173,0.550);
#2175= IFCSHAPEREPRESENTATION(#10,'Body','SweptSolid',(#2174));
#2176= IFCPRODUCTDEFINITIONSHAPE($,$,(#2175));
#2177= IFCLOCALPLACEMENT(#1331,#9);
#2178= IFCBEAM('MJLBEAM020033000000000',#5,'L02 - Secondary beam X3',$,$,#2177,#2176,$);
#2179= IFCPROPERTYSINGLEVALUE('AssetReference',$,IFCLABEL('BEAM-02-033'),$);
#2180= IFCPROPERTYSINGLEVALUE('Level',$,IFCLABEL('Level 02'),$);
#2181= IFCPROPERTYSINGLEVALUE('System',$,IFCLABEL('Structure'),$);
#2182= IFCPROPERTYSINGLEVALUE('Status',$,IFCLABEL('Issued for Coordination'),$);
#2183= IFCPROPERTYSINGLEVALUE('FireRating',$,IFCLABEL('120 min'),$);
#2184= IFCPROPERTYSET('MJLPSET020083000000000',#5,'Pset_MajalAsset',$,(#2179,#2180,#2181,#2182,#2183));
#2185= IFCRELDEFINESBYPROPERTIES('MJLRPS0020083000000000',#5,$,$,(#2178),#2184);
#2186= IFCQUANTITYAREA('GrossArea',$,$,10.400,$);
#2187= IFCQUANTITYVOLUME('GrossVolume',$,$,5.720,$);
#2188= IFCQUANTITYCOUNT('Count',$,$,1.,$);
#2189= IFCELEMENTQUANTITY('MJLQTO0020083000000000',#5,'BaseQuantities',$,$,(#2186,#2187,#2188));
#2190= IFCRELDEFINESBYPROPERTIES('MJLRQT0020083000000000',#5,$,$,(#2178),#2189);
#2191= IFCCARTESIANPOINT((0.,0.));
#2192= IFCDIRECTION((1.,0.));
#2193= IFCAXIS2PLACEMENT2D(#2191,#2192);
#2194= IFCRECTANGLEPROFILEDEF(.AREA.,$,#2193,0.400,26.000);
#2195= IFCCARTESIANPOINT((15.000,0.000,0.000));
#2196= IFCDIRECTION((0.,0.,1.));
#2197= IFCDIRECTION((1.,0.,0.));
#2198= IFCAXIS2PLACEMENT3D(#2195,#2196,#2197);
#2199= IFCDIRECTION((0.,0.,1.));
#2200= IFCEXTRUDEDAREASOLID(#2194,#2198,#2199,0.550);
#2201= IFCSHAPEREPRESENTATION(#10,'Body','SweptSolid',(#2200));
#2202= IFCPRODUCTDEFINITIONSHAPE($,$,(#2201));
#2203= IFCLOCALPLACEMENT(#1331,#9);
#2204= IFCBEAM('MJLBEAM020034000000000',#5,'L02 - Secondary beam X4',$,$,#2203,#2202,$);
#2205= IFCPROPERTYSINGLEVALUE('AssetReference',$,IFCLABEL('BEAM-02-034'),$);
#2206= IFCPROPERTYSINGLEVALUE('Level',$,IFCLABEL('Level 02'),$);
#2207= IFCPROPERTYSINGLEVALUE('System',$,IFCLABEL('Structure'),$);
#2208= IFCPROPERTYSINGLEVALUE('Status',$,IFCLABEL('Issued for Coordination'),$);
#2209= IFCPROPERTYSINGLEVALUE('FireRating',$,IFCLABEL('120 min'),$);
#2210= IFCPROPERTYSET('MJLPSET020084000000000',#5,'Pset_MajalAsset',$,(#2205,#2206,#2207,#2208,#2209));
#2211= IFCRELDEFINESBYPROPERTIES('MJLRPS0020084000000000',#5,$,$,(#2204),#2210);
#2212= IFCQUANTITYAREA('GrossArea',$,$,10.400,$);
#2213= IFCQUANTITYVOLUME('GrossVolume',$,$,5.720,$);
#2214= IFCQUANTITYCOUNT('Count',$,$,1.,$);
#2215= IFCELEMENTQUANTITY('MJLQTO0020084000000000',#5,'BaseQuantities',$,$,(#2212,#2213,#2214));
#2216= IFCRELDEFINESBYPROPERTIES('MJLRQT0020084000000000',#5,$,$,(#2204),#2215);
#2217= IFCCARTESIANPOINT((0.,0.));
#2218= IFCDIRECTION((1.,0.));
#2219= IFCAXIS2PLACEMENT2D(#2217,#2218);
#2220= IFCRECTANGLEPROFILEDEF(.AREA.,$,#2219,3.600,0.100);
#2221= IFCCARTESIANPOINT((-14.000,12.720,0.000));
#2222= IFCDIRECTION((0.,0.,1.));
#2223= IFCDIRECTION((1.,0.,0.));
#2224= IFCAXIS2PLACEMENT3D(#2221,#2222,#2223);
#2225= IFCDIRECTION((0.,0.,1.));
#2226= IFCEXTRUDEDAREASOLID(#2220,#2224,#2225,3.350);
#2227= IFCSHAPEREPRESENTATION(#10,'Body','SweptSolid',(#2226));
#2228= IFCPRODUCTDEFINITIONSHAPE($,$,(#2227));
#2229= IFCLOCALPLACEMENT(#1331,#9);
#2230= IFCBUILDINGELEMENTPROXY('MJLGLAZ020035000000000',#5,'L02 - Curtain panel 01',$,$,#2229,#2228,$);
#2231= IFCPROPERTYSINGLEVALUE('AssetReference',$,IFCLABEL('GLAZ-02-035'),$);
#2232= IFCPROPERTYSINGLEVALUE('Level',$,IFCLABEL('Level 02'),$);
#2233= IFCPROPERTYSINGLEVALUE('System',$,IFCLABEL('Facade'),$);
#2234= IFCPROPERTYSINGLEVALUE('Status',$,IFCLABEL('Issued for Coordination'),$);
#2235= IFCPROPERTYSINGLEVALUE('FireRating',$,IFCLABEL('60 min'),$);
#2236= IFCPROPERTYSET('MJLPSET020085000000000',#5,'Pset_MajalAsset',$,(#2231,#2232,#2233,#2234,#2235));
#2237= IFCRELDEFINESBYPROPERTIES('MJLRPS0020085000000000',#5,$,$,(#2230),#2236);
#2238= IFCQUANTITYAREA('GrossArea',$,$,12.060,$);
#2239= IFCQUANTITYVOLUME('GrossVolume',$,$,1.206,$);
#2240= IFCQUANTITYCOUNT('Count',$,$,1.,$);
#2241= IFCELEMENTQUANTITY('MJLQTO0020085000000000',#5,'BaseQuantities',$,$,(#2238,#2239,#2240));
#2242= IFCRELDEFINESBYPROPERTIES('MJLRQT0020085000000000',#5,$,$,(#2230),#2241);
#2243= IFCCARTESIANPOINT((0.,0.));
#2244= IFCDIRECTION((1.,0.));
#2245= IFCAXIS2PLACEMENT2D(#2243,#2244);
#2246= IFCRECTANGLEPROFILEDEF(.AREA.,$,#2245,3.600,0.100);
#2247= IFCCARTESIANPOINT((-10.000,12.720,0.000));
#2248= IFCDIRECTION((0.,0.,1.));
#2249= IFCDIRECTION((1.,0.,0.));
#2250= IFCAXIS2PLACEMENT3D(#2247,#2248,#2249);
#2251= IFCDIRECTION((0.,0.,1.));
#2252= IFCEXTRUDEDAREASOLID(#2246,#2250,#2251,3.350);
#2253= IFCSHAPEREPRESENTATION(#10,'Body','SweptSolid',(#2252));
#2254= IFCPRODUCTDEFINITIONSHAPE($,$,(#2253));
#2255= IFCLOCALPLACEMENT(#1331,#9);
#2256= IFCBUILDINGELEMENTPROXY('MJLGLAZ020036000000000',#5,'L02 - Curtain panel 02',$,$,#2255,#2254,$);
#2257= IFCPROPERTYSINGLEVALUE('AssetReference',$,IFCLABEL('GLAZ-02-036'),$);
#2258= IFCPROPERTYSINGLEVALUE('Level',$,IFCLABEL('Level 02'),$);
#2259= IFCPROPERTYSINGLEVALUE('System',$,IFCLABEL('Facade'),$);
#2260= IFCPROPERTYSINGLEVALUE('Status',$,IFCLABEL('Issued for Coordination'),$);
#2261= IFCPROPERTYSINGLEVALUE('FireRating',$,IFCLABEL('60 min'),$);
#2262= IFCPROPERTYSET('MJLPSET020086000000000',#5,'Pset_MajalAsset',$,(#2257,#2258,#2259,#2260,#2261));
#2263= IFCRELDEFINESBYPROPERTIES('MJLRPS0020086000000000',#5,$,$,(#2256),#2262);
#2264= IFCQUANTITYAREA('GrossArea',$,$,12.060,$);
#2265= IFCQUANTITYVOLUME('GrossVolume',$,$,1.206,$);
#2266= IFCQUANTITYCOUNT('Count',$,$,1.,$);
#2267= IFCELEMENTQUANTITY('MJLQTO0020086000000000',#5,'BaseQuantities',$,$,(#2264,#2265,#2266));
#2268= IFCRELDEFINESBYPROPERTIES('MJLRQT0020086000000000',#5,$,$,(#2256),#2267);
#2269= IFCCARTESIANPOINT((0.,0.));
#2270= IFCDIRECTION((1.,0.));
#2271= IFCAXIS2PLACEMENT2D(#2269,#2270);
#2272= IFCRECTANGLEPROFILEDEF(.AREA.,$,#2271,3.600,0.100);
#2273= IFCCARTESIANPOINT((-6.000,12.720,0.000));
#2274= IFCDIRECTION((0.,0.,1.));
#2275= IFCDIRECTION((1.,0.,0.));
#2276= IFCAXIS2PLACEMENT3D(#2273,#2274,#2275);
#2277= IFCDIRECTION((0.,0.,1.));
#2278= IFCEXTRUDEDAREASOLID(#2272,#2276,#2277,3.350);
#2279= IFCSHAPEREPRESENTATION(#10,'Body','SweptSolid',(#2278));
#2280= IFCPRODUCTDEFINITIONSHAPE($,$,(#2279));
#2281= IFCLOCALPLACEMENT(#1331,#9);
#2282= IFCBUILDINGELEMENTPROXY('MJLGLAZ020037000000000',#5,'L02 - Curtain panel 03',$,$,#2281,#2280,$);
#2283= IFCPROPERTYSINGLEVALUE('AssetReference',$,IFCLABEL('GLAZ-02-037'),$);
#2284= IFCPROPERTYSINGLEVALUE('Level',$,IFCLABEL('Level 02'),$);
#2285= IFCPROPERTYSINGLEVALUE('System',$,IFCLABEL('Facade'),$);
#2286= IFCPROPERTYSINGLEVALUE('Status',$,IFCLABEL('Issued for Coordination'),$);
#2287= IFCPROPERTYSINGLEVALUE('FireRating',$,IFCLABEL('60 min'),$);
#2288= IFCPROPERTYSET('MJLPSET020087000000000',#5,'Pset_MajalAsset',$,(#2283,#2284,#2285,#2286,#2287));
#2289= IFCRELDEFINESBYPROPERTIES('MJLRPS0020087000000000',#5,$,$,(#2282),#2288);
#2290= IFCQUANTITYAREA('GrossArea',$,$,12.060,$);
#2291= IFCQUANTITYVOLUME('GrossVolume',$,$,1.206,$);
#2292= IFCQUANTITYCOUNT('Count',$,$,1.,$);
#2293= IFCELEMENTQUANTITY('MJLQTO0020087000000000',#5,'BaseQuantities',$,$,(#2290,#2291,#2292));
#2294= IFCRELDEFINESBYPROPERTIES('MJLRQT0020087000000000',#5,$,$,(#2282),#2293);
#2295= IFCCARTESIANPOINT((0.,0.));
#2296= IFCDIRECTION((1.,0.));
#2297= IFCAXIS2PLACEMENT2D(#2295,#2296);
#2298= IFCRECTANGLEPROFILEDEF(.AREA.,$,#2297,3.600,0.100);
#2299= IFCCARTESIANPOINT((-2.000,12.720,0.000));
#2300= IFCDIRECTION((0.,0.,1.));
#2301= IFCDIRECTION((1.,0.,0.));
#2302= IFCAXIS2PLACEMENT3D(#2299,#2300,#2301);
#2303= IFCDIRECTION((0.,0.,1.));
#2304= IFCEXTRUDEDAREASOLID(#2298,#2302,#2303,3.350);
#2305= IFCSHAPEREPRESENTATION(#10,'Body','SweptSolid',(#2304));
#2306= IFCPRODUCTDEFINITIONSHAPE($,$,(#2305));
#2307= IFCLOCALPLACEMENT(#1331,#9);
#2308= IFCBUILDINGELEMENTPROXY('MJLGLAZ020038000000000',#5,'L02 - Curtain panel 04',$,$,#2307,#2306,$);
#2309= IFCPROPERTYSINGLEVALUE('AssetReference',$,IFCLABEL('GLAZ-02-038'),$);
#2310= IFCPROPERTYSINGLEVALUE('Level',$,IFCLABEL('Level 02'),$);
#2311= IFCPROPERTYSINGLEVALUE('System',$,IFCLABEL('Facade'),$);
#2312= IFCPROPERTYSINGLEVALUE('Status',$,IFCLABEL('Issued for Coordination'),$);
#2313= IFCPROPERTYSINGLEVALUE('FireRating',$,IFCLABEL('60 min'),$);
#2314= IFCPROPERTYSET('MJLPSET020088000000000',#5,'Pset_MajalAsset',$,(#2309,#2310,#2311,#2312,#2313));
#2315= IFCRELDEFINESBYPROPERTIES('MJLRPS0020088000000000',#5,$,$,(#2308),#2314);
#2316= IFCQUANTITYAREA('GrossArea',$,$,12.060,$);
#2317= IFCQUANTITYVOLUME('GrossVolume',$,$,1.206,$);
#2318= IFCQUANTITYCOUNT('Count',$,$,1.,$);
#2319= IFCELEMENTQUANTITY('MJLQTO0020088000000000',#5,'BaseQuantities',$,$,(#2316,#2317,#2318));
#2320= IFCRELDEFINESBYPROPERTIES('MJLRQT0020088000000000',#5,$,$,(#2308),#2319);
#2321= IFCCARTESIANPOINT((0.,0.));
#2322= IFCDIRECTION((1.,0.));
#2323= IFCAXIS2PLACEMENT2D(#2321,#2322);
#2324= IFCRECTANGLEPROFILEDEF(.AREA.,$,#2323,3.600,0.100);
#2325= IFCCARTESIANPOINT((2.000,12.720,0.000));
#2326= IFCDIRECTION((0.,0.,1.));
#2327= IFCDIRECTION((1.,0.,0.));
#2328= IFCAXIS2PLACEMENT3D(#2325,#2326,#2327);
#2329= IFCDIRECTION((0.,0.,1.));
#2330= IFCEXTRUDEDAREASOLID(#2324,#2328,#2329,3.350);
#2331= IFCSHAPEREPRESENTATION(#10,'Body','SweptSolid',(#2330));
#2332= IFCPRODUCTDEFINITIONSHAPE($,$,(#2331));
#2333= IFCLOCALPLACEMENT(#1331,#9);
#2334= IFCBUILDINGELEMENTPROXY('MJLGLAZ020039000000000',#5,'L02 - Curtain panel 05',$,$,#2333,#2332,$);
#2335= IFCPROPERTYSINGLEVALUE('AssetReference',$,IFCLABEL('GLAZ-02-039'),$);
#2336= IFCPROPERTYSINGLEVALUE('Level',$,IFCLABEL('Level 02'),$);
#2337= IFCPROPERTYSINGLEVALUE('System',$,IFCLABEL('Facade'),$);
#2338= IFCPROPERTYSINGLEVALUE('Status',$,IFCLABEL('Issued for Coordination'),$);
#2339= IFCPROPERTYSINGLEVALUE('FireRating',$,IFCLABEL('60 min'),$);
#2340= IFCPROPERTYSET('MJLPSET020089000000000',#5,'Pset_MajalAsset',$,(#2335,#2336,#2337,#2338,#2339));
#2341= IFCRELDEFINESBYPROPERTIES('MJLRPS0020089000000000',#5,$,$,(#2334),#2340);
#2342= IFCQUANTITYAREA('GrossArea',$,$,12.060,$);
#2343= IFCQUANTITYVOLUME('GrossVolume',$,$,1.206,$);
#2344= IFCQUANTITYCOUNT('Count',$,$,1.,$);
#2345= IFCELEMENTQUANTITY('MJLQTO0020089000000000',#5,'BaseQuantities',$,$,(#2342,#2343,#2344));
#2346= IFCRELDEFINESBYPROPERTIES('MJLRQT0020089000000000',#5,$,$,(#2334),#2345);
#2347= IFCCARTESIANPOINT((0.,0.));
#2348= IFCDIRECTION((1.,0.));
#2349= IFCAXIS2PLACEMENT2D(#2347,#2348);
#2350= IFCRECTANGLEPROFILEDEF(.AREA.,$,#2349,3.600,0.100);
#2351= IFCCARTESIANPOINT((6.000,12.720,0.000));
#2352= IFCDIRECTION((0.,0.,1.));
#2353= IFCDIRECTION((1.,0.,0.));
#2354= IFCAXIS2PLACEMENT3D(#2351,#2352,#2353);
#2355= IFCDIRECTION((0.,0.,1.));
#2356= IFCEXTRUDEDAREASOLID(#2350,#2354,#2355,3.350);
#2357= IFCSHAPEREPRESENTATION(#10,'Body','SweptSolid',(#2356));
#2358= IFCPRODUCTDEFINITIONSHAPE($,$,(#2357));
#2359= IFCLOCALPLACEMENT(#1331,#9);
#2360= IFCBUILDINGELEMENTPROXY('MJLGLAZ020040000000000',#5,'L02 - Curtain panel 06',$,$,#2359,#2358,$);
#2361= IFCPROPERTYSINGLEVALUE('AssetReference',$,IFCLABEL('GLAZ-02-040'),$);
#2362= IFCPROPERTYSINGLEVALUE('Level',$,IFCLABEL('Level 02'),$);
#2363= IFCPROPERTYSINGLEVALUE('System',$,IFCLABEL('Facade'),$);
#2364= IFCPROPERTYSINGLEVALUE('Status',$,IFCLABEL('Issued for Coordination'),$);
#2365= IFCPROPERTYSINGLEVALUE('FireRating',$,IFCLABEL('60 min'),$);
#2366= IFCPROPERTYSET('MJLPSET020090000000000',#5,'Pset_MajalAsset',$,(#2361,#2362,#2363,#2364,#2365));
#2367= IFCRELDEFINESBYPROPERTIES('MJLRPS0020090000000000',#5,$,$,(#2360),#2366);
#2368= IFCQUANTITYAREA('GrossArea',$,$,12.060,$);
#2369= IFCQUANTITYVOLUME('GrossVolume',$,$,1.206,$);
#2370= IFCQUANTITYCOUNT('Count',$,$,1.,$);
#2371= IFCELEMENTQUANTITY('MJLQTO0020090000000000',#5,'BaseQuantities',$,$,(#2368,#2369,#2370));
#2372= IFCRELDEFINESBYPROPERTIES('MJLRQT0020090000000000',#5,$,$,(#2360),#2371);
#2373= IFCCARTESIANPOINT((0.,0.));
#2374= IFCDIRECTION((1.,0.));
#2375= IFCAXIS2PLACEMENT2D(#2373,#2374);
#2376= IFCRECTANGLEPROFILEDEF(.AREA.,$,#2375,3.600,0.100);
#2377= IFCCARTESIANPOINT((10.000,12.720,0.000));
#2378= IFCDIRECTION((0.,0.,1.));
#2379= IFCDIRECTION((1.,0.,0.));
#2380= IFCAXIS2PLACEMENT3D(#2377,#2378,#2379);
#2381= IFCDIRECTION((0.,0.,1.));
#2382= IFCEXTRUDEDAREASOLID(#2376,#2380,#2381,3.350);
#2383= IFCSHAPEREPRESENTATION(#10,'Body','SweptSolid',(#2382));
#2384= IFCPRODUCTDEFINITIONSHAPE($,$,(#2383));
#2385= IFCLOCALPLACEMENT(#1331,#9);
#2386= IFCBUILDINGELEMENTPROXY('MJLGLAZ020041000000000',#5,'L02 - Curtain panel 07',$,$,#2385,#2384,$);
#2387= IFCPROPERTYSINGLEVALUE('AssetReference',$,IFCLABEL('GLAZ-02-041'),$);
#2388= IFCPROPERTYSINGLEVALUE('Level',$,IFCLABEL('Level 02'),$);
#2389= IFCPROPERTYSINGLEVALUE('System',$,IFCLABEL('Facade'),$);
#2390= IFCPROPERTYSINGLEVALUE('Status',$,IFCLABEL('Issued for Coordination'),$);
#2391= IFCPROPERTYSINGLEVALUE('FireRating',$,IFCLABEL('60 min'),$);
#2392= IFCPROPERTYSET('MJLPSET020091000000000',#5,'Pset_MajalAsset',$,(#2387,#2388,#2389,#2390,#2391));
#2393= IFCRELDEFINESBYPROPERTIES('MJLRPS0020091000000000',#5,$,$,(#2386),#2392);
#2394= IFCQUANTITYAREA('GrossArea',$,$,12.060,$);
#2395= IFCQUANTITYVOLUME('GrossVolume',$,$,1.206,$);
#2396= IFCQUANTITYCOUNT('Count',$,$,1.,$);
#2397= IFCELEMENTQUANTITY('MJLQTO0020091000000000',#5,'BaseQuantities',$,$,(#2394,#2395,#2396));
#2398= IFCRELDEFINESBYPROPERTIES('MJLRQT0020091000000000',#5,$,$,(#2386),#2397);
#2399= IFCCARTESIANPOINT((0.,0.));
#2400= IFCDIRECTION((1.,0.));
#2401= IFCAXIS2PLACEMENT2D(#2399,#2400);
#2402= IFCRECTANGLEPROFILEDEF(.AREA.,$,#2401,3.600,0.100);
#2403= IFCCARTESIANPOINT((14.000,12.720,0.000));
#2404= IFCDIRECTION((0.,0.,1.));
#2405= IFCDIRECTION((1.,0.,0.));
#2406= IFCAXIS2PLACEMENT3D(#2403,#2404,#2405);
#2407= IFCDIRECTION((0.,0.,1.));
#2408= IFCEXTRUDEDAREASOLID(#2402,#2406,#2407,3.350);
#2409= IFCSHAPEREPRESENTATION(#10,'Body','SweptSolid',(#2408));
#2410= IFCPRODUCTDEFINITIONSHAPE($,$,(#2409));
#2411= IFCLOCALPLACEMENT(#1331,#9);
#2412= IFCBUILDINGELEMENTPROXY('MJLGLAZ020042000000000',#5,'L02 - Curtain panel 08',$,$,#2411,#2410,$);
#2413= IFCPROPERTYSINGLEVALUE('AssetReference',$,IFCLABEL('GLAZ-02-042'),$);
#2414= IFCPROPERTYSINGLEVALUE('Level',$,IFCLABEL('Level 02'),$);
#2415= IFCPROPERTYSINGLEVALUE('System',$,IFCLABEL('Facade'),$);
#2416= IFCPROPERTYSINGLEVALUE('Status',$,IFCLABEL('Issued for Coordination'),$);
#2417= IFCPROPERTYSINGLEVALUE('FireRating',$,IFCLABEL('60 min'),$);
#2418= IFCPROPERTYSET('MJLPSET020092000000000',#5,'Pset_MajalAsset',$,(#2413,#2414,#2415,#2416,#2417));
#2419= IFCRELDEFINESBYPROPERTIES('MJLRPS0020092000000000',#5,$,$,(#2412),#2418);
#2420= IFCQUANTITYAREA('GrossArea',$,$,12.060,$);
#2421= IFCQUANTITYVOLUME('GrossVolume',$,$,1.206,$);
#2422= IFCQUANTITYCOUNT('Count',$,$,1.,$);
#2423= IFCELEMENTQUANTITY('MJLQTO0020092000000000',#5,'BaseQuantities',$,$,(#2420,#2421,#2422));
#2424= IFCRELDEFINESBYPROPERTIES('MJLRQT0020092000000000',#5,$,$,(#2412),#2423);
#2425= IFCCARTESIANPOINT((0.,0.));
#2426= IFCDIRECTION((1.,0.));
#2427= IFCAXIS2PLACEMENT2D(#2425,#2426);
#2428= IFCRECTANGLEPROFILEDEF(.AREA.,$,#2427,2.400,0.180);
#2429= IFCCARTESIANPOINT((0.000,-12.680,0.000));
#2430= IFCDIRECTION((0.,0.,1.));
#2431= IFCDIRECTION((1.,0.,0.));
#2432= IFCAXIS2PLACEMENT3D(#2429,#2430,#2431);
#2433= IFCDIRECTION((0.,0.,1.));
#2434= IFCEXTRUDEDAREASOLID(#2428,#2432,#2433,3.100);
#2435= IFCSHAPEREPRESENTATION(#10,'Body','SweptSolid',(#2434));
#2436= IFCPRODUCTDEFINITIONSHAPE($,$,(#2435));
#2437= IFCLOCALPLACEMENT(#1331,#9);
#2438= IFCBUILDINGELEMENTPROXY('MJLDOOR020043000000000',#5,'L02 - Main lobby door',$,$,#2437,#2436,$);
#2439= IFCPROPERTYSINGLEVALUE('AssetReference',$,IFCLABEL('DOOR-02-043'),$);
#2440= IFCPROPERTYSINGLEVALUE('Level',$,IFCLABEL('Level 02'),$);
#2441= IFCPROPERTYSINGLEVALUE('System',$,IFCLABEL('Architecture'),$);
#2442= IFCPROPERTYSINGLEVALUE('Status',$,IFCLABEL('Issued for Coordination'),$);
#2443= IFCPROPERTYSINGLEVALUE('FireRating',$,IFCLABEL('60 min'),$);
#2444= IFCPROPERTYSET('MJLPSET020093000000000',#5,'Pset_MajalAsset',$,(#2439,#2440,#2441,#2442,#2443));
#2445= IFCRELDEFINESBYPROPERTIES('MJLRPS0020093000000000',#5,$,$,(#2438),#2444);
#2446= IFCQUANTITYAREA('GrossArea',$,$,7.440,$);
#2447= IFCQUANTITYVOLUME('GrossVolume',$,$,1.339,$);
#2448= IFCQUANTITYCOUNT('Count',$,$,1.,$);
#2449= IFCELEMENTQUANTITY('MJLQTO0020093000000000',#5,'BaseQuantities',$,$,(#2446,#2447,#2448));
#2450= IFCRELDEFINESBYPROPERTIES('MJLRQT0020093000000000',#5,$,$,(#2438),#2449);
#2451= IFCCARTESIANPOINT((0.,0.));
#2452= IFCDIRECTION((1.,0.));
#2453= IFCAXIS2PLACEMENT2D(#2451,#2452);
#2454= IFCRECTANGLEPROFILEDEF(.AREA.,$,#2453,3.000,6.000);
#2455= IFCCARTESIANPOINT((-6.500,0.000,0.000));
#2456= IFCDIRECTION((0.,0.,1.));
#2457= IFCDIRECTION((1.,0.,0.));
#2458= IFCAXIS2PLACEMENT3D(#2455,#2456,#2457);
#2459= IFCDIRECTION((0.,0.,1.));
#2460= IFCEXTRUDEDAREASOLID(#2454,#2458,#2459,3.800);
#2461= IFCSHAPEREPRESENTATION(#10,'Body','SweptSolid',(#2460));
#2462= IFCPRODUCTDEFINITIONSHAPE($,$,(#2461));
#2463= IFCLOCALPLACEMENT(#1331,#9);
#2464= IFCBUILDINGELEMENTPROXY('MJLSTR0020044000000000',#5,'L02 - Fire stair flight',$,$,#2463,#2462,$);
#2465= IFCPROPERTYSINGLEVALUE('AssetReference',$,IFCLABEL('STR-02-044'),$);
#2466= IFCPROPERTYSINGLEVALUE('Level',$,IFCLABEL('Level 02'),$);
#2467= IFCPROPERTYSINGLEVALUE('System',$,IFCLABEL('Architecture'),$);
#2468= IFCPROPERTYSINGLEVALUE('Status',$,IFCLABEL('Issued for Coordination'),$);
#2469= IFCPROPERTYSINGLEVALUE('FireRating',$,IFCLABEL('60 min'),$);
#2470= IFCPROPERTYSET('MJLPSET020094000000000',#5,'Pset_MajalAsset',$,(#2465,#2466,#2467,#2468,#2469));
#2471= IFCRELDEFINESBYPROPERTIES('MJLRPS0020094000000000',#5,$,$,(#2464),#2470);
#2472= IFCQUANTITYAREA('GrossArea',$,$,18.000,$);
#2473= IFCQUANTITYVOLUME('GrossVolume',$,$,68.400,$);
#2474= IFCQUANTITYCOUNT('Count',$,$,1.,$);
#2475= IFCELEMENTQUANTITY('MJLQTO0020094000000000',#5,'BaseQuantities',$,$,(#2472,#2473,#2474));
#2476= IFCRELDEFINESBYPROPERTIES('MJLRQT0020094000000000',#5,$,$,(#2464),#2475);
#2477= IFCCARTESIANPOINT((0.,0.));
#2478= IFCDIRECTION((1.,0.));
#2479= IFCAXIS2PLACEMENT2D(#2477,#2478);
#2480= IFCRECTANGLEPROFILEDEF(.AREA.,$,#2479,28.000,0.650);
#2481= IFCCARTESIANPOINT((0.000,7.500,0.000));
#2482= IFCDIRECTION((0.,0.,1.));
#2483= IFCDIRECTION((1.,0.,0.));
#2484= IFCAXIS2PLACEMENT3D(#2481,#2482,#2483);
#2485= IFCDIRECTION((0.,0.,1.));
#2486= IFCEXTRUDEDAREASOLID(#2480,#2484,#2485,0.550);
#2487= IFCSHAPEREPRESENTATION(#10,'Body','SweptSolid',(#2486));
#2488= IFCPRODUCTDEFINITIONSHAPE($,$,(#2487));
#2489= IFCLOCALPLACEMENT(#1331,#9);
#2490= IFCBUILDINGELEMENTPROXY('MJLDUCT020045000000000',#5,'L02 - Supply air duct',$,$,#2489,#2488,$);
#2491= IFCPROPERTYSINGLEVALUE('AssetReference',$,IFCLABEL('DUCT-02-045'),$);
#2492= IFCPROPERTYSINGLEVALUE('Level',$,IFCLABEL('Level 02'),$);
#2493= IFCPROPERTYSINGLEVALUE('System',$,IFCLABEL('Mechanical'),$);
#2494= IFCPROPERTYSINGLEVALUE('Status',$,IFCLABEL('Issued for Coordination'),$);
#2495= IFCPROPERTYSINGLEVALUE('FireRating',$,IFCLABEL('60 min'),$);
#2496= IFCPROPERTYSET('MJLPSET020095000000000',#5,'Pset_MajalAsset',$,(#2491,#2492,#2493,#2494,#2495));
#2497= IFCRELDEFINESBYPROPERTIES('MJLRPS0020095000000000',#5,$,$,(#2490),#2496);
#2498= IFCQUANTITYAREA('GrossArea',$,$,18.200,$);
#2499= IFCQUANTITYVOLUME('GrossVolume',$,$,10.010,$);
#2500= IFCQUANTITYCOUNT('Count',$,$,1.,$);
#2501= IFCELEMENTQUANTITY('MJLQTO0020095000000000',#5,'BaseQuantities',$,$,(#2498,#2499,#2500));
#2502= IFCRELDEFINESBYPROPERTIES('MJLRQT0020095000000000',#5,$,$,(#2490),#2501);
#2503= IFCCARTESIANPOINT((0.,0.));
#2504= IFCDIRECTION((1.,0.));
#2505= IFCAXIS2PLACEMENT2D(#2503,#2504);
#2506= IFCRECTANGLEPROFILEDEF(.AREA.,$,#2505,28.000,0.550);
#2507= IFCCARTESIANPOINT((0.000,-7.500,0.000));
#2508= IFCDIRECTION((0.,0.,1.));
#2509= IFCDIRECTION((1.,0.,0.));
#2510= IFCAXIS2PLACEMENT3D(#2507,#2508,#2509);
#2511= IFCDIRECTION((0.,0.,1.));
#2512= IFCEXTRUDEDAREASOLID(#2506,#2510,#2511,0.450);
#2513= IFCSHAPEREPRESENTATION(#10,'Body','SweptSolid',(#2512));
#2514= IFCPRODUCTDEFINITIONSHAPE($,$,(#2513));
#2515= IFCLOCALPLACEMENT(#1331,#9);
#2516= IFCBUILDINGELEMENTPROXY('MJLDUCT020046000000000',#5,'L02 - Return air duct',$,$,#2515,#2514,$);
#2517= IFCPROPERTYSINGLEVALUE('AssetReference',$,IFCLABEL('DUCT-02-046'),$);
#2518= IFCPROPERTYSINGLEVALUE('Level',$,IFCLABEL('Level 02'),$);
#2519= IFCPROPERTYSINGLEVALUE('System',$,IFCLABEL('Mechanical'),$);
#2520= IFCPROPERTYSINGLEVALUE('Status',$,IFCLABEL('Issued for Coordination'),$);
#2521= IFCPROPERTYSINGLEVALUE('FireRating',$,IFCLABEL('60 min'),$);
#2522= IFCPROPERTYSET('MJLPSET020096000000000',#5,'Pset_MajalAsset',$,(#2517,#2518,#2519,#2520,#2521));
#2523= IFCRELDEFINESBYPROPERTIES('MJLRPS0020096000000000',#5,$,$,(#2516),#2522);
#2524= IFCQUANTITYAREA('GrossArea',$,$,15.400,$);
#2525= IFCQUANTITYVOLUME('GrossVolume',$,$,6.930,$);
#2526= IFCQUANTITYCOUNT('Count',$,$,1.,$);
#2527= IFCELEMENTQUANTITY('MJLQTO0020096000000000',#5,'BaseQuantities',$,$,(#2524,#2525,#2526));
#2528= IFCRELDEFINESBYPROPERTIES('MJLRQT0020096000000000',#5,$,$,(#2516),#2527);
#2529= IFCCARTESIANPOINT((0.,0.));
#2530= IFCDIRECTION((1.,0.));
#2531= IFCAXIS2PLACEMENT2D(#2529,#2530);
#2532= IFCRECTANGLEPROFILEDEF(.AREA.,$,#2531,0.180,22.000);
#2533= IFCCARTESIANPOINT((-2.000,0.000,0.000));
#2534= IFCDIRECTION((0.,0.,1.));
#2535= IFCDIRECTION((1.,0.,0.));
#2536= IFCAXIS2PLACEMENT3D(#2533,#2534,#2535);
#2537= IFCDIRECTION((0.,0.,1.));
#2538= IFCEXTRUDEDAREASOLID(#2532,#2536,#2537,0.180);
#2539= IFCSHAPEREPRESENTATION(#10,'Body','SweptSolid',(#2538));
#2540= IFCPRODUCTDEFINITIONSHAPE($,$,(#2539));
#2541= IFCLOCALPLACEMENT(#1331,#9);
#2542= IFCBUILDINGELEMENTPROXY('MJLPIPE020047000000000',#5,'L02 - Chilled water flow',$,$,#2541,#2540,$);
#2543= IFCPROPERTYSINGLEVALUE('AssetReference',$,IFCLABEL('PIPE-02-047'),$);
#2544= IFCPROPERTYSINGLEVALUE('Level',$,IFCLABEL('Level 02'),$);
#2545= IFCPROPERTYSINGLEVALUE('System',$,IFCLABEL('Mechanical'),$);
#2546= IFCPROPERTYSINGLEVALUE('Status',$,IFCLABEL('Issued for Coordination'),$);
#2547= IFCPROPERTYSINGLEVALUE('FireRating',$,IFCLABEL('60 min'),$);
#2548= IFCPROPERTYSET('MJLPSET020097000000000',#5,'Pset_MajalAsset',$,(#2543,#2544,#2545,#2546,#2547));
#2549= IFCRELDEFINESBYPROPERTIES('MJLRPS0020097000000000',#5,$,$,(#2542),#2548);
#2550= IFCQUANTITYAREA('GrossArea',$,$,3.960,$);
#2551= IFCQUANTITYVOLUME('GrossVolume',$,$,0.713,$);
#2552= IFCQUANTITYCOUNT('Count',$,$,1.,$);
#2553= IFCELEMENTQUANTITY('MJLQTO0020097000000000',#5,'BaseQuantities',$,$,(#2550,#2551,#2552));
#2554= IFCRELDEFINESBYPROPERTIES('MJLRQT0020097000000000',#5,$,$,(#2542),#2553);
#2555= IFCCARTESIANPOINT((0.,0.));
#2556= IFCDIRECTION((1.,0.));
#2557= IFCAXIS2PLACEMENT2D(#2555,#2556);
#2558= IFCRECTANGLEPROFILEDEF(.AREA.,$,#2557,0.180,22.000);
#2559= IFCCARTESIANPOINT((2.000,0.000,0.000));
#2560= IFCDIRECTION((0.,0.,1.));
#2561= IFCDIRECTION((1.,0.,0.));
#2562= IFCAXIS2PLACEMENT3D(#2559,#2560,#2561);
#2563= IFCDIRECTION((0.,0.,1.));
#2564= IFCEXTRUDEDAREASOLID(#2558,#2562,#2563,0.180);
#2565= IFCSHAPEREPRESENTATION(#10,'Body','SweptSolid',(#2564));
#2566= IFCPRODUCTDEFINITIONSHAPE($,$,(#2565));
#2567= IFCLOCALPLACEMENT(#1331,#9);
#2568= IFCBUILDINGELEMENTPROXY('MJLPIPE020048000000000',#5,'L02 - Chilled water return',$,$,#2567,#2566,$);
#2569= IFCPROPERTYSINGLEVALUE('AssetReference',$,IFCLABEL('PIPE-02-048'),$);
#2570= IFCPROPERTYSINGLEVALUE('Level',$,IFCLABEL('Level 02'),$);
#2571= IFCPROPERTYSINGLEVALUE('System',$,IFCLABEL('Mechanical'),$);
#2572= IFCPROPERTYSINGLEVALUE('Status',$,IFCLABEL('Issued for Coordination'),$);
#2573= IFCPROPERTYSINGLEVALUE('FireRating',$,IFCLABEL('60 min'),$);
#2574= IFCPROPERTYSET('MJLPSET020098000000000',#5,'Pset_MajalAsset',$,(#2569,#2570,#2571,#2572,#2573));
#2575= IFCRELDEFINESBYPROPERTIES('MJLRPS0020098000000000',#5,$,$,(#2568),#2574);
#2576= IFCQUANTITYAREA('GrossArea',$,$,3.960,$);
#2577= IFCQUANTITYVOLUME('GrossVolume',$,$,0.713,$);
#2578= IFCQUANTITYCOUNT('Count',$,$,1.,$);
#2579= IFCELEMENTQUANTITY('MJLQTO0020098000000000',#5,'BaseQuantities',$,$,(#2576,#2577,#2578));
#2580= IFCRELDEFINESBYPROPERTIES('MJLRQT0020098000000000',#5,$,$,(#2568),#2579);
#2581= IFCCARTESIANPOINT((0.,0.));
#2582= IFCDIRECTION((1.,0.));
#2583= IFCAXIS2PLACEMENT2D(#2581,#2582);
#2584= IFCRECTANGLEPROFILEDEF(.AREA.,$,#2583,0.350,0.500);
#2585= IFCCARTESIANPOINT((7.000,0.000,0.000));
#2586= IFCDIRECTION((0.,0.,1.));
#2587= IFCDIRECTION((1.,0.,0.));
#2588= IFCAXIS2PLACEMENT3D(#2585,#2586,#2587);
#2589= IFCDIRECTION((0.,0.,1.));
#2590= IFCEXTRUDEDAREASOLID(#2584,#2588,#2589,3.500);
#2591= IFCSHAPEREPRESENTATION(#10,'Body','SweptSolid',(#2590));
#2592= IFCPRODUCTDEFINITIONSHAPE($,$,(#2591));
#2593= IFCLOCALPLACEMENT(#1331,#9);
#2594= IFCBUILDINGELEMENTPROXY('MJLELEC020049000000000',#5,'L02 - Electrical busbar',$,$,#2593,#2592,$);
#2595= IFCPROPERTYSINGLEVALUE('AssetReference',$,IFCLABEL('ELEC-02-049'),$);
#2596= IFCPROPERTYSINGLEVALUE('Level',$,IFCLABEL('Level 02'),$);
#2597= IFCPROPERTYSINGLEVALUE('System',$,IFCLABEL('Electrical'),$);
#2598= IFCPROPERTYSINGLEVALUE('Status',$,IFCLABEL('Issued for Coordination'),$);
#2599= IFCPROPERTYSINGLEVALUE('FireRating',$,IFCLABEL('60 min'),$);
#2600= IFCPROPERTYSET('MJLPSET020099000000000',#5,'Pset_MajalAsset',$,(#2595,#2596,#2597,#2598,#2599));
#2601= IFCRELDEFINESBYPROPERTIES('MJLRPS0020099000000000',#5,$,$,(#2594),#2600);
#2602= IFCQUANTITYAREA('GrossArea',$,$,1.225,$);
#2603= IFCQUANTITYVOLUME('GrossVolume',$,$,0.612,$);
#2604= IFCQUANTITYCOUNT('Count',$,$,1.,$);
#2605= IFCELEMENTQUANTITY('MJLQTO0020099000000000',#5,'BaseQuantities',$,$,(#2602,#2603,#2604));
#2606= IFCRELDEFINESBYPROPERTIES('MJLRQT0020099000000000',#5,$,$,(#2594),#2605);
#2607= IFCCARTESIANPOINT((0.,0.));
#2608= IFCDIRECTION((1.,0.));
#2609= IFCAXIS2PLACEMENT2D(#2607,#2608);
#2610= IFCRECTANGLEPROFILEDEF(.AREA.,$,#2609,0.250,0.250);
#2611= IFCCARTESIANPOINT((-7.000,0.000,0.000));
#2612= IFCDIRECTION((0.,0.,1.));
#2613= IFCDIRECTION((1.,0.,0.));
#2614= IFCAXIS2PLACEMENT3D(#2611,#2612,#2613);
#2615= IFCDIRECTION((0.,0.,1.));
#2616= IFCEXTRUDEDAREASOLID(#2610,#2614,#2615,3.800);
#2617= IFCSHAPEREPRESENTATION(#10,'Body','SweptSolid',(#2616));
#2618= IFCPRODUCTDEFINITIONSHAPE($,$,(#2617));
#2619= IFCLOCALPLACEMENT(#1331,#9);
#2620= IFCBUILDINGELEMENTPROXY('MJLFIRE020050000000000',#5,'L02 - Fire riser',$,$,#2619,#2618,$);
#2621= IFCPROPERTYSINGLEVALUE('AssetReference',$,IFCLABEL('FIRE-02-050'),$);
#2622= IFCPROPERTYSINGLEVALUE('Level',$,IFCLABEL('Level 02'),$);
#2623= IFCPROPERTYSINGLEVALUE('System',$,IFCLABEL('Fire Protection'),$);
#2624= IFCPROPERTYSINGLEVALUE('Status',$,IFCLABEL('Issued for Coordination'),$);
#2625= IFCPROPERTYSINGLEVALUE('FireRating',$,IFCLABEL('60 min'),$);
#2626= IFCPROPERTYSET('MJLPSET020100000000000',#5,'Pset_MajalAsset',$,(#2621,#2622,#2623,#2624,#2625));
#2627= IFCRELDEFINESBYPROPERTIES('MJLRPS0020100000000000',#5,$,$,(#2620),#2626);
#2628= IFCQUANTITYAREA('GrossArea',$,$,0.950,$);
#2629= IFCQUANTITYVOLUME('GrossVolume',$,$,0.237,$);
#2630= IFCQUANTITYCOUNT('Count',$,$,1.,$);
#2631= IFCELEMENTQUANTITY('MJLQTO0020100000000000',#5,'BaseQuantities',$,$,(#2628,#2629,#2630));
#2632= IFCRELDEFINESBYPROPERTIES('MJLRQT0020100000000000',#5,$,$,(#2620),#2631);
#2633= IFCRELCONTAINEDINSPATIALSTRUCTURE('MJLCON0020000000000000',#5,$,$,(#1346,#1372,#1398,#1424,#1450,#1476,#1502,#1528,#1554,#1580,#1606,#1632,#1658,#1684,#1710,#1736,#1762,#1788,#1814,#1840,#1866,#1892,#1918,#1944,#1970,#1996,#2022,#2048,#2074,#2100,#2126,#2152,#2178,#2204,#2230,#2256,#2282,#2308,#2334,#2360,#2386,#2412,#2438,#2464,#2490,#2516,#2542,#2568,#2594,#2620),#1332);
#2634= IFCCARTESIANPOINT((0.000,0.000,8.400));
#2635= IFCDIRECTION((0.,0.,1.));
#2636= IFCDIRECTION((1.,0.,0.));
#2637= IFCAXIS2PLACEMENT3D(#2634,#2635,#2636);
#2638= IFCLOCALPLACEMENT(#18,#2637);
#2639= IFCBUILDINGSTOREY('MJLLVL0030000000000000',#5,'Level 03',$,$,#2638,$,$,.ELEMENT.,8.400);
#2640= IFCCARTESIANPOINT((0.,0.));
#2641= IFCDIRECTION((1.,0.));
#2642= IFCAXIS2PLACEMENT2D(#2640,#2641);
#2643= IFCRECTANGLEPROFILEDEF(.AREA.,$,#2642,36.000,26.000);
#2644= IFCCARTESIANPOINT((0.000,0.000,0.000));
#2645= IFCDIRECTION((0.,0.,1.));
#2646= IFCDIRECTION((1.,0.,0.));
#2647= IFCAXIS2PLACEMENT3D(#2644,#2645,#2646);
#2648= IFCDIRECTION((0.,0.,1.));
#2649= IFCEXTRUDEDAREASOLID(#2643,#2647,#2648,0.280);
#2650= IFCSHAPEREPRESENTATION(#10,'Body','SweptSolid',(#2649));
#2651= IFCPRODUCTDEFINITIONSHAPE($,$,(#2650));
#2652= IFCLOCALPLACEMENT(#2638,#9);
#2653= IFCSLAB('MJLSLAB030001000000000',#5,'L03 - Floor slab',$,$,#2652,#2651,$);
#2654= IFCPROPERTYSINGLEVALUE('AssetReference',$,IFCLABEL('SLAB-03-001'),$);
#2655= IFCPROPERTYSINGLEVALUE('Level',$,IFCLABEL('Level 03'),$);
#2656= IFCPROPERTYSINGLEVALUE('System',$,IFCLABEL('Structure'),$);
#2657= IFCPROPERTYSINGLEVALUE('Status',$,IFCLABEL('Issued for Coordination'),$);
#2658= IFCPROPERTYSINGLEVALUE('FireRating',$,IFCLABEL('120 min'),$);
#2659= IFCPROPERTYSET('MJLPSET030101000000000',#5,'Pset_MajalAsset',$,(#2654,#2655,#2656,#2657,#2658));
#2660= IFCRELDEFINESBYPROPERTIES('MJLRPS0030101000000000',#5,$,$,(#2653),#2659);
#2661= IFCQUANTITYAREA('GrossArea',$,$,936.000,$);
#2662= IFCQUANTITYVOLUME('GrossVolume',$,$,262.080,$);
#2663= IFCQUANTITYCOUNT('Count',$,$,1.,$);
#2664= IFCELEMENTQUANTITY('MJLQTO0030101000000000',#5,'BaseQuantities',$,$,(#2661,#2662,#2663));
#2665= IFCRELDEFINESBYPROPERTIES('MJLRQT0030101000000000',#5,$,$,(#2653),#2664);
#2666= IFCCARTESIANPOINT((0.,0.));
#2667= IFCDIRECTION((1.,0.));
#2668= IFCAXIS2PLACEMENT2D(#2666,#2667);
#2669= IFCRECTANGLEPROFILEDEF(.AREA.,$,#2668,36.000,0.220);
#2670= IFCCARTESIANPOINT((0.000,12.900,0.000));
#2671= IFCDIRECTION((0.,0.,1.));
#2672= IFCDIRECTION((1.,0.,0.));
#2673= IFCAXIS2PLACEMENT3D(#2670,#2671,#2672);
#2674= IFCDIRECTION((0.,0.,1.));
#2675= IFCEXTRUDEDAREASOLID(#2669,#2673,#2674,4.000);
#2676= IFCSHAPEREPRESENTATION(#10,'Body','SweptSolid',(#2675));
#2677= IFCPRODUCTDEFINITIONSHAPE($,$,(#2676));
#2678= IFCLOCALPLACEMENT(#2638,#9);
#2679= IFCWALL('MJLWALL030002000000000',#5,'L03 - North facade',$,$,#2678,#2677,$);
#2680= IFCPROPERTYSINGLEVALUE('AssetReference',$,IFCLABEL('WALL-03-002'),$);
#2681= IFCPROPERTYSINGLEVALUE('Level',$,IFCLABEL('Level 03'),$);
#2682= IFCPROPERTYSINGLEVALUE('System',$,IFCLABEL('Envelope'),$);
#2683= IFCPROPERTYSINGLEVALUE('Status',$,IFCLABEL('Issued for Coordination'),$);
#2684= IFCPROPERTYSINGLEVALUE('FireRating',$,IFCLABEL('60 min'),$);
#2685= IFCPROPERTYSET('MJLPSET030102000000000',#5,'Pset_MajalAsset',$,(#2680,#2681,#2682,#2683,#2684));
#2686= IFCRELDEFINESBYPROPERTIES('MJLRPS0030102000000000',#5,$,$,(#2679),#2685);
#2687= IFCQUANTITYAREA('GrossArea',$,$,144.000,$);
#2688= IFCQUANTITYVOLUME('GrossVolume',$,$,31.680,$);
#2689= IFCQUANTITYCOUNT('Count',$,$,1.,$);
#2690= IFCELEMENTQUANTITY('MJLQTO0030102000000000',#5,'BaseQuantities',$,$,(#2687,#2688,#2689));
#2691= IFCRELDEFINESBYPROPERTIES('MJLRQT0030102000000000',#5,$,$,(#2679),#2690);
#2692= IFCCARTESIANPOINT((0.,0.));
#2693= IFCDIRECTION((1.,0.));
#2694= IFCAXIS2PLACEMENT2D(#2692,#2693);
#2695= IFCRECTANGLEPROFILEDEF(.AREA.,$,#2694,36.000,0.220);
#2696= IFCCARTESIANPOINT((0.000,-12.900,0.000));
#2697= IFCDIRECTION((0.,0.,1.));
#2698= IFCDIRECTION((1.,0.,0.));
#2699= IFCAXIS2PLACEMENT3D(#2696,#2697,#2698);
#2700= IFCDIRECTION((0.,0.,1.));
#2701= IFCEXTRUDEDAREASOLID(#2695,#2699,#2700,4.000);
#2702= IFCSHAPEREPRESENTATION(#10,'Body','SweptSolid',(#2701));
#2703= IFCPRODUCTDEFINITIONSHAPE($,$,(#2702));
#2704= IFCLOCALPLACEMENT(#2638,#9);
#2705= IFCWALL('MJLWALL030003000000000',#5,'L03 - South facade',$,$,#2704,#2703,$);
#2706= IFCPROPERTYSINGLEVALUE('AssetReference',$,IFCLABEL('WALL-03-003'),$);
#2707= IFCPROPERTYSINGLEVALUE('Level',$,IFCLABEL('Level 03'),$);
#2708= IFCPROPERTYSINGLEVALUE('System',$,IFCLABEL('Envelope'),$);
#2709= IFCPROPERTYSINGLEVALUE('Status',$,IFCLABEL('Issued for Coordination'),$);
#2710= IFCPROPERTYSINGLEVALUE('FireRating',$,IFCLABEL('60 min'),$);
#2711= IFCPROPERTYSET('MJLPSET030103000000000',#5,'Pset_MajalAsset',$,(#2706,#2707,#2708,#2709,#2710));
#2712= IFCRELDEFINESBYPROPERTIES('MJLRPS0030103000000000',#5,$,$,(#2705),#2711);
#2713= IFCQUANTITYAREA('GrossArea',$,$,144.000,$);
#2714= IFCQUANTITYVOLUME('GrossVolume',$,$,31.680,$);
#2715= IFCQUANTITYCOUNT('Count',$,$,1.,$);
#2716= IFCELEMENTQUANTITY('MJLQTO0030103000000000',#5,'BaseQuantities',$,$,(#2713,#2714,#2715));
#2717= IFCRELDEFINESBYPROPERTIES('MJLRQT0030103000000000',#5,$,$,(#2705),#2716);
#2718= IFCCARTESIANPOINT((0.,0.));
#2719= IFCDIRECTION((1.,0.));
#2720= IFCAXIS2PLACEMENT2D(#2718,#2719);
#2721= IFCRECTANGLEPROFILEDEF(.AREA.,$,#2720,0.220,26.000);
#2722= IFCCARTESIANPOINT((17.900,0.000,0.000));
#2723= IFCDIRECTION((0.,0.,1.));
#2724= IFCDIRECTION((1.,0.,0.));
#2725= IFCAXIS2PLACEMENT3D(#2722,#2723,#2724);
#2726= IFCDIRECTION((0.,0.,1.));
#2727= IFCEXTRUDEDAREASOLID(#2721,#2725,#2726,4.000);
#2728= IFCSHAPEREPRESENTATION(#10,'Body','SweptSolid',(#2727));
#2729= IFCPRODUCTDEFINITIONSHAPE($,$,(#2728));
#2730= IFCLOCALPLACEMENT(#2638,#9);
#2731= IFCWALL('MJLWALL030004000000000',#5,'L03 - East facade',$,$,#2730,#2729,$);
#2732= IFCPROPERTYSINGLEVALUE('AssetReference',$,IFCLABEL('WALL-03-004'),$);
#2733= IFCPROPERTYSINGLEVALUE('Level',$,IFCLABEL('Level 03'),$);
#2734= IFCPROPERTYSINGLEVALUE('System',$,IFCLABEL('Envelope'),$);
#2735= IFCPROPERTYSINGLEVALUE('Status',$,IFCLABEL('Issued for Coordination'),$);
#2736= IFCPROPERTYSINGLEVALUE('FireRating',$,IFCLABEL('60 min'),$);
#2737= IFCPROPERTYSET('MJLPSET030104000000000',#5,'Pset_MajalAsset',$,(#2732,#2733,#2734,#2735,#2736));
#2738= IFCRELDEFINESBYPROPERTIES('MJLRPS0030104000000000',#5,$,$,(#2731),#2737);
#2739= IFCQUANTITYAREA('GrossArea',$,$,5.720,$);
#2740= IFCQUANTITYVOLUME('GrossVolume',$,$,22.880,$);
#2741= IFCQUANTITYCOUNT('Count',$,$,1.,$);
#2742= IFCELEMENTQUANTITY('MJLQTO0030104000000000',#5,'BaseQuantities',$,$,(#2739,#2740,#2741));
#2743= IFCRELDEFINESBYPROPERTIES('MJLRQT0030104000000000',#5,$,$,(#2731),#2742);
#2744= IFCCARTESIANPOINT((0.,0.));
#2745= IFCDIRECTION((1.,0.));
#2746= IFCAXIS2PLACEMENT2D(#2744,#2745);
#2747= IFCRECTANGLEPROFILEDEF(.AREA.,$,#2746,0.220,26.000);
#2748= IFCCARTESIANPOINT((-17.900,0.000,0.000));
#2749= IFCDIRECTION((0.,0.,1.));
#2750= IFCDIRECTION((1.,0.,0.));
#2751= IFCAXIS2PLACEMENT3D(#2748,#2749,#2750);
#2752= IFCDIRECTION((0.,0.,1.));
#2753= IFCEXTRUDEDAREASOLID(#2747,#2751,#2752,4.000);
#2754= IFCSHAPEREPRESENTATION(#10,'Body','SweptSolid',(#2753));
#2755= IFCPRODUCTDEFINITIONSHAPE($,$,(#2754));
#2756= IFCLOCALPLACEMENT(#2638,#9);
#2757= IFCWALL('MJLWALL030005000000000',#5,'L03 - West facade',$,$,#2756,#2755,$);
#2758= IFCPROPERTYSINGLEVALUE('AssetReference',$,IFCLABEL('WALL-03-005'),$);
#2759= IFCPROPERTYSINGLEVALUE('Level',$,IFCLABEL('Level 03'),$);
#2760= IFCPROPERTYSINGLEVALUE('System',$,IFCLABEL('Envelope'),$);
#2761= IFCPROPERTYSINGLEVALUE('Status',$,IFCLABEL('Issued for Coordination'),$);
#2762= IFCPROPERTYSINGLEVALUE('FireRating',$,IFCLABEL('60 min'),$);
#2763= IFCPROPERTYSET('MJLPSET030105000000000',#5,'Pset_MajalAsset',$,(#2758,#2759,#2760,#2761,#2762));
#2764= IFCRELDEFINESBYPROPERTIES('MJLRPS0030105000000000',#5,$,$,(#2757),#2763);
#2765= IFCQUANTITYAREA('GrossArea',$,$,5.720,$);
#2766= IFCQUANTITYVOLUME('GrossVolume',$,$,22.880,$);
#2767= IFCQUANTITYCOUNT('Count',$,$,1.,$);
#2768= IFCELEMENTQUANTITY('MJLQTO0030105000000000',#5,'BaseQuantities',$,$,(#2765,#2766,#2767));
#2769= IFCRELDEFINESBYPROPERTIES('MJLRQT0030105000000000',#5,$,$,(#2757),#2768);
#2770= IFCCARTESIANPOINT((0.,0.));
#2771= IFCDIRECTION((1.,0.));
#2772= IFCAXIS2PLACEMENT2D(#2770,#2771);
#2773= IFCRECTANGLEPROFILEDEF(.AREA.,$,#2772,10.000,0.300);
#2774= IFCCARTESIANPOINT((0.000,3.900,0.000));
#2775= IFCDIRECTION((0.,0.,1.));
#2776= IFCDIRECTION((1.,0.,0.));
#2777= IFCAXIS2PLACEMENT3D(#2774,#2775,#2776);
#2778= IFCDIRECTION((0.,0.,1.));
#2779= IFCEXTRUDEDAREASOLID(#2773,#2777,#2778,4.000);
#2780= IFCSHAPEREPRESENTATION(#10,'Body','SweptSolid',(#2779));
#2781= IFCPRODUCTDEFINITIONSHAPE($,$,(#2780));
#2782= IFCLOCALPLACEMENT(#2638,#9);
#2783= IFCWALL('MJLCORE030006000000000',#5,'L03 - Core north',$,$,#2782,#2781,$);
#2784= IFCPROPERTYSINGLEVALUE('AssetReference',$,IFCLABEL('CORE-03-006'),$);
#2785= IFCPROPERTYSINGLEVALUE('Level',$,IFCLABEL('Level 03'),$);
#2786= IFCPROPERTYSINGLEVALUE('System',$,IFCLABEL('Core'),$);
#2787= IFCPROPERTYSINGLEVALUE('Status',$,IFCLABEL('Issued for Coordination'),$);
#2788= IFCPROPERTYSINGLEVALUE('FireRating',$,IFCLABEL('120 min'),$);
#2789= IFCPROPERTYSET('MJLPSET030106000000000',#5,'Pset_MajalAsset',$,(#2784,#2785,#2786,#2787,#2788));
#2790= IFCRELDEFINESBYPROPERTIES('MJLRPS0030106000000000',#5,$,$,(#2783),#2789);
#2791= IFCQUANTITYAREA('GrossArea',$,$,40.000,$);
#2792= IFCQUANTITYVOLUME('GrossVolume',$,$,12.000,$);
#2793= IFCQUANTITYCOUNT('Count',$,$,1.,$);
#2794= IFCELEMENTQUANTITY('MJLQTO0030106000000000',#5,'BaseQuantities',$,$,(#2791,#2792,#2793));
#2795= IFCRELDEFINESBYPROPERTIES('MJLRQT0030106000000000',#5,$,$,(#2783),#2794);
#2796= IFCCARTESIANPOINT((0.,0.));
#2797= IFCDIRECTION((1.,0.));
#2798= IFCAXIS2PLACEMENT2D(#2796,#2797);
#2799= IFCRECTANGLEPROFILEDEF(.AREA.,$,#2798,10.000,0.300);
#2800= IFCCARTESIANPOINT((0.000,-3.900,0.000));
#2801= IFCDIRECTION((0.,0.,1.));
#2802= IFCDIRECTION((1.,0.,0.));
#2803= IFCAXIS2PLACEMENT3D(#2800,#2801,#2802);
#2804= IFCDIRECTION((0.,0.,1.));
#2805= IFCEXTRUDEDAREASOLID(#2799,#2803,#2804,4.000);
#2806= IFCSHAPEREPRESENTATION(#10,'Body','SweptSolid',(#2805));
#2807= IFCPRODUCTDEFINITIONSHAPE($,$,(#2806));
#2808= IFCLOCALPLACEMENT(#2638,#9);
#2809= IFCWALL('MJLCORE030007000000000',#5,'L03 - Core south',$,$,#2808,#2807,$);
#2810= IFCPROPERTYSINGLEVALUE('AssetReference',$,IFCLABEL('CORE-03-007'),$);
#2811= IFCPROPERTYSINGLEVALUE('Level',$,IFCLABEL('Level 03'),$);
#2812= IFCPROPERTYSINGLEVALUE('System',$,IFCLABEL('Core'),$);
#2813= IFCPROPERTYSINGLEVALUE('Status',$,IFCLABEL('Issued for Coordination'),$);
#2814= IFCPROPERTYSINGLEVALUE('FireRating',$,IFCLABEL('120 min'),$);
#2815= IFCPROPERTYSET('MJLPSET030107000000000',#5,'Pset_MajalAsset',$,(#2810,#2811,#2812,#2813,#2814));
#2816= IFCRELDEFINESBYPROPERTIES('MJLRPS0030107000000000',#5,$,$,(#2809),#2815);
#2817= IFCQUANTITYAREA('GrossArea',$,$,40.000,$);
#2818= IFCQUANTITYVOLUME('GrossVolume',$,$,12.000,$);
#2819= IFCQUANTITYCOUNT('Count',$,$,1.,$);
#2820= IFCELEMENTQUANTITY('MJLQTO0030107000000000',#5,'BaseQuantities',$,$,(#2817,#2818,#2819));
#2821= IFCRELDEFINESBYPROPERTIES('MJLRQT0030107000000000',#5,$,$,(#2809),#2820);
#2822= IFCCARTESIANPOINT((0.,0.));
#2823= IFCDIRECTION((1.,0.));
#2824= IFCAXIS2PLACEMENT2D(#2822,#2823);
#2825= IFCRECTANGLEPROFILEDEF(.AREA.,$,#2824,0.300,8.000);
#2826= IFCCARTESIANPOINT((4.900,0.000,0.000));
#2827= IFCDIRECTION((0.,0.,1.));
#2828= IFCDIRECTION((1.,0.,0.));
#2829= IFCAXIS2PLACEMENT3D(#2826,#2827,#2828);
#2830= IFCDIRECTION((0.,0.,1.));
#2831= IFCEXTRUDEDAREASOLID(#2825,#2829,#2830,4.000);
#2832= IFCSHAPEREPRESENTATION(#10,'Body','SweptSolid',(#2831));
#2833= IFCPRODUCTDEFINITIONSHAPE($,$,(#2832));
#2834= IFCLOCALPLACEMENT(#2638,#9);
#2835= IFCWALL('MJLCORE030008000000000',#5,'L03 - Core east',$,$,#2834,#2833,$);
#2836= IFCPROPERTYSINGLEVALUE('AssetReference',$,IFCLABEL('CORE-03-008'),$);
#2837= IFCPROPERTYSINGLEVALUE('Level',$,IFCLABEL('Level 03'),$);
#2838= IFCPROPERTYSINGLEVALUE('System',$,IFCLABEL('Core'),$);
#2839= IFCPROPERTYSINGLEVALUE('Status',$,IFCLABEL('Issued for Coordination'),$);
#2840= IFCPROPERTYSINGLEVALUE('FireRating',$,IFCLABEL('120 min'),$);
#2841= IFCPROPERTYSET('MJLPSET030108000000000',#5,'Pset_MajalAsset',$,(#2836,#2837,#2838,#2839,#2840));
#2842= IFCRELDEFINESBYPROPERTIES('MJLRPS0030108000000000',#5,$,$,(#2835),#2841);
#2843= IFCQUANTITYAREA('GrossArea',$,$,2.400,$);
#2844= IFCQUANTITYVOLUME('GrossVolume',$,$,9.600,$);
#2845= IFCQUANTITYCOUNT('Count',$,$,1.,$);
#2846= IFCELEMENTQUANTITY('MJLQTO0030108000000000',#5,'BaseQuantities',$,$,(#2843,#2844,#2845));
#2847= IFCRELDEFINESBYPROPERTIES('MJLRQT0030108000000000',#5,$,$,(#2835),#2846);
#2848= IFCCARTESIANPOINT((0.,0.));
#2849= IFCDIRECTION((1.,0.));
#2850= IFCAXIS2PLACEMENT2D(#2848,#2849);
#2851= IFCRECTANGLEPROFILEDEF(.AREA.,$,#2850,0.300,8.000);
#2852= IFCCARTESIANPOINT((-4.900,0.000,0.000));
#2853= IFCDIRECTION((0.,0.,1.));
#2854= IFCDIRECTION((1.,0.,0.));
#2855= IFCAXIS2PLACEMENT3D(#2852,#2853,#2854);
#2856= IFCDIRECTION((0.,0.,1.));
#2857= IFCEXTRUDEDAREASOLID(#2851,#2855,#2856,4.000);
#2858= IFCSHAPEREPRESENTATION(#10,'Body','SweptSolid',(#2857));
#2859= IFCPRODUCTDEFINITIONSHAPE($,$,(#2858));
#2860= IFCLOCALPLACEMENT(#2638,#9);
#2861= IFCWALL('MJLCORE030009000000000',#5,'L03 - Core west',$,$,#2860,#2859,$);
#2862= IFCPROPERTYSINGLEVALUE('AssetReference',$,IFCLABEL('CORE-03-009'),$);
#2863= IFCPROPERTYSINGLEVALUE('Level',$,IFCLABEL('Level 03'),$);
#2864= IFCPROPERTYSINGLEVALUE('System',$,IFCLABEL('Core'),$);
#2865= IFCPROPERTYSINGLEVALUE('Status',$,IFCLABEL('Issued for Coordination'),$);
#2866= IFCPROPERTYSINGLEVALUE('FireRating',$,IFCLABEL('120 min'),$);
#2867= IFCPROPERTYSET('MJLPSET030109000000000',#5,'Pset_MajalAsset',$,(#2862,#2863,#2864,#2865,#2866));
#2868= IFCRELDEFINESBYPROPERTIES('MJLRPS0030109000000000',#5,$,$,(#2861),#2867);
#2869= IFCQUANTITYAREA('GrossArea',$,$,2.400,$);
#2870= IFCQUANTITYVOLUME('GrossVolume',$,$,9.600,$);
#2871= IFCQUANTITYCOUNT('Count',$,$,1.,$);
#2872= IFCELEMENTQUANTITY('MJLQTO0030109000000000',#5,'BaseQuantities',$,$,(#2869,#2870,#2871));
#2873= IFCRELDEFINESBYPROPERTIES('MJLRQT0030109000000000',#5,$,$,(#2861),#2872);
#2874= IFCCARTESIANPOINT((0.,0.));
#2875= IFCDIRECTION((1.,0.));
#2876= IFCAXIS2PLACEMENT2D(#2874,#2875);
#2877= IFCRECTANGLEPROFILEDEF(.AREA.,$,#2876,0.550,0.550);
#2878= IFCCARTESIANPOINT((-15.000,-10.000,0.000));
#2879= IFCDIRECTION((0.,0.,1.));
#2880= IFCDIRECTION((1.,0.,0.));
#2881= IFCAXIS2PLACEMENT3D(#2878,#2879,#2880);
#2882= IFCDIRECTION((0.,0.,1.));
#2883= IFCEXTRUDEDAREASOLID(#2877,#2881,#2882,4.000);
#2884= IFCSHAPEREPRESENTATION(#10,'Body','SweptSolid',(#2883));
#2885= IFCPRODUCTDEFINITIONSHAPE($,$,(#2884));
#2886= IFCLOCALPLACEMENT(#2638,#9);
#2887= IFCCOLUMN('MJLCOL0030010000000000',#5,'L03 - Column -15/-10',$,$,#2886,#2885,$);
#2888= IFCPROPERTYSINGLEVALUE('AssetReference',$,IFCLABEL('COL-03-010'),$);
#2889= IFCPROPERTYSINGLEVALUE('Level',$,IFCLABEL('Level 03'),$);
#2890= IFCPROPERTYSINGLEVALUE('System',$,IFCLABEL('Structure'),$);
#2891= IFCPROPERTYSINGLEVALUE('Status',$,IFCLABEL('Issued for Coordination'),$);
#2892= IFCPROPERTYSINGLEVALUE('FireRating',$,IFCLABEL('120 min'),$);
#2893= IFCPROPERTYSET('MJLPSET030110000000000',#5,'Pset_MajalAsset',$,(#2888,#2889,#2890,#2891,#2892));
#2894= IFCRELDEFINESBYPROPERTIES('MJLRPS0030110000000000',#5,$,$,(#2887),#2893);
#2895= IFCQUANTITYAREA('GrossArea',$,$,2.200,$);
#2896= IFCQUANTITYVOLUME('GrossVolume',$,$,1.210,$);
#2897= IFCQUANTITYCOUNT('Count',$,$,1.,$);
#2898= IFCELEMENTQUANTITY('MJLQTO0030110000000000',#5,'BaseQuantities',$,$,(#2895,#2896,#2897));
#2899= IFCRELDEFINESBYPROPERTIES('MJLRQT0030110000000000',#5,$,$,(#2887),#2898);
#2900= IFCCARTESIANPOINT((0.,0.));
#2901= IFCDIRECTION((1.,0.));
#2902= IFCAXIS2PLACEMENT2D(#2900,#2901);
#2903= IFCRECTANGLEPROFILEDEF(.AREA.,$,#2902,0.550,0.550);
#2904= IFCCARTESIANPOINT((-15.000,0.000,0.000));
#2905= IFCDIRECTION((0.,0.,1.));
#2906= IFCDIRECTION((1.,0.,0.));
#2907= IFCAXIS2PLACEMENT3D(#2904,#2905,#2906);
#2908= IFCDIRECTION((0.,0.,1.));
#2909= IFCEXTRUDEDAREASOLID(#2903,#2907,#2908,4.000);
#2910= IFCSHAPEREPRESENTATION(#10,'Body','SweptSolid',(#2909));
#2911= IFCPRODUCTDEFINITIONSHAPE($,$,(#2910));
#2912= IFCLOCALPLACEMENT(#2638,#9);
#2913= IFCCOLUMN('MJLCOL0030011000000000',#5,'L03 - Column -15/+00',$,$,#2912,#2911,$);
#2914= IFCPROPERTYSINGLEVALUE('AssetReference',$,IFCLABEL('COL-03-011'),$);
#2915= IFCPROPERTYSINGLEVALUE('Level',$,IFCLABEL('Level 03'),$);
#2916= IFCPROPERTYSINGLEVALUE('System',$,IFCLABEL('Structure'),$);
#2917= IFCPROPERTYSINGLEVALUE('Status',$,IFCLABEL('Issued for Coordination'),$);
#2918= IFCPROPERTYSINGLEVALUE('FireRating',$,IFCLABEL('120 min'),$);
#2919= IFCPROPERTYSET('MJLPSET030111000000000',#5,'Pset_MajalAsset',$,(#2914,#2915,#2916,#2917,#2918));
#2920= IFCRELDEFINESBYPROPERTIES('MJLRPS0030111000000000',#5,$,$,(#2913),#2919);
#2921= IFCQUANTITYAREA('GrossArea',$,$,2.200,$);
#2922= IFCQUANTITYVOLUME('GrossVolume',$,$,1.210,$);
#2923= IFCQUANTITYCOUNT('Count',$,$,1.,$);
#2924= IFCELEMENTQUANTITY('MJLQTO0030111000000000',#5,'BaseQuantities',$,$,(#2921,#2922,#2923));
#2925= IFCRELDEFINESBYPROPERTIES('MJLRQT0030111000000000',#5,$,$,(#2913),#2924);
#2926= IFCCARTESIANPOINT((0.,0.));
#2927= IFCDIRECTION((1.,0.));
#2928= IFCAXIS2PLACEMENT2D(#2926,#2927);
#2929= IFCRECTANGLEPROFILEDEF(.AREA.,$,#2928,0.550,0.550);
#2930= IFCCARTESIANPOINT((-15.000,10.000,0.000));
#2931= IFCDIRECTION((0.,0.,1.));
#2932= IFCDIRECTION((1.,0.,0.));
#2933= IFCAXIS2PLACEMENT3D(#2930,#2931,#2932);
#2934= IFCDIRECTION((0.,0.,1.));
#2935= IFCEXTRUDEDAREASOLID(#2929,#2933,#2934,4.000);
#2936= IFCSHAPEREPRESENTATION(#10,'Body','SweptSolid',(#2935));
#2937= IFCPRODUCTDEFINITIONSHAPE($,$,(#2936));
#2938= IFCLOCALPLACEMENT(#2638,#9);
#2939= IFCCOLUMN('MJLCOL0030012000000000',#5,'L03 - Column -15/+10',$,$,#2938,#2937,$);
#2940= IFCPROPERTYSINGLEVALUE('AssetReference',$,IFCLABEL('COL-03-012'),$);
#2941= IFCPROPERTYSINGLEVALUE('Level',$,IFCLABEL('Level 03'),$);
#2942= IFCPROPERTYSINGLEVALUE('System',$,IFCLABEL('Structure'),$);
#2943= IFCPROPERTYSINGLEVALUE('Status',$,IFCLABEL('Issued for Coordination'),$);
#2944= IFCPROPERTYSINGLEVALUE('FireRating',$,IFCLABEL('120 min'),$);
#2945= IFCPROPERTYSET('MJLPSET030112000000000',#5,'Pset_MajalAsset',$,(#2940,#2941,#2942,#2943,#2944));
#2946= IFCRELDEFINESBYPROPERTIES('MJLRPS0030112000000000',#5,$,$,(#2939),#2945);
#2947= IFCQUANTITYAREA('GrossArea',$,$,2.200,$);
#2948= IFCQUANTITYVOLUME('GrossVolume',$,$,1.210,$);
#2949= IFCQUANTITYCOUNT('Count',$,$,1.,$);
#2950= IFCELEMENTQUANTITY('MJLQTO0030112000000000',#5,'BaseQuantities',$,$,(#2947,#2948,#2949));
#2951= IFCRELDEFINESBYPROPERTIES('MJLRQT0030112000000000',#5,$,$,(#2939),#2950);
#2952= IFCCARTESIANPOINT((0.,0.));
#2953= IFCDIRECTION((1.,0.));
#2954= IFCAXIS2PLACEMENT2D(#2952,#2953);
#2955= IFCRECTANGLEPROFILEDEF(.AREA.,$,#2954,0.550,0.550);
#2956= IFCCARTESIANPOINT((-9.000,-10.000,0.000));
#2957= IFCDIRECTION((0.,0.,1.));
#2958= IFCDIRECTION((1.,0.,0.));
#2959= IFCAXIS2PLACEMENT3D(#2956,#2957,#2958);
#2960= IFCDIRECTION((0.,0.,1.));
#2961= IFCEXTRUDEDAREASOLID(#2955,#2959,#2960,4.000);
#2962= IFCSHAPEREPRESENTATION(#10,'Body','SweptSolid',(#2961));
#2963= IFCPRODUCTDEFINITIONSHAPE($,$,(#2962));
#2964= IFCLOCALPLACEMENT(#2638,#9);
#2965= IFCCOLUMN('MJLCOL0030013000000000',#5,'L03 - Column -09/-10',$,$,#2964,#2963,$);
#2966= IFCPROPERTYSINGLEVALUE('AssetReference',$,IFCLABEL('COL-03-013'),$);
#2967= IFCPROPERTYSINGLEVALUE('Level',$,IFCLABEL('Level 03'),$);
#2968= IFCPROPERTYSINGLEVALUE('System',$,IFCLABEL('Structure'),$);
#2969= IFCPROPERTYSINGLEVALUE('Status',$,IFCLABEL('Issued for Coordination'),$);
#2970= IFCPROPERTYSINGLEVALUE('FireRating',$,IFCLABEL('120 min'),$);
#2971= IFCPROPERTYSET('MJLPSET030113000000000',#5,'Pset_MajalAsset',$,(#2966,#2967,#2968,#2969,#2970));
#2972= IFCRELDEFINESBYPROPERTIES('MJLRPS0030113000000000',#5,$,$,(#2965),#2971);
#2973= IFCQUANTITYAREA('GrossArea',$,$,2.200,$);
#2974= IFCQUANTITYVOLUME('GrossVolume',$,$,1.210,$);
#2975= IFCQUANTITYCOUNT('Count',$,$,1.,$);
#2976= IFCELEMENTQUANTITY('MJLQTO0030113000000000',#5,'BaseQuantities',$,$,(#2973,#2974,#2975));
#2977= IFCRELDEFINESBYPROPERTIES('MJLRQT0030113000000000',#5,$,$,(#2965),#2976);
#2978= IFCCARTESIANPOINT((0.,0.));
#2979= IFCDIRECTION((1.,0.));
#2980= IFCAXIS2PLACEMENT2D(#2978,#2979);
#2981= IFCRECTANGLEPROFILEDEF(.AREA.,$,#2980,0.550,0.550);
#2982= IFCCARTESIANPOINT((-9.000,0.000,0.000));
#2983= IFCDIRECTION((0.,0.,1.));
#2984= IFCDIRECTION((1.,0.,0.));
#2985= IFCAXIS2PLACEMENT3D(#2982,#2983,#2984);
#2986= IFCDIRECTION((0.,0.,1.));
#2987= IFCEXTRUDEDAREASOLID(#2981,#2985,#2986,4.000);
#2988= IFCSHAPEREPRESENTATION(#10,'Body','SweptSolid',(#2987));
#2989= IFCPRODUCTDEFINITIONSHAPE($,$,(#2988));
#2990= IFCLOCALPLACEMENT(#2638,#9);
#2991= IFCCOLUMN('MJLCOL0030014000000000',#5,'L03 - Column -09/+00',$,$,#2990,#2989,$);
#2992= IFCPROPERTYSINGLEVALUE('AssetReference',$,IFCLABEL('COL-03-014'),$);
#2993= IFCPROPERTYSINGLEVALUE('Level',$,IFCLABEL('Level 03'),$);
#2994= IFCPROPERTYSINGLEVALUE('System',$,IFCLABEL('Structure'),$);
#2995= IFCPROPERTYSINGLEVALUE('Status',$,IFCLABEL('Issued for Coordination'),$);
#2996= IFCPROPERTYSINGLEVALUE('FireRating',$,IFCLABEL('120 min'),$);
#2997= IFCPROPERTYSET('MJLPSET030114000000000',#5,'Pset_MajalAsset',$,(#2992,#2993,#2994,#2995,#2996));
#2998= IFCRELDEFINESBYPROPERTIES('MJLRPS0030114000000000',#5,$,$,(#2991),#2997);
#2999= IFCQUANTITYAREA('GrossArea',$,$,2.200,$);
#3000= IFCQUANTITYVOLUME('GrossVolume',$,$,1.210,$);
#3001= IFCQUANTITYCOUNT('Count',$,$,1.,$);
#3002= IFCELEMENTQUANTITY('MJLQTO0030114000000000',#5,'BaseQuantities',$,$,(#2999,#3000,#3001));
#3003= IFCRELDEFINESBYPROPERTIES('MJLRQT0030114000000000',#5,$,$,(#2991),#3002);
#3004= IFCCARTESIANPOINT((0.,0.));
#3005= IFCDIRECTION((1.,0.));
#3006= IFCAXIS2PLACEMENT2D(#3004,#3005);
#3007= IFCRECTANGLEPROFILEDEF(.AREA.,$,#3006,0.550,0.550);
#3008= IFCCARTESIANPOINT((-9.000,10.000,0.000));
#3009= IFCDIRECTION((0.,0.,1.));
#3010= IFCDIRECTION((1.,0.,0.));
#3011= IFCAXIS2PLACEMENT3D(#3008,#3009,#3010);
#3012= IFCDIRECTION((0.,0.,1.));
#3013= IFCEXTRUDEDAREASOLID(#3007,#3011,#3012,4.000);
#3014= IFCSHAPEREPRESENTATION(#10,'Body','SweptSolid',(#3013));
#3015= IFCPRODUCTDEFINITIONSHAPE($,$,(#3014));
#3016= IFCLOCALPLACEMENT(#2638,#9);
#3017= IFCCOLUMN('MJLCOL0030015000000000',#5,'L03 - Column -09/+10',$,$,#3016,#3015,$);
#3018= IFCPROPERTYSINGLEVALUE('AssetReference',$,IFCLABEL('COL-03-015'),$);
#3019= IFCPROPERTYSINGLEVALUE('Level',$,IFCLABEL('Level 03'),$);
#3020= IFCPROPERTYSINGLEVALUE('System',$,IFCLABEL('Structure'),$);
#3021= IFCPROPERTYSINGLEVALUE('Status',$,IFCLABEL('Issued for Coordination'),$);
#3022= IFCPROPERTYSINGLEVALUE('FireRating',$,IFCLABEL('120 min'),$);
#3023= IFCPROPERTYSET('MJLPSET030115000000000',#5,'Pset_MajalAsset',$,(#3018,#3019,#3020,#3021,#3022));
#3024= IFCRELDEFINESBYPROPERTIES('MJLRPS0030115000000000',#5,$,$,(#3017),#3023);
#3025= IFCQUANTITYAREA('GrossArea',$,$,2.200,$);
#3026= IFCQUANTITYVOLUME('GrossVolume',$,$,1.210,$);
#3027= IFCQUANTITYCOUNT('Count',$,$,1.,$);
#3028= IFCELEMENTQUANTITY('MJLQTO0030115000000000',#5,'BaseQuantities',$,$,(#3025,#3026,#3027));
#3029= IFCRELDEFINESBYPROPERTIES('MJLRQT0030115000000000',#5,$,$,(#3017),#3028);
#3030= IFCCARTESIANPOINT((0.,0.));
#3031= IFCDIRECTION((1.,0.));
#3032= IFCAXIS2PLACEMENT2D(#3030,#3031);
#3033= IFCRECTANGLEPROFILEDEF(.AREA.,$,#3032,0.550,0.550);
#3034= IFCCARTESIANPOINT((-3.000,-10.000,0.000));
#3035= IFCDIRECTION((0.,0.,1.));
#3036= IFCDIRECTION((1.,0.,0.));
#3037= IFCAXIS2PLACEMENT3D(#3034,#3035,#3036);
#3038= IFCDIRECTION((0.,0.,1.));
#3039= IFCEXTRUDEDAREASOLID(#3033,#3037,#3038,4.000);
#3040= IFCSHAPEREPRESENTATION(#10,'Body','SweptSolid',(#3039));
#3041= IFCPRODUCTDEFINITIONSHAPE($,$,(#3040));
#3042= IFCLOCALPLACEMENT(#2638,#9);
#3043= IFCCOLUMN('MJLCOL0030016000000000',#5,'L03 - Column -03/-10',$,$,#3042,#3041,$);
#3044= IFCPROPERTYSINGLEVALUE('AssetReference',$,IFCLABEL('COL-03-016'),$);
#3045= IFCPROPERTYSINGLEVALUE('Level',$,IFCLABEL('Level 03'),$);
#3046= IFCPROPERTYSINGLEVALUE('System',$,IFCLABEL('Structure'),$);
#3047= IFCPROPERTYSINGLEVALUE('Status',$,IFCLABEL('Issued for Coordination'),$);
#3048= IFCPROPERTYSINGLEVALUE('FireRating',$,IFCLABEL('120 min'),$);
#3049= IFCPROPERTYSET('MJLPSET030116000000000',#5,'Pset_MajalAsset',$,(#3044,#3045,#3046,#3047,#3048));
#3050= IFCRELDEFINESBYPROPERTIES('MJLRPS0030116000000000',#5,$,$,(#3043),#3049);
#3051= IFCQUANTITYAREA('GrossArea',$,$,2.200,$);
#3052= IFCQUANTITYVOLUME('GrossVolume',$,$,1.210,$);
#3053= IFCQUANTITYCOUNT('Count',$,$,1.,$);
#3054= IFCELEMENTQUANTITY('MJLQTO0030116000000000',#5,'BaseQuantities',$,$,(#3051,#3052,#3053));
#3055= IFCRELDEFINESBYPROPERTIES('MJLRQT0030116000000000',#5,$,$,(#3043),#3054);
#3056= IFCCARTESIANPOINT((0.,0.));
#3057= IFCDIRECTION((1.,0.));
#3058= IFCAXIS2PLACEMENT2D(#3056,#3057);
#3059= IFCRECTANGLEPROFILEDEF(.AREA.,$,#3058,0.550,0.550);
#3060= IFCCARTESIANPOINT((-3.000,0.000,0.000));
#3061= IFCDIRECTION((0.,0.,1.));
#3062= IFCDIRECTION((1.,0.,0.));
#3063= IFCAXIS2PLACEMENT3D(#3060,#3061,#3062);
#3064= IFCDIRECTION((0.,0.,1.));
#3065= IFCEXTRUDEDAREASOLID(#3059,#3063,#3064,4.000);
#3066= IFCSHAPEREPRESENTATION(#10,'Body','SweptSolid',(#3065));
#3067= IFCPRODUCTDEFINITIONSHAPE($,$,(#3066));
#3068= IFCLOCALPLACEMENT(#2638,#9);
#3069= IFCCOLUMN('MJLCOL0030017000000000',#5,'L03 - Column -03/+00',$,$,#3068,#3067,$);
#3070= IFCPROPERTYSINGLEVALUE('AssetReference',$,IFCLABEL('COL-03-017'),$);
#3071= IFCPROPERTYSINGLEVALUE('Level',$,IFCLABEL('Level 03'),$);
#3072= IFCPROPERTYSINGLEVALUE('System',$,IFCLABEL('Structure'),$);
#3073= IFCPROPERTYSINGLEVALUE('Status',$,IFCLABEL('Issued for Coordination'),$);
#3074= IFCPROPERTYSINGLEVALUE('FireRating',$,IFCLABEL('120 min'),$);
#3075= IFCPROPERTYSET('MJLPSET030117000000000',#5,'Pset_MajalAsset',$,(#3070,#3071,#3072,#3073,#3074));
#3076= IFCRELDEFINESBYPROPERTIES('MJLRPS0030117000000000',#5,$,$,(#3069),#3075);
#3077= IFCQUANTITYAREA('GrossArea',$,$,2.200,$);
#3078= IFCQUANTITYVOLUME('GrossVolume',$,$,1.210,$);
#3079= IFCQUANTITYCOUNT('Count',$,$,1.,$);
#3080= IFCELEMENTQUANTITY('MJLQTO0030117000000000',#5,'BaseQuantities',$,$,(#3077,#3078,#3079));
#3081= IFCRELDEFINESBYPROPERTIES('MJLRQT0030117000000000',#5,$,$,(#3069),#3080);
#3082= IFCCARTESIANPOINT((0.,0.));
#3083= IFCDIRECTION((1.,0.));
#3084= IFCAXIS2PLACEMENT2D(#3082,#3083);
#3085= IFCRECTANGLEPROFILEDEF(.AREA.,$,#3084,0.550,0.550);
#3086= IFCCARTESIANPOINT((-3.000,10.000,0.000));
#3087= IFCDIRECTION((0.,0.,1.));
#3088= IFCDIRECTION((1.,0.,0.));
#3089= IFCAXIS2PLACEMENT3D(#3086,#3087,#3088);
#3090= IFCDIRECTION((0.,0.,1.));
#3091= IFCEXTRUDEDAREASOLID(#3085,#3089,#3090,4.000);
#3092= IFCSHAPEREPRESENTATION(#10,'Body','SweptSolid',(#3091));
#3093= IFCPRODUCTDEFINITIONSHAPE($,$,(#3092));
#3094= IFCLOCALPLACEMENT(#2638,#9);
#3095= IFCCOLUMN('MJLCOL0030018000000000',#5,'L03 - Column -03/+10',$,$,#3094,#3093,$);
#3096= IFCPROPERTYSINGLEVALUE('AssetReference',$,IFCLABEL('COL-03-018'),$);
#3097= IFCPROPERTYSINGLEVALUE('Level',$,IFCLABEL('Level 03'),$);
#3098= IFCPROPERTYSINGLEVALUE('System',$,IFCLABEL('Structure'),$);
#3099= IFCPROPERTYSINGLEVALUE('Status',$,IFCLABEL('Issued for Coordination'),$);
#3100= IFCPROPERTYSINGLEVALUE('FireRating',$,IFCLABEL('120 min'),$);
#3101= IFCPROPERTYSET('MJLPSET030118000000000',#5,'Pset_MajalAsset',$,(#3096,#3097,#3098,#3099,#3100));
#3102= IFCRELDEFINESBYPROPERTIES('MJLRPS0030118000000000',#5,$,$,(#3095),#3101);
#3103= IFCQUANTITYAREA('GrossArea',$,$,2.200,$);
#3104= IFCQUANTITYVOLUME('GrossVolume',$,$,1.210,$);
#3105= IFCQUANTITYCOUNT('Count',$,$,1.,$);
#3106= IFCELEMENTQUANTITY('MJLQTO0030118000000000',#5,'BaseQuantities',$,$,(#3103,#3104,#3105));
#3107= IFCRELDEFINESBYPROPERTIES('MJLRQT0030118000000000',#5,$,$,(#3095),#3106);
#3108= IFCCARTESIANPOINT((0.,0.));
#3109= IFCDIRECTION((1.,0.));
#3110= IFCAXIS2PLACEMENT2D(#3108,#3109);
#3111= IFCRECTANGLEPROFILEDEF(.AREA.,$,#3110,0.550,0.550);
#3112= IFCCARTESIANPOINT((3.000,-10.000,0.000));
#3113= IFCDIRECTION((0.,0.,1.));
#3114= IFCDIRECTION((1.,0.,0.));
#3115= IFCAXIS2PLACEMENT3D(#3112,#3113,#3114);
#3116= IFCDIRECTION((0.,0.,1.));
#3117= IFCEXTRUDEDAREASOLID(#3111,#3115,#3116,4.000);
#3118= IFCSHAPEREPRESENTATION(#10,'Body','SweptSolid',(#3117));
#3119= IFCPRODUCTDEFINITIONSHAPE($,$,(#3118));
#3120= IFCLOCALPLACEMENT(#2638,#9);
#3121= IFCCOLUMN('MJLCOL0030019000000000',#5,'L03 - Column +03/-10',$,$,#3120,#3119,$);
#3122= IFCPROPERTYSINGLEVALUE('AssetReference',$,IFCLABEL('COL-03-019'),$);
#3123= IFCPROPERTYSINGLEVALUE('Level',$,IFCLABEL('Level 03'),$);
#3124= IFCPROPERTYSINGLEVALUE('System',$,IFCLABEL('Structure'),$);
#3125= IFCPROPERTYSINGLEVALUE('Status',$,IFCLABEL('Issued for Coordination'),$);
#3126= IFCPROPERTYSINGLEVALUE('FireRating',$,IFCLABEL('120 min'),$);
#3127= IFCPROPERTYSET('MJLPSET030119000000000',#5,'Pset_MajalAsset',$,(#3122,#3123,#3124,#3125,#3126));
#3128= IFCRELDEFINESBYPROPERTIES('MJLRPS0030119000000000',#5,$,$,(#3121),#3127);
#3129= IFCQUANTITYAREA('GrossArea',$,$,2.200,$);
#3130= IFCQUANTITYVOLUME('GrossVolume',$,$,1.210,$);
#3131= IFCQUANTITYCOUNT('Count',$,$,1.,$);
#3132= IFCELEMENTQUANTITY('MJLQTO0030119000000000',#5,'BaseQuantities',$,$,(#3129,#3130,#3131));
#3133= IFCRELDEFINESBYPROPERTIES('MJLRQT0030119000000000',#5,$,$,(#3121),#3132);
#3134= IFCCARTESIANPOINT((0.,0.));
#3135= IFCDIRECTION((1.,0.));
#3136= IFCAXIS2PLACEMENT2D(#3134,#3135);
#3137= IFCRECTANGLEPROFILEDEF(.AREA.,$,#3136,0.550,0.550);
#3138= IFCCARTESIANPOINT((3.000,0.000,0.000));
#3139= IFCDIRECTION((0.,0.,1.));
#3140= IFCDIRECTION((1.,0.,0.));
#3141= IFCAXIS2PLACEMENT3D(#3138,#3139,#3140);
#3142= IFCDIRECTION((0.,0.,1.));
#3143= IFCEXTRUDEDAREASOLID(#3137,#3141,#3142,4.000);
#3144= IFCSHAPEREPRESENTATION(#10,'Body','SweptSolid',(#3143));
#3145= IFCPRODUCTDEFINITIONSHAPE($,$,(#3144));
#3146= IFCLOCALPLACEMENT(#2638,#9);
#3147= IFCCOLUMN('MJLCOL0030020000000000',#5,'L03 - Column +03/+00',$,$,#3146,#3145,$);
#3148= IFCPROPERTYSINGLEVALUE('AssetReference',$,IFCLABEL('COL-03-020'),$);
#3149= IFCPROPERTYSINGLEVALUE('Level',$,IFCLABEL('Level 03'),$);
#3150= IFCPROPERTYSINGLEVALUE('System',$,IFCLABEL('Structure'),$);
#3151= IFCPROPERTYSINGLEVALUE('Status',$,IFCLABEL('Issued for Coordination'),$);
#3152= IFCPROPERTYSINGLEVALUE('FireRating',$,IFCLABEL('120 min'),$);
#3153= IFCPROPERTYSET('MJLPSET030120000000000',#5,'Pset_MajalAsset',$,(#3148,#3149,#3150,#3151,#3152));
#3154= IFCRELDEFINESBYPROPERTIES('MJLRPS0030120000000000',#5,$,$,(#3147),#3153);
#3155= IFCQUANTITYAREA('GrossArea',$,$,2.200,$);
#3156= IFCQUANTITYVOLUME('GrossVolume',$,$,1.210,$);
#3157= IFCQUANTITYCOUNT('Count',$,$,1.,$);
#3158= IFCELEMENTQUANTITY('MJLQTO0030120000000000',#5,'BaseQuantities',$,$,(#3155,#3156,#3157));
#3159= IFCRELDEFINESBYPROPERTIES('MJLRQT0030120000000000',#5,$,$,(#3147),#3158);
#3160= IFCCARTESIANPOINT((0.,0.));
#3161= IFCDIRECTION((1.,0.));
#3162= IFCAXIS2PLACEMENT2D(#3160,#3161);
#3163= IFCRECTANGLEPROFILEDEF(.AREA.,$,#3162,0.550,0.550);
#3164= IFCCARTESIANPOINT((3.000,10.000,0.000));
#3165= IFCDIRECTION((0.,0.,1.));
#3166= IFCDIRECTION((1.,0.,0.));
#3167= IFCAXIS2PLACEMENT3D(#3164,#3165,#3166);
#3168= IFCDIRECTION((0.,0.,1.));
#3169= IFCEXTRUDEDAREASOLID(#3163,#3167,#3168,4.000);
#3170= IFCSHAPEREPRESENTATION(#10,'Body','SweptSolid',(#3169));
#3171= IFCPRODUCTDEFINITIONSHAPE($,$,(#3170));
#3172= IFCLOCALPLACEMENT(#2638,#9);
#3173= IFCCOLUMN('MJLCOL0030021000000000',#5,'L03 - Column +03/+10',$,$,#3172,#3171,$);
#3174= IFCPROPERTYSINGLEVALUE('AssetReference',$,IFCLABEL('COL-03-021'),$);
#3175= IFCPROPERTYSINGLEVALUE('Level',$,IFCLABEL('Level 03'),$);
#3176= IFCPROPERTYSINGLEVALUE('System',$,IFCLABEL('Structure'),$);
#3177= IFCPROPERTYSINGLEVALUE('Status',$,IFCLABEL('Issued for Coordination'),$);
#3178= IFCPROPERTYSINGLEVALUE('FireRating',$,IFCLABEL('120 min'),$);
#3179= IFCPROPERTYSET('MJLPSET030121000000000',#5,'Pset_MajalAsset',$,(#3174,#3175,#3176,#3177,#3178));
#3180= IFCRELDEFINESBYPROPERTIES('MJLRPS0030121000000000',#5,$,$,(#3173),#3179);
#3181= IFCQUANTITYAREA('GrossArea',$,$,2.200,$);
#3182= IFCQUANTITYVOLUME('GrossVolume',$,$,1.210,$);
#3183= IFCQUANTITYCOUNT('Count',$,$,1.,$);
#3184= IFCELEMENTQUANTITY('MJLQTO0030121000000000',#5,'BaseQuantities',$,$,(#3181,#3182,#3183));
#3185= IFCRELDEFINESBYPROPERTIES('MJLRQT0030121000000000',#5,$,$,(#3173),#3184);
#3186= IFCCARTESIANPOINT((0.,0.));
#3187= IFCDIRECTION((1.,0.));
#3188= IFCAXIS2PLACEMENT2D(#3186,#3187);
#3189= IFCRECTANGLEPROFILEDEF(.AREA.,$,#3188,0.550,0.550);
#3190= IFCCARTESIANPOINT((9.000,-10.000,0.000));
#3191= IFCDIRECTION((0.,0.,1.));
#3192= IFCDIRECTION((1.,0.,0.));
#3193= IFCAXIS2PLACEMENT3D(#3190,#3191,#3192);
#3194= IFCDIRECTION((0.,0.,1.));
#3195= IFCEXTRUDEDAREASOLID(#3189,#3193,#3194,4.000);
#3196= IFCSHAPEREPRESENTATION(#10,'Body','SweptSolid',(#3195));
#3197= IFCPRODUCTDEFINITIONSHAPE($,$,(#3196));
#3198= IFCLOCALPLACEMENT(#2638,#9);
#3199= IFCCOLUMN('MJLCOL0030022000000000',#5,'L03 - Column +09/-10',$,$,#3198,#3197,$);
#3200= IFCPROPERTYSINGLEVALUE('AssetReference',$,IFCLABEL('COL-03-022'),$);
#3201= IFCPROPERTYSINGLEVALUE('Level',$,IFCLABEL('Level 03'),$);
#3202= IFCPROPERTYSINGLEVALUE('System',$,IFCLABEL('Structure'),$);
#3203= IFCPROPERTYSINGLEVALUE('Status',$,IFCLABEL('Issued for Coordination'),$);
#3204= IFCPROPERTYSINGLEVALUE('FireRating',$,IFCLABEL('120 min'),$);
#3205= IFCPROPERTYSET('MJLPSET030122000000000',#5,'Pset_MajalAsset',$,(#3200,#3201,#3202,#3203,#3204));
#3206= IFCRELDEFINESBYPROPERTIES('MJLRPS0030122000000000',#5,$,$,(#3199),#3205);
#3207= IFCQUANTITYAREA('GrossArea',$,$,2.200,$);
#3208= IFCQUANTITYVOLUME('GrossVolume',$,$,1.210,$);
#3209= IFCQUANTITYCOUNT('Count',$,$,1.,$);
#3210= IFCELEMENTQUANTITY('MJLQTO0030122000000000',#5,'BaseQuantities',$,$,(#3207,#3208,#3209));
#3211= IFCRELDEFINESBYPROPERTIES('MJLRQT0030122000000000',#5,$,$,(#3199),#3210);
#3212= IFCCARTESIANPOINT((0.,0.));
#3213= IFCDIRECTION((1.,0.));
#3214= IFCAXIS2PLACEMENT2D(#3212,#3213);
#3215= IFCRECTANGLEPROFILEDEF(.AREA.,$,#3214,0.550,0.550);
#3216= IFCCARTESIANPOINT((9.000,0.000,0.000));
#3217= IFCDIRECTION((0.,0.,1.));
#3218= IFCDIRECTION((1.,0.,0.));
#3219= IFCAXIS2PLACEMENT3D(#3216,#3217,#3218);
#3220= IFCDIRECTION((0.,0.,1.));
#3221= IFCEXTRUDEDAREASOLID(#3215,#3219,#3220,4.000);
#3222= IFCSHAPEREPRESENTATION(#10,'Body','SweptSolid',(#3221));
#3223= IFCPRODUCTDEFINITIONSHAPE($,$,(#3222));
#3224= IFCLOCALPLACEMENT(#2638,#9);
#3225= IFCCOLUMN('MJLCOL0030023000000000',#5,'L03 - Column +09/+00',$,$,#3224,#3223,$);
#3226= IFCPROPERTYSINGLEVALUE('AssetReference',$,IFCLABEL('COL-03-023'),$);
#3227= IFCPROPERTYSINGLEVALUE('Level',$,IFCLABEL('Level 03'),$);
#3228= IFCPROPERTYSINGLEVALUE('System',$,IFCLABEL('Structure'),$);
#3229= IFCPROPERTYSINGLEVALUE('Status',$,IFCLABEL('Issued for Coordination'),$);
#3230= IFCPROPERTYSINGLEVALUE('FireRating',$,IFCLABEL('120 min'),$);
#3231= IFCPROPERTYSET('MJLPSET030123000000000',#5,'Pset_MajalAsset',$,(#3226,#3227,#3228,#3229,#3230));
#3232= IFCRELDEFINESBYPROPERTIES('MJLRPS0030123000000000',#5,$,$,(#3225),#3231);
#3233= IFCQUANTITYAREA('GrossArea',$,$,2.200,$);
#3234= IFCQUANTITYVOLUME('GrossVolume',$,$,1.210,$);
#3235= IFCQUANTITYCOUNT('Count',$,$,1.,$);
#3236= IFCELEMENTQUANTITY('MJLQTO0030123000000000',#5,'BaseQuantities',$,$,(#3233,#3234,#3235));
#3237= IFCRELDEFINESBYPROPERTIES('MJLRQT0030123000000000',#5,$,$,(#3225),#3236);
#3238= IFCCARTESIANPOINT((0.,0.));
#3239= IFCDIRECTION((1.,0.));
#3240= IFCAXIS2PLACEMENT2D(#3238,#3239);
#3241= IFCRECTANGLEPROFILEDEF(.AREA.,$,#3240,0.550,0.550);
#3242= IFCCARTESIANPOINT((9.000,10.000,0.000));
#3243= IFCDIRECTION((0.,0.,1.));
#3244= IFCDIRECTION((1.,0.,0.));
#3245= IFCAXIS2PLACEMENT3D(#3242,#3243,#3244);
#3246= IFCDIRECTION((0.,0.,1.));
#3247= IFCEXTRUDEDAREASOLID(#3241,#3245,#3246,4.000);
#3248= IFCSHAPEREPRESENTATION(#10,'Body','SweptSolid',(#3247));
#3249= IFCPRODUCTDEFINITIONSHAPE($,$,(#3248));
#3250= IFCLOCALPLACEMENT(#2638,#9);
#3251= IFCCOLUMN('MJLCOL0030024000000000',#5,'L03 - Column +09/+10',$,$,#3250,#3249,$);
#3252= IFCPROPERTYSINGLEVALUE('AssetReference',$,IFCLABEL('COL-03-024'),$);
#3253= IFCPROPERTYSINGLEVALUE('Level',$,IFCLABEL('Level 03'),$);
#3254= IFCPROPERTYSINGLEVALUE('System',$,IFCLABEL('Structure'),$);
#3255= IFCPROPERTYSINGLEVALUE('Status',$,IFCLABEL('Issued for Coordination'),$);
#3256= IFCPROPERTYSINGLEVALUE('FireRating',$,IFCLABEL('120 min'),$);
#3257= IFCPROPERTYSET('MJLPSET030124000000000',#5,'Pset_MajalAsset',$,(#3252,#3253,#3254,#3255,#3256));
#3258= IFCRELDEFINESBYPROPERTIES('MJLRPS0030124000000000',#5,$,$,(#3251),#3257);
#3259= IFCQUANTITYAREA('GrossArea',$,$,2.200,$);
#3260= IFCQUANTITYVOLUME('GrossVolume',$,$,1.210,$);
#3261= IFCQUANTITYCOUNT('Count',$,$,1.,$);
#3262= IFCELEMENTQUANTITY('MJLQTO0030124000000000',#5,'BaseQuantities',$,$,(#3259,#3260,#3261));
#3263= IFCRELDEFINESBYPROPERTIES('MJLRQT0030124000000000',#5,$,$,(#3251),#3262);
#3264= IFCCARTESIANPOINT((0.,0.));
#3265= IFCDIRECTION((1.,0.));
#3266= IFCAXIS2PLACEMENT2D(#3264,#3265);
#3267= IFCRECTANGLEPROFILEDEF(.AREA.,$,#3266,0.550,0.550);
#3268= IFCCARTESIANPOINT((15.000,-10.000,0.000));
#3269= IFCDIRECTION((0.,0.,1.));
#3270= IFCDIRECTION((1.,0.,0.));
#3271= IFCAXIS2PLACEMENT3D(#3268,#3269,#3270);
#3272= IFCDIRECTION((0.,0.,1.));
#3273= IFCEXTRUDEDAREASOLID(#3267,#3271,#3272,4.000);
#3274= IFCSHAPEREPRESENTATION(#10,'Body','SweptSolid',(#3273));
#3275= IFCPRODUCTDEFINITIONSHAPE($,$,(#3274));
#3276= IFCLOCALPLACEMENT(#2638,#9);
#3277= IFCCOLUMN('MJLCOL0030025000000000',#5,'L03 - Column +15/-10',$,$,#3276,#3275,$);
#3278= IFCPROPERTYSINGLEVALUE('AssetReference',$,IFCLABEL('COL-03-025'),$);
#3279= IFCPROPERTYSINGLEVALUE('Level',$,IFCLABEL('Level 03'),$);
#3280= IFCPROPERTYSINGLEVALUE('System',$,IFCLABEL('Structure'),$);
#3281= IFCPROPERTYSINGLEVALUE('Status',$,IFCLABEL('Issued for Coordination'),$);
#3282= IFCPROPERTYSINGLEVALUE('FireRating',$,IFCLABEL('120 min'),$);
#3283= IFCPROPERTYSET('MJLPSET030125000000000',#5,'Pset_MajalAsset',$,(#3278,#3279,#3280,#3281,#3282));
#3284= IFCRELDEFINESBYPROPERTIES('MJLRPS0030125000000000',#5,$,$,(#3277),#3283);
#3285= IFCQUANTITYAREA('GrossArea',$,$,2.200,$);
#3286= IFCQUANTITYVOLUME('GrossVolume',$,$,1.210,$);
#3287= IFCQUANTITYCOUNT('Count',$,$,1.,$);
#3288= IFCELEMENTQUANTITY('MJLQTO0030125000000000',#5,'BaseQuantities',$,$,(#3285,#3286,#3287));
#3289= IFCRELDEFINESBYPROPERTIES('MJLRQT0030125000000000',#5,$,$,(#3277),#3288);
#3290= IFCCARTESIANPOINT((0.,0.));
#3291= IFCDIRECTION((1.,0.));
#3292= IFCAXIS2PLACEMENT2D(#3290,#3291);
#3293= IFCRECTANGLEPROFILEDEF(.AREA.,$,#3292,0.550,0.550);
#3294= IFCCARTESIANPOINT((15.000,0.000,0.000));
#3295= IFCDIRECTION((0.,0.,1.));
#3296= IFCDIRECTION((1.,0.,0.));
#3297= IFCAXIS2PLACEMENT3D(#3294,#3295,#3296);
#3298= IFCDIRECTION((0.,0.,1.));
#3299= IFCEXTRUDEDAREASOLID(#3293,#3297,#3298,4.000);
#3300= IFCSHAPEREPRESENTATION(#10,'Body','SweptSolid',(#3299));
#3301= IFCPRODUCTDEFINITIONSHAPE($,$,(#3300));
#3302= IFCLOCALPLACEMENT(#2638,#9);
#3303= IFCCOLUMN('MJLCOL0030026000000000',#5,'L03 - Column +15/+00',$,$,#3302,#3301,$);
#3304= IFCPROPERTYSINGLEVALUE('AssetReference',$,IFCLABEL('COL-03-026'),$);
#3305= IFCPROPERTYSINGLEVALUE('Level',$,IFCLABEL('Level 03'),$);
#3306= IFCPROPERTYSINGLEVALUE('System',$,IFCLABEL('Structure'),$);
#3307= IFCPROPERTYSINGLEVALUE('Status',$,IFCLABEL('Issued for Coordination'),$);
#3308= IFCPROPERTYSINGLEVALUE('FireRating',$,IFCLABEL('120 min'),$);
#3309= IFCPROPERTYSET('MJLPSET030126000000000',#5,'Pset_MajalAsset',$,(#3304,#3305,#3306,#3307,#3308));
#3310= IFCRELDEFINESBYPROPERTIES('MJLRPS0030126000000000',#5,$,$,(#3303),#3309);
#3311= IFCQUANTITYAREA('GrossArea',$,$,2.200,$);
#3312= IFCQUANTITYVOLUME('GrossVolume',$,$,1.210,$);
#3313= IFCQUANTITYCOUNT('Count',$,$,1.,$);
#3314= IFCELEMENTQUANTITY('MJLQTO0030126000000000',#5,'BaseQuantities',$,$,(#3311,#3312,#3313));
#3315= IFCRELDEFINESBYPROPERTIES('MJLRQT0030126000000000',#5,$,$,(#3303),#3314);
#3316= IFCCARTESIANPOINT((0.,0.));
#3317= IFCDIRECTION((1.,0.));
#3318= IFCAXIS2PLACEMENT2D(#3316,#3317);
#3319= IFCRECTANGLEPROFILEDEF(.AREA.,$,#3318,0.550,0.550);
#3320= IFCCARTESIANPOINT((15.000,10.000,0.000));
#3321= IFCDIRECTION((0.,0.,1.));
#3322= IFCDIRECTION((1.,0.,0.));
#3323= IFCAXIS2PLACEMENT3D(#3320,#3321,#3322);
#3324= IFCDIRECTION((0.,0.,1.));
#3325= IFCEXTRUDEDAREASOLID(#3319,#3323,#3324,4.000);
#3326= IFCSHAPEREPRESENTATION(#10,'Body','SweptSolid',(#3325));
#3327= IFCPRODUCTDEFINITIONSHAPE($,$,(#3326));
#3328= IFCLOCALPLACEMENT(#2638,#9);
#3329= IFCCOLUMN('MJLCOL0030027000000000',#5,'L03 - Column +15/+10',$,$,#3328,#3327,$);
#3330= IFCPROPERTYSINGLEVALUE('AssetReference',$,IFCLABEL('COL-03-027'),$);
#3331= IFCPROPERTYSINGLEVALUE('Level',$,IFCLABEL('Level 03'),$);
#3332= IFCPROPERTYSINGLEVALUE('System',$,IFCLABEL('Structure'),$);
#3333= IFCPROPERTYSINGLEVALUE('Status',$,IFCLABEL('Issued for Coordination'),$);
#3334= IFCPROPERTYSINGLEVALUE('FireRating',$,IFCLABEL('120 min'),$);
#3335= IFCPROPERTYSET('MJLPSET030127000000000',#5,'Pset_MajalAsset',$,(#3330,#3331,#3332,#3333,#3334));
#3336= IFCRELDEFINESBYPROPERTIES('MJLRPS0030127000000000',#5,$,$,(#3329),#3335);
#3337= IFCQUANTITYAREA('GrossArea',$,$,2.200,$);
#3338= IFCQUANTITYVOLUME('GrossVolume',$,$,1.210,$);
#3339= IFCQUANTITYCOUNT('Count',$,$,1.,$);
#3340= IFCELEMENTQUANTITY('MJLQTO0030127000000000',#5,'BaseQuantities',$,$,(#3337,#3338,#3339));
#3341= IFCRELDEFINESBYPROPERTIES('MJLRQT0030127000000000',#5,$,$,(#3329),#3340);
#3342= IFCCARTESIANPOINT((0.,0.));
#3343= IFCDIRECTION((1.,0.));
#3344= IFCAXIS2PLACEMENT2D(#3342,#3343);
#3345= IFCRECTANGLEPROFILEDEF(.AREA.,$,#3344,36.000,0.400);
#3346= IFCCARTESIANPOINT((0.000,-10.000,0.000));
#3347= IFCDIRECTION((0.,0.,1.));
#3348= IFCDIRECTION((1.,0.,0.));
#3349= IFCAXIS2PLACEMENT3D(#3346,#3347,#3348);
#3350= IFCDIRECTION((0.,0.,1.));
#3351= IFCEXTRUDEDAREASOLID(#3345,#3349,#3350,0.650);
#3352= IFCSHAPEREPRESENTATION(#10,'Body','SweptSolid',(#3351));
#3353= IFCPRODUCTDEFINITIONSHAPE($,$,(#3352));
#3354= IFCLOCALPLACEMENT(#2638,#9);
#3355= IFCBEAM('MJLBEAM030028000000000',#5,'L03 - Primary beam Y1',$,$,#3354,#3353,$);
#3356= IFCPROPERTYSINGLEVALUE('AssetReference',$,IFCLABEL('BEAM-03-028'),$);
#3357= IFCPROPERTYSINGLEVALUE('Level',$,IFCLABEL('Level 03'),$);
#3358= IFCPROPERTYSINGLEVALUE('System',$,IFCLABEL('Structure'),$);
#3359= IFCPROPERTYSINGLEVALUE('Status',$,IFCLABEL('Issued for Coordination'),$);
#3360= IFCPROPERTYSINGLEVALUE('FireRating',$,IFCLABEL('120 min'),$);
#3361= IFCPROPERTYSET('MJLPSET030128000000000',#5,'Pset_MajalAsset',$,(#3356,#3357,#3358,#3359,#3360));
#3362= IFCRELDEFINESBYPROPERTIES('MJLRPS0030128000000000',#5,$,$,(#3355),#3361);
#3363= IFCQUANTITYAREA('GrossArea',$,$,23.400,$);
#3364= IFCQUANTITYVOLUME('GrossVolume',$,$,9.360,$);
#3365= IFCQUANTITYCOUNT('Count',$,$,1.,$);
#3366= IFCELEMENTQUANTITY('MJLQTO0030128000000000',#5,'BaseQuantities',$,$,(#3363,#3364,#3365));
#3367= IFCRELDEFINESBYPROPERTIES('MJLRQT0030128000000000',#5,$,$,(#3355),#3366);
#3368= IFCCARTESIANPOINT((0.,0.));
#3369= IFCDIRECTION((1.,0.));
#3370= IFCAXIS2PLACEMENT2D(#3368,#3369);
#3371= IFCRECTANGLEPROFILEDEF(.AREA.,$,#3370,36.000,0.400);
#3372= IFCCARTESIANPOINT((0.000,0.000,0.000));
#3373= IFCDIRECTION((0.,0.,1.));
#3374= IFCDIRECTION((1.,0.,0.));
#3375= IFCAXIS2PLACEMENT3D(#3372,#3373,#3374);
#3376= IFCDIRECTION((0.,0.,1.));
#3377= IFCEXTRUDEDAREASOLID(#3371,#3375,#3376,0.650);
#3378= IFCSHAPEREPRESENTATION(#10,'Body','SweptSolid',(#3377));
#3379= IFCPRODUCTDEFINITIONSHAPE($,$,(#3378));
#3380= IFCLOCALPLACEMENT(#2638,#9);
#3381= IFCBEAM('MJLBEAM030029000000000',#5,'L03 - Primary beam Y2',$,$,#3380,#3379,$);
#3382= IFCPROPERTYSINGLEVALUE('AssetReference',$,IFCLABEL('BEAM-03-029'),$);
#3383= IFCPROPERTYSINGLEVALUE('Level',$,IFCLABEL('Level 03'),$);
#3384= IFCPROPERTYSINGLEVALUE('System',$,IFCLABEL('Structure'),$);
#3385= IFCPROPERTYSINGLEVALUE('Status',$,IFCLABEL('Issued for Coordination'),$);
#3386= IFCPROPERTYSINGLEVALUE('FireRating',$,IFCLABEL('120 min'),$);
#3387= IFCPROPERTYSET('MJLPSET030129000000000',#5,'Pset_MajalAsset',$,(#3382,#3383,#3384,#3385,#3386));
#3388= IFCRELDEFINESBYPROPERTIES('MJLRPS0030129000000000',#5,$,$,(#3381),#3387);
#3389= IFCQUANTITYAREA('GrossArea',$,$,23.400,$);
#3390= IFCQUANTITYVOLUME('GrossVolume',$,$,9.360,$);
#3391= IFCQUANTITYCOUNT('Count',$,$,1.,$);
#3392= IFCELEMENTQUANTITY('MJLQTO0030129000000000',#5,'BaseQuantities',$,$,(#3389,#3390,#3391));
#3393= IFCRELDEFINESBYPROPERTIES('MJLRQT0030129000000000',#5,$,$,(#3381),#3392);
#3394= IFCCARTESIANPOINT((0.,0.));
#3395= IFCDIRECTION((1.,0.));
#3396= IFCAXIS2PLACEMENT2D(#3394,#3395);
#3397= IFCRECTANGLEPROFILEDEF(.AREA.,$,#3396,36.000,0.400);
#3398= IFCCARTESIANPOINT((0.000,10.000,0.000));
#3399= IFCDIRECTION((0.,0.,1.));
#3400= IFCDIRECTION((1.,0.,0.));
#3401= IFCAXIS2PLACEMENT3D(#3398,#3399,#3400);
#3402= IFCDIRECTION((0.,0.,1.));
#3403= IFCEXTRUDEDAREASOLID(#3397,#3401,#3402,0.650);
#3404= IFCSHAPEREPRESENTATION(#10,'Body','SweptSolid',(#3403));
#3405= IFCPRODUCTDEFINITIONSHAPE($,$,(#3404));
#3406= IFCLOCALPLACEMENT(#2638,#9);
#3407= IFCBEAM('MJLBEAM030030000000000',#5,'L03 - Primary beam Y3',$,$,#3406,#3405,$);
#3408= IFCPROPERTYSINGLEVALUE('AssetReference',$,IFCLABEL('BEAM-03-030'),$);
#3409= IFCPROPERTYSINGLEVALUE('Level',$,IFCLABEL('Level 03'),$);
#3410= IFCPROPERTYSINGLEVALUE('System',$,IFCLABEL('Structure'),$);
#3411= IFCPROPERTYSINGLEVALUE('Status',$,IFCLABEL('Issued for Coordination'),$);
#3412= IFCPROPERTYSINGLEVALUE('FireRating',$,IFCLABEL('120 min'),$);
#3413= IFCPROPERTYSET('MJLPSET030130000000000',#5,'Pset_MajalAsset',$,(#3408,#3409,#3410,#3411,#3412));
#3414= IFCRELDEFINESBYPROPERTIES('MJLRPS0030130000000000',#5,$,$,(#3407),#3413);
#3415= IFCQUANTITYAREA('GrossArea',$,$,23.400,$);
#3416= IFCQUANTITYVOLUME('GrossVolume',$,$,9.360,$);
#3417= IFCQUANTITYCOUNT('Count',$,$,1.,$);
#3418= IFCELEMENTQUANTITY('MJLQTO0030130000000000',#5,'BaseQuantities',$,$,(#3415,#3416,#3417));
#3419= IFCRELDEFINESBYPROPERTIES('MJLRQT0030130000000000',#5,$,$,(#3407),#3418);
#3420= IFCCARTESIANPOINT((0.,0.));
#3421= IFCDIRECTION((1.,0.));
#3422= IFCAXIS2PLACEMENT2D(#3420,#3421);
#3423= IFCRECTANGLEPROFILEDEF(.AREA.,$,#3422,0.400,26.000);
#3424= IFCCARTESIANPOINT((-15.000,0.000,0.000));
#3425= IFCDIRECTION((0.,0.,1.));
#3426= IFCDIRECTION((1.,0.,0.));
#3427= IFCAXIS2PLACEMENT3D(#3424,#3425,#3426);
#3428= IFCDIRECTION((0.,0.,1.));
#3429= IFCEXTRUDEDAREASOLID(#3423,#3427,#3428,0.550);
#3430= IFCSHAPEREPRESENTATION(#10,'Body','SweptSolid',(#3429));
#3431= IFCPRODUCTDEFINITIONSHAPE($,$,(#3430));
#3432= IFCLOCALPLACEMENT(#2638,#9);
#3433= IFCBEAM('MJLBEAM030031000000000',#5,'L03 - Secondary beam X1',$,$,#3432,#3431,$);
#3434= IFCPROPERTYSINGLEVALUE('AssetReference',$,IFCLABEL('BEAM-03-031'),$);
#3435= IFCPROPERTYSINGLEVALUE('Level',$,IFCLABEL('Level 03'),$);
#3436= IFCPROPERTYSINGLEVALUE('System',$,IFCLABEL('Structure'),$);
#3437= IFCPROPERTYSINGLEVALUE('Status',$,IFCLABEL('Issued for Coordination'),$);
#3438= IFCPROPERTYSINGLEVALUE('FireRating',$,IFCLABEL('120 min'),$);
#3439= IFCPROPERTYSET('MJLPSET030131000000000',#5,'Pset_MajalAsset',$,(#3434,#3435,#3436,#3437,#3438));
#3440= IFCRELDEFINESBYPROPERTIES('MJLRPS0030131000000000',#5,$,$,(#3433),#3439);
#3441= IFCQUANTITYAREA('GrossArea',$,$,10.400,$);
#3442= IFCQUANTITYVOLUME('GrossVolume',$,$,5.720,$);
#3443= IFCQUANTITYCOUNT('Count',$,$,1.,$);
#3444= IFCELEMENTQUANTITY('MJLQTO0030131000000000',#5,'BaseQuantities',$,$,(#3441,#3442,#3443));
#3445= IFCRELDEFINESBYPROPERTIES('MJLRQT0030131000000000',#5,$,$,(#3433),#3444);
#3446= IFCCARTESIANPOINT((0.,0.));
#3447= IFCDIRECTION((1.,0.));
#3448= IFCAXIS2PLACEMENT2D(#3446,#3447);
#3449= IFCRECTANGLEPROFILEDEF(.AREA.,$,#3448,0.400,26.000);
#3450= IFCCARTESIANPOINT((-5.000,0.000,0.000));
#3451= IFCDIRECTION((0.,0.,1.));
#3452= IFCDIRECTION((1.,0.,0.));
#3453= IFCAXIS2PLACEMENT3D(#3450,#3451,#3452);
#3454= IFCDIRECTION((0.,0.,1.));
#3455= IFCEXTRUDEDAREASOLID(#3449,#3453,#3454,0.550);
#3456= IFCSHAPEREPRESENTATION(#10,'Body','SweptSolid',(#3455));
#3457= IFCPRODUCTDEFINITIONSHAPE($,$,(#3456));
#3458= IFCLOCALPLACEMENT(#2638,#9);
#3459= IFCBEAM('MJLBEAM030032000000000',#5,'L03 - Secondary beam X2',$,$,#3458,#3457,$);
#3460= IFCPROPERTYSINGLEVALUE('AssetReference',$,IFCLABEL('BEAM-03-032'),$);
#3461= IFCPROPERTYSINGLEVALUE('Level',$,IFCLABEL('Level 03'),$);
#3462= IFCPROPERTYSINGLEVALUE('System',$,IFCLABEL('Structure'),$);
#3463= IFCPROPERTYSINGLEVALUE('Status',$,IFCLABEL('Issued for Coordination'),$);
#3464= IFCPROPERTYSINGLEVALUE('FireRating',$,IFCLABEL('120 min'),$);
#3465= IFCPROPERTYSET('MJLPSET030132000000000',#5,'Pset_MajalAsset',$,(#3460,#3461,#3462,#3463,#3464));
#3466= IFCRELDEFINESBYPROPERTIES('MJLRPS0030132000000000',#5,$,$,(#3459),#3465);
#3467= IFCQUANTITYAREA('GrossArea',$,$,10.400,$);
#3468= IFCQUANTITYVOLUME('GrossVolume',$,$,5.720,$);
#3469= IFCQUANTITYCOUNT('Count',$,$,1.,$);
#3470= IFCELEMENTQUANTITY('MJLQTO0030132000000000',#5,'BaseQuantities',$,$,(#3467,#3468,#3469));
#3471= IFCRELDEFINESBYPROPERTIES('MJLRQT0030132000000000',#5,$,$,(#3459),#3470);
#3472= IFCCARTESIANPOINT((0.,0.));
#3473= IFCDIRECTION((1.,0.));
#3474= IFCAXIS2PLACEMENT2D(#3472,#3473);
#3475= IFCRECTANGLEPROFILEDEF(.AREA.,$,#3474,0.400,26.000);
#3476= IFCCARTESIANPOINT((5.000,0.000,0.000));
#3477= IFCDIRECTION((0.,0.,1.));
#3478= IFCDIRECTION((1.,0.,0.));
#3479= IFCAXIS2PLACEMENT3D(#3476,#3477,#3478);
#3480= IFCDIRECTION((0.,0.,1.));
#3481= IFCEXTRUDEDAREASOLID(#3475,#3479,#3480,0.550);
#3482= IFCSHAPEREPRESENTATION(#10,'Body','SweptSolid',(#3481));
#3483= IFCPRODUCTDEFINITIONSHAPE($,$,(#3482));
#3484= IFCLOCALPLACEMENT(#2638,#9);
#3485= IFCBEAM('MJLBEAM030033000000000',#5,'L03 - Secondary beam X3',$,$,#3484,#3483,$);
#3486= IFCPROPERTYSINGLEVALUE('AssetReference',$,IFCLABEL('BEAM-03-033'),$);
#3487= IFCPROPERTYSINGLEVALUE('Level',$,IFCLABEL('Level 03'),$);
#3488= IFCPROPERTYSINGLEVALUE('System',$,IFCLABEL('Structure'),$);
#3489= IFCPROPERTYSINGLEVALUE('Status',$,IFCLABEL('Issued for Coordination'),$);
#3490= IFCPROPERTYSINGLEVALUE('FireRating',$,IFCLABEL('120 min'),$);
#3491= IFCPROPERTYSET('MJLPSET030133000000000',#5,'Pset_MajalAsset',$,(#3486,#3487,#3488,#3489,#3490));
#3492= IFCRELDEFINESBYPROPERTIES('MJLRPS0030133000000000',#5,$,$,(#3485),#3491);
#3493= IFCQUANTITYAREA('GrossArea',$,$,10.400,$);
#3494= IFCQUANTITYVOLUME('GrossVolume',$,$,5.720,$);
#3495= IFCQUANTITYCOUNT('Count',$,$,1.,$);
#3496= IFCELEMENTQUANTITY('MJLQTO0030133000000000',#5,'BaseQuantities',$,$,(#3493,#3494,#3495));
#3497= IFCRELDEFINESBYPROPERTIES('MJLRQT0030133000000000',#5,$,$,(#3485),#3496);
#3498= IFCCARTESIANPOINT((0.,0.));
#3499= IFCDIRECTION((1.,0.));
#3500= IFCAXIS2PLACEMENT2D(#3498,#3499);
#3501= IFCRECTANGLEPROFILEDEF(.AREA.,$,#3500,0.400,26.000);
#3502= IFCCARTESIANPOINT((15.000,0.000,0.000));
#3503= IFCDIRECTION((0.,0.,1.));
#3504= IFCDIRECTION((1.,0.,0.));
#3505= IFCAXIS2PLACEMENT3D(#3502,#3503,#3504);
#3506= IFCDIRECTION((0.,0.,1.));
#3507= IFCEXTRUDEDAREASOLID(#3501,#3505,#3506,0.550);
#3508= IFCSHAPEREPRESENTATION(#10,'Body','SweptSolid',(#3507));
#3509= IFCPRODUCTDEFINITIONSHAPE($,$,(#3508));
#3510= IFCLOCALPLACEMENT(#2638,#9);
#3511= IFCBEAM('MJLBEAM030034000000000',#5,'L03 - Secondary beam X4',$,$,#3510,#3509,$);
#3512= IFCPROPERTYSINGLEVALUE('AssetReference',$,IFCLABEL('BEAM-03-034'),$);
#3513= IFCPROPERTYSINGLEVALUE('Level',$,IFCLABEL('Level 03'),$);
#3514= IFCPROPERTYSINGLEVALUE('System',$,IFCLABEL('Structure'),$);
#3515= IFCPROPERTYSINGLEVALUE('Status',$,IFCLABEL('Issued for Coordination'),$);
#3516= IFCPROPERTYSINGLEVALUE('FireRating',$,IFCLABEL('120 min'),$);
#3517= IFCPROPERTYSET('MJLPSET030134000000000',#5,'Pset_MajalAsset',$,(#3512,#3513,#3514,#3515,#3516));
#3518= IFCRELDEFINESBYPROPERTIES('MJLRPS0030134000000000',#5,$,$,(#3511),#3517);
#3519= IFCQUANTITYAREA('GrossArea',$,$,10.400,$);
#3520= IFCQUANTITYVOLUME('GrossVolume',$,$,5.720,$);
#3521= IFCQUANTITYCOUNT('Count',$,$,1.,$);
#3522= IFCELEMENTQUANTITY('MJLQTO0030134000000000',#5,'BaseQuantities',$,$,(#3519,#3520,#3521));
#3523= IFCRELDEFINESBYPROPERTIES('MJLRQT0030134000000000',#5,$,$,(#3511),#3522);
#3524= IFCCARTESIANPOINT((0.,0.));
#3525= IFCDIRECTION((1.,0.));
#3526= IFCAXIS2PLACEMENT2D(#3524,#3525);
#3527= IFCRECTANGLEPROFILEDEF(.AREA.,$,#3526,3.600,0.100);
#3528= IFCCARTESIANPOINT((-14.000,12.720,0.000));
#3529= IFCDIRECTION((0.,0.,1.));
#3530= IFCDIRECTION((1.,0.,0.));
#3531= IFCAXIS2PLACEMENT3D(#3528,#3529,#3530);
#3532= IFCDIRECTION((0.,0.,1.));
#3533= IFCEXTRUDEDAREASOLID(#3527,#3531,#3532,3.350);
#3534= IFCSHAPEREPRESENTATION(#10,'Body','SweptSolid',(#3533));
#3535= IFCPRODUCTDEFINITIONSHAPE($,$,(#3534));
#3536= IFCLOCALPLACEMENT(#2638,#9);
#3537= IFCBUILDINGELEMENTPROXY('MJLGLAZ030035000000000',#5,'L03 - Curtain panel 01',$,$,#3536,#3535,$);
#3538= IFCPROPERTYSINGLEVALUE('AssetReference',$,IFCLABEL('GLAZ-03-035'),$);
#3539= IFCPROPERTYSINGLEVALUE('Level',$,IFCLABEL('Level 03'),$);
#3540= IFCPROPERTYSINGLEVALUE('System',$,IFCLABEL('Facade'),$);
#3541= IFCPROPERTYSINGLEVALUE('Status',$,IFCLABEL('Issued for Coordination'),$);
#3542= IFCPROPERTYSINGLEVALUE('FireRating',$,IFCLABEL('60 min'),$);
#3543= IFCPROPERTYSET('MJLPSET030135000000000',#5,'Pset_MajalAsset',$,(#3538,#3539,#3540,#3541,#3542));
#3544= IFCRELDEFINESBYPROPERTIES('MJLRPS0030135000000000',#5,$,$,(#3537),#3543);
#3545= IFCQUANTITYAREA('GrossArea',$,$,12.060,$);
#3546= IFCQUANTITYVOLUME('GrossVolume',$,$,1.206,$);
#3547= IFCQUANTITYCOUNT('Count',$,$,1.,$);
#3548= IFCELEMENTQUANTITY('MJLQTO0030135000000000',#5,'BaseQuantities',$,$,(#3545,#3546,#3547));
#3549= IFCRELDEFINESBYPROPERTIES('MJLRQT0030135000000000',#5,$,$,(#3537),#3548);
#3550= IFCCARTESIANPOINT((0.,0.));
#3551= IFCDIRECTION((1.,0.));
#3552= IFCAXIS2PLACEMENT2D(#3550,#3551);
#3553= IFCRECTANGLEPROFILEDEF(.AREA.,$,#3552,3.600,0.100);
#3554= IFCCARTESIANPOINT((-10.000,12.720,0.000));
#3555= IFCDIRECTION((0.,0.,1.));
#3556= IFCDIRECTION((1.,0.,0.));
#3557= IFCAXIS2PLACEMENT3D(#3554,#3555,#3556);
#3558= IFCDIRECTION((0.,0.,1.));
#3559= IFCEXTRUDEDAREASOLID(#3553,#3557,#3558,3.350);
#3560= IFCSHAPEREPRESENTATION(#10,'Body','SweptSolid',(#3559));
#3561= IFCPRODUCTDEFINITIONSHAPE($,$,(#3560));
#3562= IFCLOCALPLACEMENT(#2638,#9);
#3563= IFCBUILDINGELEMENTPROXY('MJLGLAZ030036000000000',#5,'L03 - Curtain panel 02',$,$,#3562,#3561,$);
#3564= IFCPROPERTYSINGLEVALUE('AssetReference',$,IFCLABEL('GLAZ-03-036'),$);
#3565= IFCPROPERTYSINGLEVALUE('Level',$,IFCLABEL('Level 03'),$);
#3566= IFCPROPERTYSINGLEVALUE('System',$,IFCLABEL('Facade'),$);
#3567= IFCPROPERTYSINGLEVALUE('Status',$,IFCLABEL('Issued for Coordination'),$);
#3568= IFCPROPERTYSINGLEVALUE('FireRating',$,IFCLABEL('60 min'),$);
#3569= IFCPROPERTYSET('MJLPSET030136000000000',#5,'Pset_MajalAsset',$,(#3564,#3565,#3566,#3567,#3568));
#3570= IFCRELDEFINESBYPROPERTIES('MJLRPS0030136000000000',#5,$,$,(#3563),#3569);
#3571= IFCQUANTITYAREA('GrossArea',$,$,12.060,$);
#3572= IFCQUANTITYVOLUME('GrossVolume',$,$,1.206,$);
#3573= IFCQUANTITYCOUNT('Count',$,$,1.,$);
#3574= IFCELEMENTQUANTITY('MJLQTO0030136000000000',#5,'BaseQuantities',$,$,(#3571,#3572,#3573));
#3575= IFCRELDEFINESBYPROPERTIES('MJLRQT0030136000000000',#5,$,$,(#3563),#3574);
#3576= IFCCARTESIANPOINT((0.,0.));
#3577= IFCDIRECTION((1.,0.));
#3578= IFCAXIS2PLACEMENT2D(#3576,#3577);
#3579= IFCRECTANGLEPROFILEDEF(.AREA.,$,#3578,3.600,0.100);
#3580= IFCCARTESIANPOINT((-6.000,12.720,0.000));
#3581= IFCDIRECTION((0.,0.,1.));
#3582= IFCDIRECTION((1.,0.,0.));
#3583= IFCAXIS2PLACEMENT3D(#3580,#3581,#3582);
#3584= IFCDIRECTION((0.,0.,1.));
#3585= IFCEXTRUDEDAREASOLID(#3579,#3583,#3584,3.350);
#3586= IFCSHAPEREPRESENTATION(#10,'Body','SweptSolid',(#3585));
#3587= IFCPRODUCTDEFINITIONSHAPE($,$,(#3586));
#3588= IFCLOCALPLACEMENT(#2638,#9);
#3589= IFCBUILDINGELEMENTPROXY('MJLGLAZ030037000000000',#5,'L03 - Curtain panel 03',$,$,#3588,#3587,$);
#3590= IFCPROPERTYSINGLEVALUE('AssetReference',$,IFCLABEL('GLAZ-03-037'),$);
#3591= IFCPROPERTYSINGLEVALUE('Level',$,IFCLABEL('Level 03'),$);
#3592= IFCPROPERTYSINGLEVALUE('System',$,IFCLABEL('Facade'),$);
#3593= IFCPROPERTYSINGLEVALUE('Status',$,IFCLABEL('Issued for Coordination'),$);
#3594= IFCPROPERTYSINGLEVALUE('FireRating',$,IFCLABEL('60 min'),$);
#3595= IFCPROPERTYSET('MJLPSET030137000000000',#5,'Pset_MajalAsset',$,(#3590,#3591,#3592,#3593,#3594));
#3596= IFCRELDEFINESBYPROPERTIES('MJLRPS0030137000000000',#5,$,$,(#3589),#3595);
#3597= IFCQUANTITYAREA('GrossArea',$,$,12.060,$);
#3598= IFCQUANTITYVOLUME('GrossVolume',$,$,1.206,$);
#3599= IFCQUANTITYCOUNT('Count',$,$,1.,$);
#3600= IFCELEMENTQUANTITY('MJLQTO0030137000000000',#5,'BaseQuantities',$,$,(#3597,#3598,#3599));
#3601= IFCRELDEFINESBYPROPERTIES('MJLRQT0030137000000000',#5,$,$,(#3589),#3600);
#3602= IFCCARTESIANPOINT((0.,0.));
#3603= IFCDIRECTION((1.,0.));
#3604= IFCAXIS2PLACEMENT2D(#3602,#3603);
#3605= IFCRECTANGLEPROFILEDEF(.AREA.,$,#3604,3.600,0.100);
#3606= IFCCARTESIANPOINT((-2.000,12.720,0.000));
#3607= IFCDIRECTION((0.,0.,1.));
#3608= IFCDIRECTION((1.,0.,0.));
#3609= IFCAXIS2PLACEMENT3D(#3606,#3607,#3608);
#3610= IFCDIRECTION((0.,0.,1.));
#3611= IFCEXTRUDEDAREASOLID(#3605,#3609,#3610,3.350);
#3612= IFCSHAPEREPRESENTATION(#10,'Body','SweptSolid',(#3611));
#3613= IFCPRODUCTDEFINITIONSHAPE($,$,(#3612));
#3614= IFCLOCALPLACEMENT(#2638,#9);
#3615= IFCBUILDINGELEMENTPROXY('MJLGLAZ030038000000000',#5,'L03 - Curtain panel 04',$,$,#3614,#3613,$);
#3616= IFCPROPERTYSINGLEVALUE('AssetReference',$,IFCLABEL('GLAZ-03-038'),$);
#3617= IFCPROPERTYSINGLEVALUE('Level',$,IFCLABEL('Level 03'),$);
#3618= IFCPROPERTYSINGLEVALUE('System',$,IFCLABEL('Facade'),$);
#3619= IFCPROPERTYSINGLEVALUE('Status',$,IFCLABEL('Issued for Coordination'),$);
#3620= IFCPROPERTYSINGLEVALUE('FireRating',$,IFCLABEL('60 min'),$);
#3621= IFCPROPERTYSET('MJLPSET030138000000000',#5,'Pset_MajalAsset',$,(#3616,#3617,#3618,#3619,#3620));
#3622= IFCRELDEFINESBYPROPERTIES('MJLRPS0030138000000000',#5,$,$,(#3615),#3621);
#3623= IFCQUANTITYAREA('GrossArea',$,$,12.060,$);
#3624= IFCQUANTITYVOLUME('GrossVolume',$,$,1.206,$);
#3625= IFCQUANTITYCOUNT('Count',$,$,1.,$);
#3626= IFCELEMENTQUANTITY('MJLQTO0030138000000000',#5,'BaseQuantities',$,$,(#3623,#3624,#3625));
#3627= IFCRELDEFINESBYPROPERTIES('MJLRQT0030138000000000',#5,$,$,(#3615),#3626);
#3628= IFCCARTESIANPOINT((0.,0.));
#3629= IFCDIRECTION((1.,0.));
#3630= IFCAXIS2PLACEMENT2D(#3628,#3629);
#3631= IFCRECTANGLEPROFILEDEF(.AREA.,$,#3630,3.600,0.100);
#3632= IFCCARTESIANPOINT((2.000,12.720,0.000));
#3633= IFCDIRECTION((0.,0.,1.));
#3634= IFCDIRECTION((1.,0.,0.));
#3635= IFCAXIS2PLACEMENT3D(#3632,#3633,#3634);
#3636= IFCDIRECTION((0.,0.,1.));
#3637= IFCEXTRUDEDAREASOLID(#3631,#3635,#3636,3.350);
#3638= IFCSHAPEREPRESENTATION(#10,'Body','SweptSolid',(#3637));
#3639= IFCPRODUCTDEFINITIONSHAPE($,$,(#3638));
#3640= IFCLOCALPLACEMENT(#2638,#9);
#3641= IFCBUILDINGELEMENTPROXY('MJLGLAZ030039000000000',#5,'L03 - Curtain panel 05',$,$,#3640,#3639,$);
#3642= IFCPROPERTYSINGLEVALUE('AssetReference',$,IFCLABEL('GLAZ-03-039'),$);
#3643= IFCPROPERTYSINGLEVALUE('Level',$,IFCLABEL('Level 03'),$);
#3644= IFCPROPERTYSINGLEVALUE('System',$,IFCLABEL('Facade'),$);
#3645= IFCPROPERTYSINGLEVALUE('Status',$,IFCLABEL('Issued for Coordination'),$);
#3646= IFCPROPERTYSINGLEVALUE('FireRating',$,IFCLABEL('60 min'),$);
#3647= IFCPROPERTYSET('MJLPSET030139000000000',#5,'Pset_MajalAsset',$,(#3642,#3643,#3644,#3645,#3646));
#3648= IFCRELDEFINESBYPROPERTIES('MJLRPS0030139000000000',#5,$,$,(#3641),#3647);
#3649= IFCQUANTITYAREA('GrossArea',$,$,12.060,$);
#3650= IFCQUANTITYVOLUME('GrossVolume',$,$,1.206,$);
#3651= IFCQUANTITYCOUNT('Count',$,$,1.,$);
#3652= IFCELEMENTQUANTITY('MJLQTO0030139000000000',#5,'BaseQuantities',$,$,(#3649,#3650,#3651));
#3653= IFCRELDEFINESBYPROPERTIES('MJLRQT0030139000000000',#5,$,$,(#3641),#3652);
#3654= IFCCARTESIANPOINT((0.,0.));
#3655= IFCDIRECTION((1.,0.));
#3656= IFCAXIS2PLACEMENT2D(#3654,#3655);
#3657= IFCRECTANGLEPROFILEDEF(.AREA.,$,#3656,3.600,0.100);
#3658= IFCCARTESIANPOINT((6.000,12.720,0.000));
#3659= IFCDIRECTION((0.,0.,1.));
#3660= IFCDIRECTION((1.,0.,0.));
#3661= IFCAXIS2PLACEMENT3D(#3658,#3659,#3660);
#3662= IFCDIRECTION((0.,0.,1.));
#3663= IFCEXTRUDEDAREASOLID(#3657,#3661,#3662,3.350);
#3664= IFCSHAPEREPRESENTATION(#10,'Body','SweptSolid',(#3663));
#3665= IFCPRODUCTDEFINITIONSHAPE($,$,(#3664));
#3666= IFCLOCALPLACEMENT(#2638,#9);
#3667= IFCBUILDINGELEMENTPROXY('MJLGLAZ030040000000000',#5,'L03 - Curtain panel 06',$,$,#3666,#3665,$);
#3668= IFCPROPERTYSINGLEVALUE('AssetReference',$,IFCLABEL('GLAZ-03-040'),$);
#3669= IFCPROPERTYSINGLEVALUE('Level',$,IFCLABEL('Level 03'),$);
#3670= IFCPROPERTYSINGLEVALUE('System',$,IFCLABEL('Facade'),$);
#3671= IFCPROPERTYSINGLEVALUE('Status',$,IFCLABEL('Issued for Coordination'),$);
#3672= IFCPROPERTYSINGLEVALUE('FireRating',$,IFCLABEL('60 min'),$);
#3673= IFCPROPERTYSET('MJLPSET030140000000000',#5,'Pset_MajalAsset',$,(#3668,#3669,#3670,#3671,#3672));
#3674= IFCRELDEFINESBYPROPERTIES('MJLRPS0030140000000000',#5,$,$,(#3667),#3673);
#3675= IFCQUANTITYAREA('GrossArea',$,$,12.060,$);
#3676= IFCQUANTITYVOLUME('GrossVolume',$,$,1.206,$);
#3677= IFCQUANTITYCOUNT('Count',$,$,1.,$);
#3678= IFCELEMENTQUANTITY('MJLQTO0030140000000000',#5,'BaseQuantities',$,$,(#3675,#3676,#3677));
#3679= IFCRELDEFINESBYPROPERTIES('MJLRQT0030140000000000',#5,$,$,(#3667),#3678);
#3680= IFCCARTESIANPOINT((0.,0.));
#3681= IFCDIRECTION((1.,0.));
#3682= IFCAXIS2PLACEMENT2D(#3680,#3681);
#3683= IFCRECTANGLEPROFILEDEF(.AREA.,$,#3682,3.600,0.100);
#3684= IFCCARTESIANPOINT((10.000,12.720,0.000));
#3685= IFCDIRECTION((0.,0.,1.));
#3686= IFCDIRECTION((1.,0.,0.));
#3687= IFCAXIS2PLACEMENT3D(#3684,#3685,#3686);
#3688= IFCDIRECTION((0.,0.,1.));
#3689= IFCEXTRUDEDAREASOLID(#3683,#3687,#3688,3.350);
#3690= IFCSHAPEREPRESENTATION(#10,'Body','SweptSolid',(#3689));
#3691= IFCPRODUCTDEFINITIONSHAPE($,$,(#3690));
#3692= IFCLOCALPLACEMENT(#2638,#9);
#3693= IFCBUILDINGELEMENTPROXY('MJLGLAZ030041000000000',#5,'L03 - Curtain panel 07',$,$,#3692,#3691,$);
#3694= IFCPROPERTYSINGLEVALUE('AssetReference',$,IFCLABEL('GLAZ-03-041'),$);
#3695= IFCPROPERTYSINGLEVALUE('Level',$,IFCLABEL('Level 03'),$);
#3696= IFCPROPERTYSINGLEVALUE('System',$,IFCLABEL('Facade'),$);
#3697= IFCPROPERTYSINGLEVALUE('Status',$,IFCLABEL('Issued for Coordination'),$);
#3698= IFCPROPERTYSINGLEVALUE('FireRating',$,IFCLABEL('60 min'),$);
#3699= IFCPROPERTYSET('MJLPSET030141000000000',#5,'Pset_MajalAsset',$,(#3694,#3695,#3696,#3697,#3698));
#3700= IFCRELDEFINESBYPROPERTIES('MJLRPS0030141000000000',#5,$,$,(#3693),#3699);
#3701= IFCQUANTITYAREA('GrossArea',$,$,12.060,$);
#3702= IFCQUANTITYVOLUME('GrossVolume',$,$,1.206,$);
#3703= IFCQUANTITYCOUNT('Count',$,$,1.,$);
#3704= IFCELEMENTQUANTITY('MJLQTO0030141000000000',#5,'BaseQuantities',$,$,(#3701,#3702,#3703));
#3705= IFCRELDEFINESBYPROPERTIES('MJLRQT0030141000000000',#5,$,$,(#3693),#3704);
#3706= IFCCARTESIANPOINT((0.,0.));
#3707= IFCDIRECTION((1.,0.));
#3708= IFCAXIS2PLACEMENT2D(#3706,#3707);
#3709= IFCRECTANGLEPROFILEDEF(.AREA.,$,#3708,3.600,0.100);
#3710= IFCCARTESIANPOINT((14.000,12.720,0.000));
#3711= IFCDIRECTION((0.,0.,1.));
#3712= IFCDIRECTION((1.,0.,0.));
#3713= IFCAXIS2PLACEMENT3D(#3710,#3711,#3712);
#3714= IFCDIRECTION((0.,0.,1.));
#3715= IFCEXTRUDEDAREASOLID(#3709,#3713,#3714,3.350);
#3716= IFCSHAPEREPRESENTATION(#10,'Body','SweptSolid',(#3715));
#3717= IFCPRODUCTDEFINITIONSHAPE($,$,(#3716));
#3718= IFCLOCALPLACEMENT(#2638,#9);
#3719= IFCBUILDINGELEMENTPROXY('MJLGLAZ030042000000000',#5,'L03 - Curtain panel 08',$,$,#3718,#3717,$);
#3720= IFCPROPERTYSINGLEVALUE('AssetReference',$,IFCLABEL('GLAZ-03-042'),$);
#3721= IFCPROPERTYSINGLEVALUE('Level',$,IFCLABEL('Level 03'),$);
#3722= IFCPROPERTYSINGLEVALUE('System',$,IFCLABEL('Facade'),$);
#3723= IFCPROPERTYSINGLEVALUE('Status',$,IFCLABEL('Issued for Coordination'),$);
#3724= IFCPROPERTYSINGLEVALUE('FireRating',$,IFCLABEL('60 min'),$);
#3725= IFCPROPERTYSET('MJLPSET030142000000000',#5,'Pset_MajalAsset',$,(#3720,#3721,#3722,#3723,#3724));
#3726= IFCRELDEFINESBYPROPERTIES('MJLRPS0030142000000000',#5,$,$,(#3719),#3725);
#3727= IFCQUANTITYAREA('GrossArea',$,$,12.060,$);
#3728= IFCQUANTITYVOLUME('GrossVolume',$,$,1.206,$);
#3729= IFCQUANTITYCOUNT('Count',$,$,1.,$);
#3730= IFCELEMENTQUANTITY('MJLQTO0030142000000000',#5,'BaseQuantities',$,$,(#3727,#3728,#3729));
#3731= IFCRELDEFINESBYPROPERTIES('MJLRQT0030142000000000',#5,$,$,(#3719),#3730);
#3732= IFCCARTESIANPOINT((0.,0.));
#3733= IFCDIRECTION((1.,0.));
#3734= IFCAXIS2PLACEMENT2D(#3732,#3733);
#3735= IFCRECTANGLEPROFILEDEF(.AREA.,$,#3734,2.400,0.180);
#3736= IFCCARTESIANPOINT((0.000,-12.680,0.000));
#3737= IFCDIRECTION((0.,0.,1.));
#3738= IFCDIRECTION((1.,0.,0.));
#3739= IFCAXIS2PLACEMENT3D(#3736,#3737,#3738);
#3740= IFCDIRECTION((0.,0.,1.));
#3741= IFCEXTRUDEDAREASOLID(#3735,#3739,#3740,3.100);
#3742= IFCSHAPEREPRESENTATION(#10,'Body','SweptSolid',(#3741));
#3743= IFCPRODUCTDEFINITIONSHAPE($,$,(#3742));
#3744= IFCLOCALPLACEMENT(#2638,#9);
#3745= IFCBUILDINGELEMENTPROXY('MJLDOOR030043000000000',#5,'L03 - Main lobby door',$,$,#3744,#3743,$);
#3746= IFCPROPERTYSINGLEVALUE('AssetReference',$,IFCLABEL('DOOR-03-043'),$);
#3747= IFCPROPERTYSINGLEVALUE('Level',$,IFCLABEL('Level 03'),$);
#3748= IFCPROPERTYSINGLEVALUE('System',$,IFCLABEL('Architecture'),$);
#3749= IFCPROPERTYSINGLEVALUE('Status',$,IFCLABEL('Issued for Coordination'),$);
#3750= IFCPROPERTYSINGLEVALUE('FireRating',$,IFCLABEL('60 min'),$);
#3751= IFCPROPERTYSET('MJLPSET030143000000000',#5,'Pset_MajalAsset',$,(#3746,#3747,#3748,#3749,#3750));
#3752= IFCRELDEFINESBYPROPERTIES('MJLRPS0030143000000000',#5,$,$,(#3745),#3751);
#3753= IFCQUANTITYAREA('GrossArea',$,$,7.440,$);
#3754= IFCQUANTITYVOLUME('GrossVolume',$,$,1.339,$);
#3755= IFCQUANTITYCOUNT('Count',$,$,1.,$);
#3756= IFCELEMENTQUANTITY('MJLQTO0030143000000000',#5,'BaseQuantities',$,$,(#3753,#3754,#3755));
#3757= IFCRELDEFINESBYPROPERTIES('MJLRQT0030143000000000',#5,$,$,(#3745),#3756);
#3758= IFCCARTESIANPOINT((0.,0.));
#3759= IFCDIRECTION((1.,0.));
#3760= IFCAXIS2PLACEMENT2D(#3758,#3759);
#3761= IFCRECTANGLEPROFILEDEF(.AREA.,$,#3760,3.000,6.000);
#3762= IFCCARTESIANPOINT((-6.500,0.000,0.000));
#3763= IFCDIRECTION((0.,0.,1.));
#3764= IFCDIRECTION((1.,0.,0.));
#3765= IFCAXIS2PLACEMENT3D(#3762,#3763,#3764);
#3766= IFCDIRECTION((0.,0.,1.));
#3767= IFCEXTRUDEDAREASOLID(#3761,#3765,#3766,3.800);
#3768= IFCSHAPEREPRESENTATION(#10,'Body','SweptSolid',(#3767));
#3769= IFCPRODUCTDEFINITIONSHAPE($,$,(#3768));
#3770= IFCLOCALPLACEMENT(#2638,#9);
#3771= IFCBUILDINGELEMENTPROXY('MJLSTR0030044000000000',#5,'L03 - Fire stair flight',$,$,#3770,#3769,$);
#3772= IFCPROPERTYSINGLEVALUE('AssetReference',$,IFCLABEL('STR-03-044'),$);
#3773= IFCPROPERTYSINGLEVALUE('Level',$,IFCLABEL('Level 03'),$);
#3774= IFCPROPERTYSINGLEVALUE('System',$,IFCLABEL('Architecture'),$);
#3775= IFCPROPERTYSINGLEVALUE('Status',$,IFCLABEL('Issued for Coordination'),$);
#3776= IFCPROPERTYSINGLEVALUE('FireRating',$,IFCLABEL('60 min'),$);
#3777= IFCPROPERTYSET('MJLPSET030144000000000',#5,'Pset_MajalAsset',$,(#3772,#3773,#3774,#3775,#3776));
#3778= IFCRELDEFINESBYPROPERTIES('MJLRPS0030144000000000',#5,$,$,(#3771),#3777);
#3779= IFCQUANTITYAREA('GrossArea',$,$,18.000,$);
#3780= IFCQUANTITYVOLUME('GrossVolume',$,$,68.400,$);
#3781= IFCQUANTITYCOUNT('Count',$,$,1.,$);
#3782= IFCELEMENTQUANTITY('MJLQTO0030144000000000',#5,'BaseQuantities',$,$,(#3779,#3780,#3781));
#3783= IFCRELDEFINESBYPROPERTIES('MJLRQT0030144000000000',#5,$,$,(#3771),#3782);
#3784= IFCCARTESIANPOINT((0.,0.));
#3785= IFCDIRECTION((1.,0.));
#3786= IFCAXIS2PLACEMENT2D(#3784,#3785);
#3787= IFCRECTANGLEPROFILEDEF(.AREA.,$,#3786,28.000,0.650);
#3788= IFCCARTESIANPOINT((0.000,7.500,0.000));
#3789= IFCDIRECTION((0.,0.,1.));
#3790= IFCDIRECTION((1.,0.,0.));
#3791= IFCAXIS2PLACEMENT3D(#3788,#3789,#3790);
#3792= IFCDIRECTION((0.,0.,1.));
#3793= IFCEXTRUDEDAREASOLID(#3787,#3791,#3792,0.550);
#3794= IFCSHAPEREPRESENTATION(#10,'Body','SweptSolid',(#3793));
#3795= IFCPRODUCTDEFINITIONSHAPE($,$,(#3794));
#3796= IFCLOCALPLACEMENT(#2638,#9);
#3797= IFCBUILDINGELEMENTPROXY('MJLDUCT030045000000000',#5,'L03 - Supply air duct',$,$,#3796,#3795,$);
#3798= IFCPROPERTYSINGLEVALUE('AssetReference',$,IFCLABEL('DUCT-03-045'),$);
#3799= IFCPROPERTYSINGLEVALUE('Level',$,IFCLABEL('Level 03'),$);
#3800= IFCPROPERTYSINGLEVALUE('System',$,IFCLABEL('Mechanical'),$);
#3801= IFCPROPERTYSINGLEVALUE('Status',$,IFCLABEL('Issued for Coordination'),$);
#3802= IFCPROPERTYSINGLEVALUE('FireRating',$,IFCLABEL('60 min'),$);
#3803= IFCPROPERTYSET('MJLPSET030145000000000',#5,'Pset_MajalAsset',$,(#3798,#3799,#3800,#3801,#3802));
#3804= IFCRELDEFINESBYPROPERTIES('MJLRPS0030145000000000',#5,$,$,(#3797),#3803);
#3805= IFCQUANTITYAREA('GrossArea',$,$,18.200,$);
#3806= IFCQUANTITYVOLUME('GrossVolume',$,$,10.010,$);
#3807= IFCQUANTITYCOUNT('Count',$,$,1.,$);
#3808= IFCELEMENTQUANTITY('MJLQTO0030145000000000',#5,'BaseQuantities',$,$,(#3805,#3806,#3807));
#3809= IFCRELDEFINESBYPROPERTIES('MJLRQT0030145000000000',#5,$,$,(#3797),#3808);
#3810= IFCCARTESIANPOINT((0.,0.));
#3811= IFCDIRECTION((1.,0.));
#3812= IFCAXIS2PLACEMENT2D(#3810,#3811);
#3813= IFCRECTANGLEPROFILEDEF(.AREA.,$,#3812,28.000,0.550);
#3814= IFCCARTESIANPOINT((0.000,-7.500,0.000));
#3815= IFCDIRECTION((0.,0.,1.));
#3816= IFCDIRECTION((1.,0.,0.));
#3817= IFCAXIS2PLACEMENT3D(#3814,#3815,#3816);
#3818= IFCDIRECTION((0.,0.,1.));
#3819= IFCEXTRUDEDAREASOLID(#3813,#3817,#3818,0.450);
#3820= IFCSHAPEREPRESENTATION(#10,'Body','SweptSolid',(#3819));
#3821= IFCPRODUCTDEFINITIONSHAPE($,$,(#3820));
#3822= IFCLOCALPLACEMENT(#2638,#9);
#3823= IFCBUILDINGELEMENTPROXY('MJLDUCT030046000000000',#5,'L03 - Return air duct',$,$,#3822,#3821,$);
#3824= IFCPROPERTYSINGLEVALUE('AssetReference',$,IFCLABEL('DUCT-03-046'),$);
#3825= IFCPROPERTYSINGLEVALUE('Level',$,IFCLABEL('Level 03'),$);
#3826= IFCPROPERTYSINGLEVALUE('System',$,IFCLABEL('Mechanical'),$);
#3827= IFCPROPERTYSINGLEVALUE('Status',$,IFCLABEL('Issued for Coordination'),$);
#3828= IFCPROPERTYSINGLEVALUE('FireRating',$,IFCLABEL('60 min'),$);
#3829= IFCPROPERTYSET('MJLPSET030146000000000',#5,'Pset_MajalAsset',$,(#3824,#3825,#3826,#3827,#3828));
#3830= IFCRELDEFINESBYPROPERTIES('MJLRPS0030146000000000',#5,$,$,(#3823),#3829);
#3831= IFCQUANTITYAREA('GrossArea',$,$,15.400,$);
#3832= IFCQUANTITYVOLUME('GrossVolume',$,$,6.930,$);
#3833= IFCQUANTITYCOUNT('Count',$,$,1.,$);
#3834= IFCELEMENTQUANTITY('MJLQTO0030146000000000',#5,'BaseQuantities',$,$,(#3831,#3832,#3833));
#3835= IFCRELDEFINESBYPROPERTIES('MJLRQT0030146000000000',#5,$,$,(#3823),#3834);
#3836= IFCCARTESIANPOINT((0.,0.));
#3837= IFCDIRECTION((1.,0.));
#3838= IFCAXIS2PLACEMENT2D(#3836,#3837);
#3839= IFCRECTANGLEPROFILEDEF(.AREA.,$,#3838,0.180,22.000);
#3840= IFCCARTESIANPOINT((-2.000,0.000,0.000));
#3841= IFCDIRECTION((0.,0.,1.));
#3842= IFCDIRECTION((1.,0.,0.));
#3843= IFCAXIS2PLACEMENT3D(#3840,#3841,#3842);
#3844= IFCDIRECTION((0.,0.,1.));
#3845= IFCEXTRUDEDAREASOLID(#3839,#3843,#3844,0.180);
#3846= IFCSHAPEREPRESENTATION(#10,'Body','SweptSolid',(#3845));
#3847= IFCPRODUCTDEFINITIONSHAPE($,$,(#3846));
#3848= IFCLOCALPLACEMENT(#2638,#9);
#3849= IFCBUILDINGELEMENTPROXY('MJLPIPE030047000000000',#5,'L03 - Chilled water flow',$,$,#3848,#3847,$);
#3850= IFCPROPERTYSINGLEVALUE('AssetReference',$,IFCLABEL('PIPE-03-047'),$);
#3851= IFCPROPERTYSINGLEVALUE('Level',$,IFCLABEL('Level 03'),$);
#3852= IFCPROPERTYSINGLEVALUE('System',$,IFCLABEL('Mechanical'),$);
#3853= IFCPROPERTYSINGLEVALUE('Status',$,IFCLABEL('Issued for Coordination'),$);
#3854= IFCPROPERTYSINGLEVALUE('FireRating',$,IFCLABEL('60 min'),$);
#3855= IFCPROPERTYSET('MJLPSET030147000000000',#5,'Pset_MajalAsset',$,(#3850,#3851,#3852,#3853,#3854));
#3856= IFCRELDEFINESBYPROPERTIES('MJLRPS0030147000000000',#5,$,$,(#3849),#3855);
#3857= IFCQUANTITYAREA('GrossArea',$,$,3.960,$);
#3858= IFCQUANTITYVOLUME('GrossVolume',$,$,0.713,$);
#3859= IFCQUANTITYCOUNT('Count',$,$,1.,$);
#3860= IFCELEMENTQUANTITY('MJLQTO0030147000000000',#5,'BaseQuantities',$,$,(#3857,#3858,#3859));
#3861= IFCRELDEFINESBYPROPERTIES('MJLRQT0030147000000000',#5,$,$,(#3849),#3860);
#3862= IFCCARTESIANPOINT((0.,0.));
#3863= IFCDIRECTION((1.,0.));
#3864= IFCAXIS2PLACEMENT2D(#3862,#3863);
#3865= IFCRECTANGLEPROFILEDEF(.AREA.,$,#3864,0.180,22.000);
#3866= IFCCARTESIANPOINT((2.000,0.000,0.000));
#3867= IFCDIRECTION((0.,0.,1.));
#3868= IFCDIRECTION((1.,0.,0.));
#3869= IFCAXIS2PLACEMENT3D(#3866,#3867,#3868);
#3870= IFCDIRECTION((0.,0.,1.));
#3871= IFCEXTRUDEDAREASOLID(#3865,#3869,#3870,0.180);
#3872= IFCSHAPEREPRESENTATION(#10,'Body','SweptSolid',(#3871));
#3873= IFCPRODUCTDEFINITIONSHAPE($,$,(#3872));
#3874= IFCLOCALPLACEMENT(#2638,#9);
#3875= IFCBUILDINGELEMENTPROXY('MJLPIPE030048000000000',#5,'L03 - Chilled water return',$,$,#3874,#3873,$);
#3876= IFCPROPERTYSINGLEVALUE('AssetReference',$,IFCLABEL('PIPE-03-048'),$);
#3877= IFCPROPERTYSINGLEVALUE('Level',$,IFCLABEL('Level 03'),$);
#3878= IFCPROPERTYSINGLEVALUE('System',$,IFCLABEL('Mechanical'),$);
#3879= IFCPROPERTYSINGLEVALUE('Status',$,IFCLABEL('Issued for Coordination'),$);
#3880= IFCPROPERTYSINGLEVALUE('FireRating',$,IFCLABEL('60 min'),$);
#3881= IFCPROPERTYSET('MJLPSET030148000000000',#5,'Pset_MajalAsset',$,(#3876,#3877,#3878,#3879,#3880));
#3882= IFCRELDEFINESBYPROPERTIES('MJLRPS0030148000000000',#5,$,$,(#3875),#3881);
#3883= IFCQUANTITYAREA('GrossArea',$,$,3.960,$);
#3884= IFCQUANTITYVOLUME('GrossVolume',$,$,0.713,$);
#3885= IFCQUANTITYCOUNT('Count',$,$,1.,$);
#3886= IFCELEMENTQUANTITY('MJLQTO0030148000000000',#5,'BaseQuantities',$,$,(#3883,#3884,#3885));
#3887= IFCRELDEFINESBYPROPERTIES('MJLRQT0030148000000000',#5,$,$,(#3875),#3886);
#3888= IFCCARTESIANPOINT((0.,0.));
#3889= IFCDIRECTION((1.,0.));
#3890= IFCAXIS2PLACEMENT2D(#3888,#3889);
#3891= IFCRECTANGLEPROFILEDEF(.AREA.,$,#3890,0.350,0.500);
#3892= IFCCARTESIANPOINT((7.000,0.000,0.000));
#3893= IFCDIRECTION((0.,0.,1.));
#3894= IFCDIRECTION((1.,0.,0.));
#3895= IFCAXIS2PLACEMENT3D(#3892,#3893,#3894);
#3896= IFCDIRECTION((0.,0.,1.));
#3897= IFCEXTRUDEDAREASOLID(#3891,#3895,#3896,3.500);
#3898= IFCSHAPEREPRESENTATION(#10,'Body','SweptSolid',(#3897));
#3899= IFCPRODUCTDEFINITIONSHAPE($,$,(#3898));
#3900= IFCLOCALPLACEMENT(#2638,#9);
#3901= IFCBUILDINGELEMENTPROXY('MJLELEC030049000000000',#5,'L03 - Electrical busbar',$,$,#3900,#3899,$);
#3902= IFCPROPERTYSINGLEVALUE('AssetReference',$,IFCLABEL('ELEC-03-049'),$);
#3903= IFCPROPERTYSINGLEVALUE('Level',$,IFCLABEL('Level 03'),$);
#3904= IFCPROPERTYSINGLEVALUE('System',$,IFCLABEL('Electrical'),$);
#3905= IFCPROPERTYSINGLEVALUE('Status',$,IFCLABEL('Issued for Coordination'),$);
#3906= IFCPROPERTYSINGLEVALUE('FireRating',$,IFCLABEL('60 min'),$);
#3907= IFCPROPERTYSET('MJLPSET030149000000000',#5,'Pset_MajalAsset',$,(#3902,#3903,#3904,#3905,#3906));
#3908= IFCRELDEFINESBYPROPERTIES('MJLRPS0030149000000000',#5,$,$,(#3901),#3907);
#3909= IFCQUANTITYAREA('GrossArea',$,$,1.225,$);
#3910= IFCQUANTITYVOLUME('GrossVolume',$,$,0.612,$);
#3911= IFCQUANTITYCOUNT('Count',$,$,1.,$);
#3912= IFCELEMENTQUANTITY('MJLQTO0030149000000000',#5,'BaseQuantities',$,$,(#3909,#3910,#3911));
#3913= IFCRELDEFINESBYPROPERTIES('MJLRQT0030149000000000',#5,$,$,(#3901),#3912);
#3914= IFCCARTESIANPOINT((0.,0.));
#3915= IFCDIRECTION((1.,0.));
#3916= IFCAXIS2PLACEMENT2D(#3914,#3915);
#3917= IFCRECTANGLEPROFILEDEF(.AREA.,$,#3916,0.250,0.250);
#3918= IFCCARTESIANPOINT((-7.000,0.000,0.000));
#3919= IFCDIRECTION((0.,0.,1.));
#3920= IFCDIRECTION((1.,0.,0.));
#3921= IFCAXIS2PLACEMENT3D(#3918,#3919,#3920);
#3922= IFCDIRECTION((0.,0.,1.));
#3923= IFCEXTRUDEDAREASOLID(#3917,#3921,#3922,3.800);
#3924= IFCSHAPEREPRESENTATION(#10,'Body','SweptSolid',(#3923));
#3925= IFCPRODUCTDEFINITIONSHAPE($,$,(#3924));
#3926= IFCLOCALPLACEMENT(#2638,#9);
#3927= IFCBUILDINGELEMENTPROXY('MJLFIRE030050000000000',#5,'L03 - Fire riser',$,$,#3926,#3925,$);
#3928= IFCPROPERTYSINGLEVALUE('AssetReference',$,IFCLABEL('FIRE-03-050'),$);
#3929= IFCPROPERTYSINGLEVALUE('Level',$,IFCLABEL('Level 03'),$);
#3930= IFCPROPERTYSINGLEVALUE('System',$,IFCLABEL('Fire Protection'),$);
#3931= IFCPROPERTYSINGLEVALUE('Status',$,IFCLABEL('Issued for Coordination'),$);
#3932= IFCPROPERTYSINGLEVALUE('FireRating',$,IFCLABEL('60 min'),$);
#3933= IFCPROPERTYSET('MJLPSET030150000000000',#5,'Pset_MajalAsset',$,(#3928,#3929,#3930,#3931,#3932));
#3934= IFCRELDEFINESBYPROPERTIES('MJLRPS0030150000000000',#5,$,$,(#3927),#3933);
#3935= IFCQUANTITYAREA('GrossArea',$,$,0.950,$);
#3936= IFCQUANTITYVOLUME('GrossVolume',$,$,0.237,$);
#3937= IFCQUANTITYCOUNT('Count',$,$,1.,$);
#3938= IFCELEMENTQUANTITY('MJLQTO0030150000000000',#5,'BaseQuantities',$,$,(#3935,#3936,#3937));
#3939= IFCRELDEFINESBYPROPERTIES('MJLRQT0030150000000000',#5,$,$,(#3927),#3938);
#3940= IFCRELCONTAINEDINSPATIALSTRUCTURE('MJLCON0030000000000000',#5,$,$,(#2653,#2679,#2705,#2731,#2757,#2783,#2809,#2835,#2861,#2887,#2913,#2939,#2965,#2991,#3017,#3043,#3069,#3095,#3121,#3147,#3173,#3199,#3225,#3251,#3277,#3303,#3329,#3355,#3381,#3407,#3433,#3459,#3485,#3511,#3537,#3563,#3589,#3615,#3641,#3667,#3693,#3719,#3745,#3771,#3797,#3823,#3849,#3875,#3901,#3927),#2639);
#3941= IFCCARTESIANPOINT((0.000,0.000,12.600));
#3942= IFCDIRECTION((0.,0.,1.));
#3943= IFCDIRECTION((1.,0.,0.));
#3944= IFCAXIS2PLACEMENT3D(#3941,#3942,#3943);
#3945= IFCLOCALPLACEMENT(#18,#3944);
#3946= IFCBUILDINGSTOREY('MJLLVL0040000000000000',#5,'Level 04',$,$,#3945,$,$,.ELEMENT.,12.600);
#3947= IFCCARTESIANPOINT((0.,0.));
#3948= IFCDIRECTION((1.,0.));
#3949= IFCAXIS2PLACEMENT2D(#3947,#3948);
#3950= IFCRECTANGLEPROFILEDEF(.AREA.,$,#3949,36.000,26.000);
#3951= IFCCARTESIANPOINT((0.000,0.000,0.000));
#3952= IFCDIRECTION((0.,0.,1.));
#3953= IFCDIRECTION((1.,0.,0.));
#3954= IFCAXIS2PLACEMENT3D(#3951,#3952,#3953);
#3955= IFCDIRECTION((0.,0.,1.));
#3956= IFCEXTRUDEDAREASOLID(#3950,#3954,#3955,0.280);
#3957= IFCSHAPEREPRESENTATION(#10,'Body','SweptSolid',(#3956));
#3958= IFCPRODUCTDEFINITIONSHAPE($,$,(#3957));
#3959= IFCLOCALPLACEMENT(#3945,#9);
#3960= IFCSLAB('MJLSLAB040001000000000',#5,'L04 - Floor slab',$,$,#3959,#3958,$);
#3961= IFCPROPERTYSINGLEVALUE('AssetReference',$,IFCLABEL('SLAB-04-001'),$);
#3962= IFCPROPERTYSINGLEVALUE('Level',$,IFCLABEL('Level 04'),$);
#3963= IFCPROPERTYSINGLEVALUE('System',$,IFCLABEL('Structure'),$);
#3964= IFCPROPERTYSINGLEVALUE('Status',$,IFCLABEL('Issued for Coordination'),$);
#3965= IFCPROPERTYSINGLEVALUE('FireRating',$,IFCLABEL('120 min'),$);
#3966= IFCPROPERTYSET('MJLPSET040151000000000',#5,'Pset_MajalAsset',$,(#3961,#3962,#3963,#3964,#3965));
#3967= IFCRELDEFINESBYPROPERTIES('MJLRPS0040151000000000',#5,$,$,(#3960),#3966);
#3968= IFCQUANTITYAREA('GrossArea',$,$,936.000,$);
#3969= IFCQUANTITYVOLUME('GrossVolume',$,$,262.080,$);
#3970= IFCQUANTITYCOUNT('Count',$,$,1.,$);
#3971= IFCELEMENTQUANTITY('MJLQTO0040151000000000',#5,'BaseQuantities',$,$,(#3968,#3969,#3970));
#3972= IFCRELDEFINESBYPROPERTIES('MJLRQT0040151000000000',#5,$,$,(#3960),#3971);
#3973= IFCCARTESIANPOINT((0.,0.));
#3974= IFCDIRECTION((1.,0.));
#3975= IFCAXIS2PLACEMENT2D(#3973,#3974);
#3976= IFCRECTANGLEPROFILEDEF(.AREA.,$,#3975,36.000,0.220);
#3977= IFCCARTESIANPOINT((0.000,12.900,0.000));
#3978= IFCDIRECTION((0.,0.,1.));
#3979= IFCDIRECTION((1.,0.,0.));
#3980= IFCAXIS2PLACEMENT3D(#3977,#3978,#3979);
#3981= IFCDIRECTION((0.,0.,1.));
#3982= IFCEXTRUDEDAREASOLID(#3976,#3980,#3981,4.000);
#3983= IFCSHAPEREPRESENTATION(#10,'Body','SweptSolid',(#3982));
#3984= IFCPRODUCTDEFINITIONSHAPE($,$,(#3983));
#3985= IFCLOCALPLACEMENT(#3945,#9);
#3986= IFCWALL('MJLWALL040002000000000',#5,'L04 - North facade',$,$,#3985,#3984,$);
#3987= IFCPROPERTYSINGLEVALUE('AssetReference',$,IFCLABEL('WALL-04-002'),$);
#3988= IFCPROPERTYSINGLEVALUE('Level',$,IFCLABEL('Level 04'),$);
#3989= IFCPROPERTYSINGLEVALUE('System',$,IFCLABEL('Envelope'),$);
#3990= IFCPROPERTYSINGLEVALUE('Status',$,IFCLABEL('Issued for Coordination'),$);
#3991= IFCPROPERTYSINGLEVALUE('FireRating',$,IFCLABEL('60 min'),$);
#3992= IFCPROPERTYSET('MJLPSET040152000000000',#5,'Pset_MajalAsset',$,(#3987,#3988,#3989,#3990,#3991));
#3993= IFCRELDEFINESBYPROPERTIES('MJLRPS0040152000000000',#5,$,$,(#3986),#3992);
#3994= IFCQUANTITYAREA('GrossArea',$,$,144.000,$);
#3995= IFCQUANTITYVOLUME('GrossVolume',$,$,31.680,$);
#3996= IFCQUANTITYCOUNT('Count',$,$,1.,$);
#3997= IFCELEMENTQUANTITY('MJLQTO0040152000000000',#5,'BaseQuantities',$,$,(#3994,#3995,#3996));
#3998= IFCRELDEFINESBYPROPERTIES('MJLRQT0040152000000000',#5,$,$,(#3986),#3997);
#3999= IFCCARTESIANPOINT((0.,0.));
#4000= IFCDIRECTION((1.,0.));
#4001= IFCAXIS2PLACEMENT2D(#3999,#4000);
#4002= IFCRECTANGLEPROFILEDEF(.AREA.,$,#4001,36.000,0.220);
#4003= IFCCARTESIANPOINT((0.000,-12.900,0.000));
#4004= IFCDIRECTION((0.,0.,1.));
#4005= IFCDIRECTION((1.,0.,0.));
#4006= IFCAXIS2PLACEMENT3D(#4003,#4004,#4005);
#4007= IFCDIRECTION((0.,0.,1.));
#4008= IFCEXTRUDEDAREASOLID(#4002,#4006,#4007,4.000);
#4009= IFCSHAPEREPRESENTATION(#10,'Body','SweptSolid',(#4008));
#4010= IFCPRODUCTDEFINITIONSHAPE($,$,(#4009));
#4011= IFCLOCALPLACEMENT(#3945,#9);
#4012= IFCWALL('MJLWALL040003000000000',#5,'L04 - South facade',$,$,#4011,#4010,$);
#4013= IFCPROPERTYSINGLEVALUE('AssetReference',$,IFCLABEL('WALL-04-003'),$);
#4014= IFCPROPERTYSINGLEVALUE('Level',$,IFCLABEL('Level 04'),$);
#4015= IFCPROPERTYSINGLEVALUE('System',$,IFCLABEL('Envelope'),$);
#4016= IFCPROPERTYSINGLEVALUE('Status',$,IFCLABEL('Issued for Coordination'),$);
#4017= IFCPROPERTYSINGLEVALUE('FireRating',$,IFCLABEL('60 min'),$);
#4018= IFCPROPERTYSET('MJLPSET040153000000000',#5,'Pset_MajalAsset',$,(#4013,#4014,#4015,#4016,#4017));
#4019= IFCRELDEFINESBYPROPERTIES('MJLRPS0040153000000000',#5,$,$,(#4012),#4018);
#4020= IFCQUANTITYAREA('GrossArea',$,$,144.000,$);
#4021= IFCQUANTITYVOLUME('GrossVolume',$,$,31.680,$);
#4022= IFCQUANTITYCOUNT('Count',$,$,1.,$);
#4023= IFCELEMENTQUANTITY('MJLQTO0040153000000000',#5,'BaseQuantities',$,$,(#4020,#4021,#4022));
#4024= IFCRELDEFINESBYPROPERTIES('MJLRQT0040153000000000',#5,$,$,(#4012),#4023);
#4025= IFCCARTESIANPOINT((0.,0.));
#4026= IFCDIRECTION((1.,0.));
#4027= IFCAXIS2PLACEMENT2D(#4025,#4026);
#4028= IFCRECTANGLEPROFILEDEF(.AREA.,$,#4027,0.220,26.000);
#4029= IFCCARTESIANPOINT((17.900,0.000,0.000));
#4030= IFCDIRECTION((0.,0.,1.));
#4031= IFCDIRECTION((1.,0.,0.));
#4032= IFCAXIS2PLACEMENT3D(#4029,#4030,#4031);
#4033= IFCDIRECTION((0.,0.,1.));
#4034= IFCEXTRUDEDAREASOLID(#4028,#4032,#4033,4.000);
#4035= IFCSHAPEREPRESENTATION(#10,'Body','SweptSolid',(#4034));
#4036= IFCPRODUCTDEFINITIONSHAPE($,$,(#4035));
#4037= IFCLOCALPLACEMENT(#3945,#9);
#4038= IFCWALL('MJLWALL040004000000000',#5,'L04 - East facade',$,$,#4037,#4036,$);
#4039= IFCPROPERTYSINGLEVALUE('AssetReference',$,IFCLABEL('WALL-04-004'),$);
#4040= IFCPROPERTYSINGLEVALUE('Level',$,IFCLABEL('Level 04'),$);
#4041= IFCPROPERTYSINGLEVALUE('System',$,IFCLABEL('Envelope'),$);
#4042= IFCPROPERTYSINGLEVALUE('Status',$,IFCLABEL('Issued for Coordination'),$);
#4043= IFCPROPERTYSINGLEVALUE('FireRating',$,IFCLABEL('60 min'),$);
#4044= IFCPROPERTYSET('MJLPSET040154000000000',#5,'Pset_MajalAsset',$,(#4039,#4040,#4041,#4042,#4043));
#4045= IFCRELDEFINESBYPROPERTIES('MJLRPS0040154000000000',#5,$,$,(#4038),#4044);
#4046= IFCQUANTITYAREA('GrossArea',$,$,5.720,$);
#4047= IFCQUANTITYVOLUME('GrossVolume',$,$,22.880,$);
#4048= IFCQUANTITYCOUNT('Count',$,$,1.,$);
#4049= IFCELEMENTQUANTITY('MJLQTO0040154000000000',#5,'BaseQuantities',$,$,(#4046,#4047,#4048));
#4050= IFCRELDEFINESBYPROPERTIES('MJLRQT0040154000000000',#5,$,$,(#4038),#4049);
#4051= IFCCARTESIANPOINT((0.,0.));
#4052= IFCDIRECTION((1.,0.));
#4053= IFCAXIS2PLACEMENT2D(#4051,#4052);
#4054= IFCRECTANGLEPROFILEDEF(.AREA.,$,#4053,0.220,26.000);
#4055= IFCCARTESIANPOINT((-17.900,0.000,0.000));
#4056= IFCDIRECTION((0.,0.,1.));
#4057= IFCDIRECTION((1.,0.,0.));
#4058= IFCAXIS2PLACEMENT3D(#4055,#4056,#4057);
#4059= IFCDIRECTION((0.,0.,1.));
#4060= IFCEXTRUDEDAREASOLID(#4054,#4058,#4059,4.000);
#4061= IFCSHAPEREPRESENTATION(#10,'Body','SweptSolid',(#4060));
#4062= IFCPRODUCTDEFINITIONSHAPE($,$,(#4061));
#4063= IFCLOCALPLACEMENT(#3945,#9);
#4064= IFCWALL('MJLWALL040005000000000',#5,'L04 - West facade',$,$,#4063,#4062,$);
#4065= IFCPROPERTYSINGLEVALUE('AssetReference',$,IFCLABEL('WALL-04-005'),$);
#4066= IFCPROPERTYSINGLEVALUE('Level',$,IFCLABEL('Level 04'),$);
#4067= IFCPROPERTYSINGLEVALUE('System',$,IFCLABEL('Envelope'),$);
#4068= IFCPROPERTYSINGLEVALUE('Status',$,IFCLABEL('Issued for Coordination'),$);
#4069= IFCPROPERTYSINGLEVALUE('FireRating',$,IFCLABEL('60 min'),$);
#4070= IFCPROPERTYSET('MJLPSET040155000000000',#5,'Pset_MajalAsset',$,(#4065,#4066,#4067,#4068,#4069));
#4071= IFCRELDEFINESBYPROPERTIES('MJLRPS0040155000000000',#5,$,$,(#4064),#4070);
#4072= IFCQUANTITYAREA('GrossArea',$,$,5.720,$);
#4073= IFCQUANTITYVOLUME('GrossVolume',$,$,22.880,$);
#4074= IFCQUANTITYCOUNT('Count',$,$,1.,$);
#4075= IFCELEMENTQUANTITY('MJLQTO0040155000000000',#5,'BaseQuantities',$,$,(#4072,#4073,#4074));
#4076= IFCRELDEFINESBYPROPERTIES('MJLRQT0040155000000000',#5,$,$,(#4064),#4075);
#4077= IFCCARTESIANPOINT((0.,0.));
#4078= IFCDIRECTION((1.,0.));
#4079= IFCAXIS2PLACEMENT2D(#4077,#4078);
#4080= IFCRECTANGLEPROFILEDEF(.AREA.,$,#4079,10.000,0.300);
#4081= IFCCARTESIANPOINT((0.000,3.900,0.000));
#4082= IFCDIRECTION((0.,0.,1.));
#4083= IFCDIRECTION((1.,0.,0.));
#4084= IFCAXIS2PLACEMENT3D(#4081,#4082,#4083);
#4085= IFCDIRECTION((0.,0.,1.));
#4086= IFCEXTRUDEDAREASOLID(#4080,#4084,#4085,4.000);
#4087= IFCSHAPEREPRESENTATION(#10,'Body','SweptSolid',(#4086));
#4088= IFCPRODUCTDEFINITIONSHAPE($,$,(#4087));
#4089= IFCLOCALPLACEMENT(#3945,#9);
#4090= IFCWALL('MJLCORE040006000000000',#5,'L04 - Core north',$,$,#4089,#4088,$);
#4091= IFCPROPERTYSINGLEVALUE('AssetReference',$,IFCLABEL('CORE-04-006'),$);
#4092= IFCPROPERTYSINGLEVALUE('Level',$,IFCLABEL('Level 04'),$);
#4093= IFCPROPERTYSINGLEVALUE('System',$,IFCLABEL('Core'),$);
#4094= IFCPROPERTYSINGLEVALUE('Status',$,IFCLABEL('Issued for Coordination'),$);
#4095= IFCPROPERTYSINGLEVALUE('FireRating',$,IFCLABEL('120 min'),$);
#4096= IFCPROPERTYSET('MJLPSET040156000000000',#5,'Pset_MajalAsset',$,(#4091,#4092,#4093,#4094,#4095));
#4097= IFCRELDEFINESBYPROPERTIES('MJLRPS0040156000000000',#5,$,$,(#4090),#4096);
#4098= IFCQUANTITYAREA('GrossArea',$,$,40.000,$);
#4099= IFCQUANTITYVOLUME('GrossVolume',$,$,12.000,$);
#4100= IFCQUANTITYCOUNT('Count',$,$,1.,$);
#4101= IFCELEMENTQUANTITY('MJLQTO0040156000000000',#5,'BaseQuantities',$,$,(#4098,#4099,#4100));
#4102= IFCRELDEFINESBYPROPERTIES('MJLRQT0040156000000000',#5,$,$,(#4090),#4101);
#4103= IFCCARTESIANPOINT((0.,0.));
#4104= IFCDIRECTION((1.,0.));
#4105= IFCAXIS2PLACEMENT2D(#4103,#4104);
#4106= IFCRECTANGLEPROFILEDEF(.AREA.,$,#4105,10.000,0.300);
#4107= IFCCARTESIANPOINT((0.000,-3.900,0.000));
#4108= IFCDIRECTION((0.,0.,1.));
#4109= IFCDIRECTION((1.,0.,0.));
#4110= IFCAXIS2PLACEMENT3D(#4107,#4108,#4109);
#4111= IFCDIRECTION((0.,0.,1.));
#4112= IFCEXTRUDEDAREASOLID(#4106,#4110,#4111,4.000);
#4113= IFCSHAPEREPRESENTATION(#10,'Body','SweptSolid',(#4112));
#4114= IFCPRODUCTDEFINITIONSHAPE($,$,(#4113));
#4115= IFCLOCALPLACEMENT(#3945,#9);
#4116= IFCWALL('MJLCORE040007000000000',#5,'L04 - Core south',$,$,#4115,#4114,$);
#4117= IFCPROPERTYSINGLEVALUE('AssetReference',$,IFCLABEL('CORE-04-007'),$);
#4118= IFCPROPERTYSINGLEVALUE('Level',$,IFCLABEL('Level 04'),$);
#4119= IFCPROPERTYSINGLEVALUE('System',$,IFCLABEL('Core'),$);
#4120= IFCPROPERTYSINGLEVALUE('Status',$,IFCLABEL('Issued for Coordination'),$);
#4121= IFCPROPERTYSINGLEVALUE('FireRating',$,IFCLABEL('120 min'),$);
#4122= IFCPROPERTYSET('MJLPSET040157000000000',#5,'Pset_MajalAsset',$,(#4117,#4118,#4119,#4120,#4121));
#4123= IFCRELDEFINESBYPROPERTIES('MJLRPS0040157000000000',#5,$,$,(#4116),#4122);
#4124= IFCQUANTITYAREA('GrossArea',$,$,40.000,$);
#4125= IFCQUANTITYVOLUME('GrossVolume',$,$,12.000,$);
#4126= IFCQUANTITYCOUNT('Count',$,$,1.,$);
#4127= IFCELEMENTQUANTITY('MJLQTO0040157000000000',#5,'BaseQuantities',$,$,(#4124,#4125,#4126));
#4128= IFCRELDEFINESBYPROPERTIES('MJLRQT0040157000000000',#5,$,$,(#4116),#4127);
#4129= IFCCARTESIANPOINT((0.,0.));
#4130= IFCDIRECTION((1.,0.));
#4131= IFCAXIS2PLACEMENT2D(#4129,#4130);
#4132= IFCRECTANGLEPROFILEDEF(.AREA.,$,#4131,0.300,8.000);
#4133= IFCCARTESIANPOINT((4.900,0.000,0.000));
#4134= IFCDIRECTION((0.,0.,1.));
#4135= IFCDIRECTION((1.,0.,0.));
#4136= IFCAXIS2PLACEMENT3D(#4133,#4134,#4135);
#4137= IFCDIRECTION((0.,0.,1.));
#4138= IFCEXTRUDEDAREASOLID(#4132,#4136,#4137,4.000);
#4139= IFCSHAPEREPRESENTATION(#10,'Body','SweptSolid',(#4138));
#4140= IFCPRODUCTDEFINITIONSHAPE($,$,(#4139));
#4141= IFCLOCALPLACEMENT(#3945,#9);
#4142= IFCWALL('MJLCORE040008000000000',#5,'L04 - Core east',$,$,#4141,#4140,$);
#4143= IFCPROPERTYSINGLEVALUE('AssetReference',$,IFCLABEL('CORE-04-008'),$);
#4144= IFCPROPERTYSINGLEVALUE('Level',$,IFCLABEL('Level 04'),$);
#4145= IFCPROPERTYSINGLEVALUE('System',$,IFCLABEL('Core'),$);
#4146= IFCPROPERTYSINGLEVALUE('Status',$,IFCLABEL('Issued for Coordination'),$);
#4147= IFCPROPERTYSINGLEVALUE('FireRating',$,IFCLABEL('120 min'),$);
#4148= IFCPROPERTYSET('MJLPSET040158000000000',#5,'Pset_MajalAsset',$,(#4143,#4144,#4145,#4146,#4147));
#4149= IFCRELDEFINESBYPROPERTIES('MJLRPS0040158000000000',#5,$,$,(#4142),#4148);
#4150= IFCQUANTITYAREA('GrossArea',$,$,2.400,$);
#4151= IFCQUANTITYVOLUME('GrossVolume',$,$,9.600,$);
#4152= IFCQUANTITYCOUNT('Count',$,$,1.,$);
#4153= IFCELEMENTQUANTITY('MJLQTO0040158000000000',#5,'BaseQuantities',$,$,(#4150,#4151,#4152));
#4154= IFCRELDEFINESBYPROPERTIES('MJLRQT0040158000000000',#5,$,$,(#4142),#4153);
#4155= IFCCARTESIANPOINT((0.,0.));
#4156= IFCDIRECTION((1.,0.));
#4157= IFCAXIS2PLACEMENT2D(#4155,#4156);
#4158= IFCRECTANGLEPROFILEDEF(.AREA.,$,#4157,0.300,8.000);
#4159= IFCCARTESIANPOINT((-4.900,0.000,0.000));
#4160= IFCDIRECTION((0.,0.,1.));
#4161= IFCDIRECTION((1.,0.,0.));
#4162= IFCAXIS2PLACEMENT3D(#4159,#4160,#4161);
#4163= IFCDIRECTION((0.,0.,1.));
#4164= IFCEXTRUDEDAREASOLID(#4158,#4162,#4163,4.000);
#4165= IFCSHAPEREPRESENTATION(#10,'Body','SweptSolid',(#4164));
#4166= IFCPRODUCTDEFINITIONSHAPE($,$,(#4165));
#4167= IFCLOCALPLACEMENT(#3945,#9);
#4168= IFCWALL('MJLCORE040009000000000',#5,'L04 - Core west',$,$,#4167,#4166,$);
#4169= IFCPROPERTYSINGLEVALUE('AssetReference',$,IFCLABEL('CORE-04-009'),$);
#4170= IFCPROPERTYSINGLEVALUE('Level',$,IFCLABEL('Level 04'),$);
#4171= IFCPROPERTYSINGLEVALUE('System',$,IFCLABEL('Core'),$);
#4172= IFCPROPERTYSINGLEVALUE('Status',$,IFCLABEL('Issued for Coordination'),$);
#4173= IFCPROPERTYSINGLEVALUE('FireRating',$,IFCLABEL('120 min'),$);
#4174= IFCPROPERTYSET('MJLPSET040159000000000',#5,'Pset_MajalAsset',$,(#4169,#4170,#4171,#4172,#4173));
#4175= IFCRELDEFINESBYPROPERTIES('MJLRPS0040159000000000',#5,$,$,(#4168),#4174);
#4176= IFCQUANTITYAREA('GrossArea',$,$,2.400,$);
#4177= IFCQUANTITYVOLUME('GrossVolume',$,$,9.600,$);
#4178= IFCQUANTITYCOUNT('Count',$,$,1.,$);
#4179= IFCELEMENTQUANTITY('MJLQTO0040159000000000',#5,'BaseQuantities',$,$,(#4176,#4177,#4178));
#4180= IFCRELDEFINESBYPROPERTIES('MJLRQT0040159000000000',#5,$,$,(#4168),#4179);
#4181= IFCCARTESIANPOINT((0.,0.));
#4182= IFCDIRECTION((1.,0.));
#4183= IFCAXIS2PLACEMENT2D(#4181,#4182);
#4184= IFCRECTANGLEPROFILEDEF(.AREA.,$,#4183,0.550,0.550);
#4185= IFCCARTESIANPOINT((-15.000,-10.000,0.000));
#4186= IFCDIRECTION((0.,0.,1.));
#4187= IFCDIRECTION((1.,0.,0.));
#4188= IFCAXIS2PLACEMENT3D(#4185,#4186,#4187);
#4189= IFCDIRECTION((0.,0.,1.));
#4190= IFCEXTRUDEDAREASOLID(#4184,#4188,#4189,4.000);
#4191= IFCSHAPEREPRESENTATION(#10,'Body','SweptSolid',(#4190));
#4192= IFCPRODUCTDEFINITIONSHAPE($,$,(#4191));
#4193= IFCLOCALPLACEMENT(#3945,#9);
#4194= IFCCOLUMN('MJLCOL0040010000000000',#5,'L04 - Column -15/-10',$,$,#4193,#4192,$);
#4195= IFCPROPERTYSINGLEVALUE('AssetReference',$,IFCLABEL('COL-04-010'),$);
#4196= IFCPROPERTYSINGLEVALUE('Level',$,IFCLABEL('Level 04'),$);
#4197= IFCPROPERTYSINGLEVALUE('System',$,IFCLABEL('Structure'),$);
#4198= IFCPROPERTYSINGLEVALUE('Status',$,IFCLABEL('Issued for Coordination'),$);
#4199= IFCPROPERTYSINGLEVALUE('FireRating',$,IFCLABEL('120 min'),$);
#4200= IFCPROPERTYSET('MJLPSET040160000000000',#5,'Pset_MajalAsset',$,(#4195,#4196,#4197,#4198,#4199));
#4201= IFCRELDEFINESBYPROPERTIES('MJLRPS0040160000000000',#5,$,$,(#4194),#4200);
#4202= IFCQUANTITYAREA('GrossArea',$,$,2.200,$);
#4203= IFCQUANTITYVOLUME('GrossVolume',$,$,1.210,$);
#4204= IFCQUANTITYCOUNT('Count',$,$,1.,$);
#4205= IFCELEMENTQUANTITY('MJLQTO0040160000000000',#5,'BaseQuantities',$,$,(#4202,#4203,#4204));
#4206= IFCRELDEFINESBYPROPERTIES('MJLRQT0040160000000000',#5,$,$,(#4194),#4205);
#4207= IFCCARTESIANPOINT((0.,0.));
#4208= IFCDIRECTION((1.,0.));
#4209= IFCAXIS2PLACEMENT2D(#4207,#4208);
#4210= IFCRECTANGLEPROFILEDEF(.AREA.,$,#4209,0.550,0.550);
#4211= IFCCARTESIANPOINT((-15.000,0.000,0.000));
#4212= IFCDIRECTION((0.,0.,1.));
#4213= IFCDIRECTION((1.,0.,0.));
#4214= IFCAXIS2PLACEMENT3D(#4211,#4212,#4213);
#4215= IFCDIRECTION((0.,0.,1.));
#4216= IFCEXTRUDEDAREASOLID(#4210,#4214,#4215,4.000);
#4217= IFCSHAPEREPRESENTATION(#10,'Body','SweptSolid',(#4216));
#4218= IFCPRODUCTDEFINITIONSHAPE($,$,(#4217));
#4219= IFCLOCALPLACEMENT(#3945,#9);
#4220= IFCCOLUMN('MJLCOL0040011000000000',#5,'L04 - Column -15/+00',$,$,#4219,#4218,$);
#4221= IFCPROPERTYSINGLEVALUE('AssetReference',$,IFCLABEL('COL-04-011'),$);
#4222= IFCPROPERTYSINGLEVALUE('Level',$,IFCLABEL('Level 04'),$);
#4223= IFCPROPERTYSINGLEVALUE('System',$,IFCLABEL('Structure'),$);
#4224= IFCPROPERTYSINGLEVALUE('Status',$,IFCLABEL('Issued for Coordination'),$);
#4225= IFCPROPERTYSINGLEVALUE('FireRating',$,IFCLABEL('120 min'),$);
#4226= IFCPROPERTYSET('MJLPSET040161000000000',#5,'Pset_MajalAsset',$,(#4221,#4222,#4223,#4224,#4225));
#4227= IFCRELDEFINESBYPROPERTIES('MJLRPS0040161000000000',#5,$,$,(#4220),#4226);
#4228= IFCQUANTITYAREA('GrossArea',$,$,2.200,$);
#4229= IFCQUANTITYVOLUME('GrossVolume',$,$,1.210,$);
#4230= IFCQUANTITYCOUNT('Count',$,$,1.,$);
#4231= IFCELEMENTQUANTITY('MJLQTO0040161000000000',#5,'BaseQuantities',$,$,(#4228,#4229,#4230));
#4232= IFCRELDEFINESBYPROPERTIES('MJLRQT0040161000000000',#5,$,$,(#4220),#4231);
#4233= IFCCARTESIANPOINT((0.,0.));
#4234= IFCDIRECTION((1.,0.));
#4235= IFCAXIS2PLACEMENT2D(#4233,#4234);
#4236= IFCRECTANGLEPROFILEDEF(.AREA.,$,#4235,0.550,0.550);
#4237= IFCCARTESIANPOINT((-15.000,10.000,0.000));
#4238= IFCDIRECTION((0.,0.,1.));
#4239= IFCDIRECTION((1.,0.,0.));
#4240= IFCAXIS2PLACEMENT3D(#4237,#4238,#4239);
#4241= IFCDIRECTION((0.,0.,1.));
#4242= IFCEXTRUDEDAREASOLID(#4236,#4240,#4241,4.000);
#4243= IFCSHAPEREPRESENTATION(#10,'Body','SweptSolid',(#4242));
#4244= IFCPRODUCTDEFINITIONSHAPE($,$,(#4243));
#4245= IFCLOCALPLACEMENT(#3945,#9);
#4246= IFCCOLUMN('MJLCOL0040012000000000',#5,'L04 - Column -15/+10',$,$,#4245,#4244,$);
#4247= IFCPROPERTYSINGLEVALUE('AssetReference',$,IFCLABEL('COL-04-012'),$);
#4248= IFCPROPERTYSINGLEVALUE('Level',$,IFCLABEL('Level 04'),$);
#4249= IFCPROPERTYSINGLEVALUE('System',$,IFCLABEL('Structure'),$);
#4250= IFCPROPERTYSINGLEVALUE('Status',$,IFCLABEL('Issued for Coordination'),$);
#4251= IFCPROPERTYSINGLEVALUE('FireRating',$,IFCLABEL('120 min'),$);
#4252= IFCPROPERTYSET('MJLPSET040162000000000',#5,'Pset_MajalAsset',$,(#4247,#4248,#4249,#4250,#4251));
#4253= IFCRELDEFINESBYPROPERTIES('MJLRPS0040162000000000',#5,$,$,(#4246),#4252);
#4254= IFCQUANTITYAREA('GrossArea',$,$,2.200,$);
#4255= IFCQUANTITYVOLUME('GrossVolume',$,$,1.210,$);
#4256= IFCQUANTITYCOUNT('Count',$,$,1.,$);
#4257= IFCELEMENTQUANTITY('MJLQTO0040162000000000',#5,'BaseQuantities',$,$,(#4254,#4255,#4256));
#4258= IFCRELDEFINESBYPROPERTIES('MJLRQT0040162000000000',#5,$,$,(#4246),#4257);
#4259= IFCCARTESIANPOINT((0.,0.));
#4260= IFCDIRECTION((1.,0.));
#4261= IFCAXIS2PLACEMENT2D(#4259,#4260);
#4262= IFCRECTANGLEPROFILEDEF(.AREA.,$,#4261,0.550,0.550);
#4263= IFCCARTESIANPOINT((-9.000,-10.000,0.000));
#4264= IFCDIRECTION((0.,0.,1.));
#4265= IFCDIRECTION((1.,0.,0.));
#4266= IFCAXIS2PLACEMENT3D(#4263,#4264,#4265);
#4267= IFCDIRECTION((0.,0.,1.));
#4268= IFCEXTRUDEDAREASOLID(#4262,#4266,#4267,4.000);
#4269= IFCSHAPEREPRESENTATION(#10,'Body','SweptSolid',(#4268));
#4270= IFCPRODUCTDEFINITIONSHAPE($,$,(#4269));
#4271= IFCLOCALPLACEMENT(#3945,#9);
#4272= IFCCOLUMN('MJLCOL0040013000000000',#5,'L04 - Column -09/-10',$,$,#4271,#4270,$);
#4273= IFCPROPERTYSINGLEVALUE('AssetReference',$,IFCLABEL('COL-04-013'),$);
#4274= IFCPROPERTYSINGLEVALUE('Level',$,IFCLABEL('Level 04'),$);
#4275= IFCPROPERTYSINGLEVALUE('System',$,IFCLABEL('Structure'),$);
#4276= IFCPROPERTYSINGLEVALUE('Status',$,IFCLABEL('Issued for Coordination'),$);
#4277= IFCPROPERTYSINGLEVALUE('FireRating',$,IFCLABEL('120 min'),$);
#4278= IFCPROPERTYSET('MJLPSET040163000000000',#5,'Pset_MajalAsset',$,(#4273,#4274,#4275,#4276,#4277));
#4279= IFCRELDEFINESBYPROPERTIES('MJLRPS0040163000000000',#5,$,$,(#4272),#4278);
#4280= IFCQUANTITYAREA('GrossArea',$,$,2.200,$);
#4281= IFCQUANTITYVOLUME('GrossVolume',$,$,1.210,$);
#4282= IFCQUANTITYCOUNT('Count',$,$,1.,$);
#4283= IFCELEMENTQUANTITY('MJLQTO0040163000000000',#5,'BaseQuantities',$,$,(#4280,#4281,#4282));
#4284= IFCRELDEFINESBYPROPERTIES('MJLRQT0040163000000000',#5,$,$,(#4272),#4283);
#4285= IFCCARTESIANPOINT((0.,0.));
#4286= IFCDIRECTION((1.,0.));
#4287= IFCAXIS2PLACEMENT2D(#4285,#4286);
#4288= IFCRECTANGLEPROFILEDEF(.AREA.,$,#4287,0.550,0.550);
#4289= IFCCARTESIANPOINT((-9.000,0.000,0.000));
#4290= IFCDIRECTION((0.,0.,1.));
#4291= IFCDIRECTION((1.,0.,0.));
#4292= IFCAXIS2PLACEMENT3D(#4289,#4290,#4291);
#4293= IFCDIRECTION((0.,0.,1.));
#4294= IFCEXTRUDEDAREASOLID(#4288,#4292,#4293,4.000);
#4295= IFCSHAPEREPRESENTATION(#10,'Body','SweptSolid',(#4294));
#4296= IFCPRODUCTDEFINITIONSHAPE($,$,(#4295));
#4297= IFCLOCALPLACEMENT(#3945,#9);
#4298= IFCCOLUMN('MJLCOL0040014000000000',#5,'L04 - Column -09/+00',$,$,#4297,#4296,$);
#4299= IFCPROPERTYSINGLEVALUE('AssetReference',$,IFCLABEL('COL-04-014'),$);
#4300= IFCPROPERTYSINGLEVALUE('Level',$,IFCLABEL('Level 04'),$);
#4301= IFCPROPERTYSINGLEVALUE('System',$,IFCLABEL('Structure'),$);
#4302= IFCPROPERTYSINGLEVALUE('Status',$,IFCLABEL('Issued for Coordination'),$);
#4303= IFCPROPERTYSINGLEVALUE('FireRating',$,IFCLABEL('120 min'),$);
#4304= IFCPROPERTYSET('MJLPSET040164000000000',#5,'Pset_MajalAsset',$,(#4299,#4300,#4301,#4302,#4303));
#4305= IFCRELDEFINESBYPROPERTIES('MJLRPS0040164000000000',#5,$,$,(#4298),#4304);
#4306= IFCQUANTITYAREA('GrossArea',$,$,2.200,$);
#4307= IFCQUANTITYVOLUME('GrossVolume',$,$,1.210,$);
#4308= IFCQUANTITYCOUNT('Count',$,$,1.,$);
#4309= IFCELEMENTQUANTITY('MJLQTO0040164000000000',#5,'BaseQuantities',$,$,(#4306,#4307,#4308));
#4310= IFCRELDEFINESBYPROPERTIES('MJLRQT0040164000000000',#5,$,$,(#4298),#4309);
#4311= IFCCARTESIANPOINT((0.,0.));
#4312= IFCDIRECTION((1.,0.));
#4313= IFCAXIS2PLACEMENT2D(#4311,#4312);
#4314= IFCRECTANGLEPROFILEDEF(.AREA.,$,#4313,0.550,0.550);
#4315= IFCCARTESIANPOINT((-9.000,10.000,0.000));
#4316= IFCDIRECTION((0.,0.,1.));
#4317= IFCDIRECTION((1.,0.,0.));
#4318= IFCAXIS2PLACEMENT3D(#4315,#4316,#4317);
#4319= IFCDIRECTION((0.,0.,1.));
#4320= IFCEXTRUDEDAREASOLID(#4314,#4318,#4319,4.000);
#4321= IFCSHAPEREPRESENTATION(#10,'Body','SweptSolid',(#4320));
#4322= IFCPRODUCTDEFINITIONSHAPE($,$,(#4321));
#4323= IFCLOCALPLACEMENT(#3945,#9);
#4324= IFCCOLUMN('MJLCOL0040015000000000',#5,'L04 - Column -09/+10',$,$,#4323,#4322,$);
#4325= IFCPROPERTYSINGLEVALUE('AssetReference',$,IFCLABEL('COL-04-015'),$);
#4326= IFCPROPERTYSINGLEVALUE('Level',$,IFCLABEL('Level 04'),$);
#4327= IFCPROPERTYSINGLEVALUE('System',$,IFCLABEL('Structure'),$);
#4328= IFCPROPERTYSINGLEVALUE('Status',$,IFCLABEL('Issued for Coordination'),$);
#4329= IFCPROPERTYSINGLEVALUE('FireRating',$,IFCLABEL('120 min'),$);
#4330= IFCPROPERTYSET('MJLPSET040165000000000',#5,'Pset_MajalAsset',$,(#4325,#4326,#4327,#4328,#4329));
#4331= IFCRELDEFINESBYPROPERTIES('MJLRPS0040165000000000',#5,$,$,(#4324),#4330);
#4332= IFCQUANTITYAREA('GrossArea',$,$,2.200,$);
#4333= IFCQUANTITYVOLUME('GrossVolume',$,$,1.210,$);
#4334= IFCQUANTITYCOUNT('Count',$,$,1.,$);
#4335= IFCELEMENTQUANTITY('MJLQTO0040165000000000',#5,'BaseQuantities',$,$,(#4332,#4333,#4334));
#4336= IFCRELDEFINESBYPROPERTIES('MJLRQT0040165000000000',#5,$,$,(#4324),#4335);
#4337= IFCCARTESIANPOINT((0.,0.));
#4338= IFCDIRECTION((1.,0.));
#4339= IFCAXIS2PLACEMENT2D(#4337,#4338);
#4340= IFCRECTANGLEPROFILEDEF(.AREA.,$,#4339,0.550,0.550);
#4341= IFCCARTESIANPOINT((-3.000,-10.000,0.000));
#4342= IFCDIRECTION((0.,0.,1.));
#4343= IFCDIRECTION((1.,0.,0.));
#4344= IFCAXIS2PLACEMENT3D(#4341,#4342,#4343);
#4345= IFCDIRECTION((0.,0.,1.));
#4346= IFCEXTRUDEDAREASOLID(#4340,#4344,#4345,4.000);
#4347= IFCSHAPEREPRESENTATION(#10,'Body','SweptSolid',(#4346));
#4348= IFCPRODUCTDEFINITIONSHAPE($,$,(#4347));
#4349= IFCLOCALPLACEMENT(#3945,#9);
#4350= IFCCOLUMN('MJLCOL0040016000000000',#5,'L04 - Column -03/-10',$,$,#4349,#4348,$);
#4351= IFCPROPERTYSINGLEVALUE('AssetReference',$,IFCLABEL('COL-04-016'),$);
#4352= IFCPROPERTYSINGLEVALUE('Level',$,IFCLABEL('Level 04'),$);
#4353= IFCPROPERTYSINGLEVALUE('System',$,IFCLABEL('Structure'),$);
#4354= IFCPROPERTYSINGLEVALUE('Status',$,IFCLABEL('Issued for Coordination'),$);
#4355= IFCPROPERTYSINGLEVALUE('FireRating',$,IFCLABEL('120 min'),$);
#4356= IFCPROPERTYSET('MJLPSET040166000000000',#5,'Pset_MajalAsset',$,(#4351,#4352,#4353,#4354,#4355));
#4357= IFCRELDEFINESBYPROPERTIES('MJLRPS0040166000000000',#5,$,$,(#4350),#4356);
#4358= IFCQUANTITYAREA('GrossArea',$,$,2.200,$);
#4359= IFCQUANTITYVOLUME('GrossVolume',$,$,1.210,$);
#4360= IFCQUANTITYCOUNT('Count',$,$,1.,$);
#4361= IFCELEMENTQUANTITY('MJLQTO0040166000000000',#5,'BaseQuantities',$,$,(#4358,#4359,#4360));
#4362= IFCRELDEFINESBYPROPERTIES('MJLRQT0040166000000000',#5,$,$,(#4350),#4361);
#4363= IFCCARTESIANPOINT((0.,0.));
#4364= IFCDIRECTION((1.,0.));
#4365= IFCAXIS2PLACEMENT2D(#4363,#4364);
#4366= IFCRECTANGLEPROFILEDEF(.AREA.,$,#4365,0.550,0.550);
#4367= IFCCARTESIANPOINT((-3.000,0.000,0.000));
#4368= IFCDIRECTION((0.,0.,1.));
#4369= IFCDIRECTION((1.,0.,0.));
#4370= IFCAXIS2PLACEMENT3D(#4367,#4368,#4369);
#4371= IFCDIRECTION((0.,0.,1.));
#4372= IFCEXTRUDEDAREASOLID(#4366,#4370,#4371,4.000);
#4373= IFCSHAPEREPRESENTATION(#10,'Body','SweptSolid',(#4372));
#4374= IFCPRODUCTDEFINITIONSHAPE($,$,(#4373));
#4375= IFCLOCALPLACEMENT(#3945,#9);
#4376= IFCCOLUMN('MJLCOL0040017000000000',#5,'L04 - Column -03/+00',$,$,#4375,#4374,$);
#4377= IFCPROPERTYSINGLEVALUE('AssetReference',$,IFCLABEL('COL-04-017'),$);
#4378= IFCPROPERTYSINGLEVALUE('Level',$,IFCLABEL('Level 04'),$);
#4379= IFCPROPERTYSINGLEVALUE('System',$,IFCLABEL('Structure'),$);
#4380= IFCPROPERTYSINGLEVALUE('Status',$,IFCLABEL('Issued for Coordination'),$);
#4381= IFCPROPERTYSINGLEVALUE('FireRating',$,IFCLABEL('120 min'),$);
#4382= IFCPROPERTYSET('MJLPSET040167000000000',#5,'Pset_MajalAsset',$,(#4377,#4378,#4379,#4380,#4381));
#4383= IFCRELDEFINESBYPROPERTIES('MJLRPS0040167000000000',#5,$,$,(#4376),#4382);
#4384= IFCQUANTITYAREA('GrossArea',$,$,2.200,$);
#4385= IFCQUANTITYVOLUME('GrossVolume',$,$,1.210,$);
#4386= IFCQUANTITYCOUNT('Count',$,$,1.,$);
#4387= IFCELEMENTQUANTITY('MJLQTO0040167000000000',#5,'BaseQuantities',$,$,(#4384,#4385,#4386));
#4388= IFCRELDEFINESBYPROPERTIES('MJLRQT0040167000000000',#5,$,$,(#4376),#4387);
#4389= IFCCARTESIANPOINT((0.,0.));
#4390= IFCDIRECTION((1.,0.));
#4391= IFCAXIS2PLACEMENT2D(#4389,#4390);
#4392= IFCRECTANGLEPROFILEDEF(.AREA.,$,#4391,0.550,0.550);
#4393= IFCCARTESIANPOINT((-3.000,10.000,0.000));
#4394= IFCDIRECTION((0.,0.,1.));
#4395= IFCDIRECTION((1.,0.,0.));
#4396= IFCAXIS2PLACEMENT3D(#4393,#4394,#4395);
#4397= IFCDIRECTION((0.,0.,1.));
#4398= IFCEXTRUDEDAREASOLID(#4392,#4396,#4397,4.000);
#4399= IFCSHAPEREPRESENTATION(#10,'Body','SweptSolid',(#4398));
#4400= IFCPRODUCTDEFINITIONSHAPE($,$,(#4399));
#4401= IFCLOCALPLACEMENT(#3945,#9);
#4402= IFCCOLUMN('MJLCOL0040018000000000',#5,'L04 - Column -03/+10',$,$,#4401,#4400,$);
#4403= IFCPROPERTYSINGLEVALUE('AssetReference',$,IFCLABEL('COL-04-018'),$);
#4404= IFCPROPERTYSINGLEVALUE('Level',$,IFCLABEL('Level 04'),$);
#4405= IFCPROPERTYSINGLEVALUE('System',$,IFCLABEL('Structure'),$);
#4406= IFCPROPERTYSINGLEVALUE('Status',$,IFCLABEL('Issued for Coordination'),$);
#4407= IFCPROPERTYSINGLEVALUE('FireRating',$,IFCLABEL('120 min'),$);
#4408= IFCPROPERTYSET('MJLPSET040168000000000',#5,'Pset_MajalAsset',$,(#4403,#4404,#4405,#4406,#4407));
#4409= IFCRELDEFINESBYPROPERTIES('MJLRPS0040168000000000',#5,$,$,(#4402),#4408);
#4410= IFCQUANTITYAREA('GrossArea',$,$,2.200,$);
#4411= IFCQUANTITYVOLUME('GrossVolume',$,$,1.210,$);
#4412= IFCQUANTITYCOUNT('Count',$,$,1.,$);
#4413= IFCELEMENTQUANTITY('MJLQTO0040168000000000',#5,'BaseQuantities',$,$,(#4410,#4411,#4412));
#4414= IFCRELDEFINESBYPROPERTIES('MJLRQT0040168000000000',#5,$,$,(#4402),#4413);
#4415= IFCCARTESIANPOINT((0.,0.));
#4416= IFCDIRECTION((1.,0.));
#4417= IFCAXIS2PLACEMENT2D(#4415,#4416);
#4418= IFCRECTANGLEPROFILEDEF(.AREA.,$,#4417,0.550,0.550);
#4419= IFCCARTESIANPOINT((3.000,-10.000,0.000));
#4420= IFCDIRECTION((0.,0.,1.));
#4421= IFCDIRECTION((1.,0.,0.));
#4422= IFCAXIS2PLACEMENT3D(#4419,#4420,#4421);
#4423= IFCDIRECTION((0.,0.,1.));
#4424= IFCEXTRUDEDAREASOLID(#4418,#4422,#4423,4.000);
#4425= IFCSHAPEREPRESENTATION(#10,'Body','SweptSolid',(#4424));
#4426= IFCPRODUCTDEFINITIONSHAPE($,$,(#4425));
#4427= IFCLOCALPLACEMENT(#3945,#9);
#4428= IFCCOLUMN('MJLCOL0040019000000000',#5,'L04 - Column +03/-10',$,$,#4427,#4426,$);
#4429= IFCPROPERTYSINGLEVALUE('AssetReference',$,IFCLABEL('COL-04-019'),$);
#4430= IFCPROPERTYSINGLEVALUE('Level',$,IFCLABEL('Level 04'),$);
#4431= IFCPROPERTYSINGLEVALUE('System',$,IFCLABEL('Structure'),$);
#4432= IFCPROPERTYSINGLEVALUE('Status',$,IFCLABEL('Issued for Coordination'),$);
#4433= IFCPROPERTYSINGLEVALUE('FireRating',$,IFCLABEL('120 min'),$);
#4434= IFCPROPERTYSET('MJLPSET040169000000000',#5,'Pset_MajalAsset',$,(#4429,#4430,#4431,#4432,#4433));
#4435= IFCRELDEFINESBYPROPERTIES('MJLRPS0040169000000000',#5,$,$,(#4428),#4434);
#4436= IFCQUANTITYAREA('GrossArea',$,$,2.200,$);
#4437= IFCQUANTITYVOLUME('GrossVolume',$,$,1.210,$);
#4438= IFCQUANTITYCOUNT('Count',$,$,1.,$);
#4439= IFCELEMENTQUANTITY('MJLQTO0040169000000000',#5,'BaseQuantities',$,$,(#4436,#4437,#4438));
#4440= IFCRELDEFINESBYPROPERTIES('MJLRQT0040169000000000',#5,$,$,(#4428),#4439);
#4441= IFCCARTESIANPOINT((0.,0.));
#4442= IFCDIRECTION((1.,0.));
#4443= IFCAXIS2PLACEMENT2D(#4441,#4442);
#4444= IFCRECTANGLEPROFILEDEF(.AREA.,$,#4443,0.550,0.550);
#4445= IFCCARTESIANPOINT((3.000,0.000,0.000));
#4446= IFCDIRECTION((0.,0.,1.));
#4447= IFCDIRECTION((1.,0.,0.));
#4448= IFCAXIS2PLACEMENT3D(#4445,#4446,#4447);
#4449= IFCDIRECTION((0.,0.,1.));
#4450= IFCEXTRUDEDAREASOLID(#4444,#4448,#4449,4.000);
#4451= IFCSHAPEREPRESENTATION(#10,'Body','SweptSolid',(#4450));
#4452= IFCPRODUCTDEFINITIONSHAPE($,$,(#4451));
#4453= IFCLOCALPLACEMENT(#3945,#9);
#4454= IFCCOLUMN('MJLCOL0040020000000000',#5,'L04 - Column +03/+00',$,$,#4453,#4452,$);
#4455= IFCPROPERTYSINGLEVALUE('AssetReference',$,IFCLABEL('COL-04-020'),$);
#4456= IFCPROPERTYSINGLEVALUE('Level',$,IFCLABEL('Level 04'),$);
#4457= IFCPROPERTYSINGLEVALUE('System',$,IFCLABEL('Structure'),$);
#4458= IFCPROPERTYSINGLEVALUE('Status',$,IFCLABEL('Issued for Coordination'),$);
#4459= IFCPROPERTYSINGLEVALUE('FireRating',$,IFCLABEL('120 min'),$);
#4460= IFCPROPERTYSET('MJLPSET040170000000000',#5,'Pset_MajalAsset',$,(#4455,#4456,#4457,#4458,#4459));
#4461= IFCRELDEFINESBYPROPERTIES('MJLRPS0040170000000000',#5,$,$,(#4454),#4460);
#4462= IFCQUANTITYAREA('GrossArea',$,$,2.200,$);
#4463= IFCQUANTITYVOLUME('GrossVolume',$,$,1.210,$);
#4464= IFCQUANTITYCOUNT('Count',$,$,1.,$);
#4465= IFCELEMENTQUANTITY('MJLQTO0040170000000000',#5,'BaseQuantities',$,$,(#4462,#4463,#4464));
#4466= IFCRELDEFINESBYPROPERTIES('MJLRQT0040170000000000',#5,$,$,(#4454),#4465);
#4467= IFCCARTESIANPOINT((0.,0.));
#4468= IFCDIRECTION((1.,0.));
#4469= IFCAXIS2PLACEMENT2D(#4467,#4468);
#4470= IFCRECTANGLEPROFILEDEF(.AREA.,$,#4469,0.550,0.550);
#4471= IFCCARTESIANPOINT((3.000,10.000,0.000));
#4472= IFCDIRECTION((0.,0.,1.));
#4473= IFCDIRECTION((1.,0.,0.));
#4474= IFCAXIS2PLACEMENT3D(#4471,#4472,#4473);
#4475= IFCDIRECTION((0.,0.,1.));
#4476= IFCEXTRUDEDAREASOLID(#4470,#4474,#4475,4.000);
#4477= IFCSHAPEREPRESENTATION(#10,'Body','SweptSolid',(#4476));
#4478= IFCPRODUCTDEFINITIONSHAPE($,$,(#4477));
#4479= IFCLOCALPLACEMENT(#3945,#9);
#4480= IFCCOLUMN('MJLCOL0040021000000000',#5,'L04 - Column +03/+10',$,$,#4479,#4478,$);
#4481= IFCPROPERTYSINGLEVALUE('AssetReference',$,IFCLABEL('COL-04-021'),$);
#4482= IFCPROPERTYSINGLEVALUE('Level',$,IFCLABEL('Level 04'),$);
#4483= IFCPROPERTYSINGLEVALUE('System',$,IFCLABEL('Structure'),$);
#4484= IFCPROPERTYSINGLEVALUE('Status',$,IFCLABEL('Issued for Coordination'),$);
#4485= IFCPROPERTYSINGLEVALUE('FireRating',$,IFCLABEL('120 min'),$);
#4486= IFCPROPERTYSET('MJLPSET040171000000000',#5,'Pset_MajalAsset',$,(#4481,#4482,#4483,#4484,#4485));
#4487= IFCRELDEFINESBYPROPERTIES('MJLRPS0040171000000000',#5,$,$,(#4480),#4486);
#4488= IFCQUANTITYAREA('GrossArea',$,$,2.200,$);
#4489= IFCQUANTITYVOLUME('GrossVolume',$,$,1.210,$);
#4490= IFCQUANTITYCOUNT('Count',$,$,1.,$);
#4491= IFCELEMENTQUANTITY('MJLQTO0040171000000000',#5,'BaseQuantities',$,$,(#4488,#4489,#4490));
#4492= IFCRELDEFINESBYPROPERTIES('MJLRQT0040171000000000',#5,$,$,(#4480),#4491);
#4493= IFCCARTESIANPOINT((0.,0.));
#4494= IFCDIRECTION((1.,0.));
#4495= IFCAXIS2PLACEMENT2D(#4493,#4494);
#4496= IFCRECTANGLEPROFILEDEF(.AREA.,$,#4495,0.550,0.550);
#4497= IFCCARTESIANPOINT((9.000,-10.000,0.000));
#4498= IFCDIRECTION((0.,0.,1.));
#4499= IFCDIRECTION((1.,0.,0.));
#4500= IFCAXIS2PLACEMENT3D(#4497,#4498,#4499);
#4501= IFCDIRECTION((0.,0.,1.));
#4502= IFCEXTRUDEDAREASOLID(#4496,#4500,#4501,4.000);
#4503= IFCSHAPEREPRESENTATION(#10,'Body','SweptSolid',(#4502));
#4504= IFCPRODUCTDEFINITIONSHAPE($,$,(#4503));
#4505= IFCLOCALPLACEMENT(#3945,#9);
#4506= IFCCOLUMN('MJLCOL0040022000000000',#5,'L04 - Column +09/-10',$,$,#4505,#4504,$);
#4507= IFCPROPERTYSINGLEVALUE('AssetReference',$,IFCLABEL('COL-04-022'),$);
#4508= IFCPROPERTYSINGLEVALUE('Level',$,IFCLABEL('Level 04'),$);
#4509= IFCPROPERTYSINGLEVALUE('System',$,IFCLABEL('Structure'),$);
#4510= IFCPROPERTYSINGLEVALUE('Status',$,IFCLABEL('Issued for Coordination'),$);
#4511= IFCPROPERTYSINGLEVALUE('FireRating',$,IFCLABEL('120 min'),$);
#4512= IFCPROPERTYSET('MJLPSET040172000000000',#5,'Pset_MajalAsset',$,(#4507,#4508,#4509,#4510,#4511));
#4513= IFCRELDEFINESBYPROPERTIES('MJLRPS0040172000000000',#5,$,$,(#4506),#4512);
#4514= IFCQUANTITYAREA('GrossArea',$,$,2.200,$);
#4515= IFCQUANTITYVOLUME('GrossVolume',$,$,1.210,$);
#4516= IFCQUANTITYCOUNT('Count',$,$,1.,$);
#4517= IFCELEMENTQUANTITY('MJLQTO0040172000000000',#5,'BaseQuantities',$,$,(#4514,#4515,#4516));
#4518= IFCRELDEFINESBYPROPERTIES('MJLRQT0040172000000000',#5,$,$,(#4506),#4517);
#4519= IFCCARTESIANPOINT((0.,0.));
#4520= IFCDIRECTION((1.,0.));
#4521= IFCAXIS2PLACEMENT2D(#4519,#4520);
#4522= IFCRECTANGLEPROFILEDEF(.AREA.,$,#4521,0.550,0.550);
#4523= IFCCARTESIANPOINT((9.000,0.000,0.000));
#4524= IFCDIRECTION((0.,0.,1.));
#4525= IFCDIRECTION((1.,0.,0.));
#4526= IFCAXIS2PLACEMENT3D(#4523,#4524,#4525);
#4527= IFCDIRECTION((0.,0.,1.));
#4528= IFCEXTRUDEDAREASOLID(#4522,#4526,#4527,4.000);
#4529= IFCSHAPEREPRESENTATION(#10,'Body','SweptSolid',(#4528));
#4530= IFCPRODUCTDEFINITIONSHAPE($,$,(#4529));
#4531= IFCLOCALPLACEMENT(#3945,#9);
#4532= IFCCOLUMN('MJLCOL0040023000000000',#5,'L04 - Column +09/+00',$,$,#4531,#4530,$);
#4533= IFCPROPERTYSINGLEVALUE('AssetReference',$,IFCLABEL('COL-04-023'),$);
#4534= IFCPROPERTYSINGLEVALUE('Level',$,IFCLABEL('Level 04'),$);
#4535= IFCPROPERTYSINGLEVALUE('System',$,IFCLABEL('Structure'),$);
#4536= IFCPROPERTYSINGLEVALUE('Status',$,IFCLABEL('Issued for Coordination'),$);
#4537= IFCPROPERTYSINGLEVALUE('FireRating',$,IFCLABEL('120 min'),$);
#4538= IFCPROPERTYSET('MJLPSET040173000000000',#5,'Pset_MajalAsset',$,(#4533,#4534,#4535,#4536,#4537));
#4539= IFCRELDEFINESBYPROPERTIES('MJLRPS0040173000000000',#5,$,$,(#4532),#4538);
#4540= IFCQUANTITYAREA('GrossArea',$,$,2.200,$);
#4541= IFCQUANTITYVOLUME('GrossVolume',$,$,1.210,$);
#4542= IFCQUANTITYCOUNT('Count',$,$,1.,$);
#4543= IFCELEMENTQUANTITY('MJLQTO0040173000000000',#5,'BaseQuantities',$,$,(#4540,#4541,#4542));
#4544= IFCRELDEFINESBYPROPERTIES('MJLRQT0040173000000000',#5,$,$,(#4532),#4543);
#4545= IFCCARTESIANPOINT((0.,0.));
#4546= IFCDIRECTION((1.,0.));
#4547= IFCAXIS2PLACEMENT2D(#4545,#4546);
#4548= IFCRECTANGLEPROFILEDEF(.AREA.,$,#4547,0.550,0.550);
#4549= IFCCARTESIANPOINT((9.000,10.000,0.000));
#4550= IFCDIRECTION((0.,0.,1.));
#4551= IFCDIRECTION((1.,0.,0.));
#4552= IFCAXIS2PLACEMENT3D(#4549,#4550,#4551);
#4553= IFCDIRECTION((0.,0.,1.));
#4554= IFCEXTRUDEDAREASOLID(#4548,#4552,#4553,4.000);
#4555= IFCSHAPEREPRESENTATION(#10,'Body','SweptSolid',(#4554));
#4556= IFCPRODUCTDEFINITIONSHAPE($,$,(#4555));
#4557= IFCLOCALPLACEMENT(#3945,#9);
#4558= IFCCOLUMN('MJLCOL0040024000000000',#5,'L04 - Column +09/+10',$,$,#4557,#4556,$);
#4559= IFCPROPERTYSINGLEVALUE('AssetReference',$,IFCLABEL('COL-04-024'),$);
#4560= IFCPROPERTYSINGLEVALUE('Level',$,IFCLABEL('Level 04'),$);
#4561= IFCPROPERTYSINGLEVALUE('System',$,IFCLABEL('Structure'),$);
#4562= IFCPROPERTYSINGLEVALUE('Status',$,IFCLABEL('Issued for Coordination'),$);
#4563= IFCPROPERTYSINGLEVALUE('FireRating',$,IFCLABEL('120 min'),$);
#4564= IFCPROPERTYSET('MJLPSET040174000000000',#5,'Pset_MajalAsset',$,(#4559,#4560,#4561,#4562,#4563));
#4565= IFCRELDEFINESBYPROPERTIES('MJLRPS0040174000000000',#5,$,$,(#4558),#4564);
#4566= IFCQUANTITYAREA('GrossArea',$,$,2.200,$);
#4567= IFCQUANTITYVOLUME('GrossVolume',$,$,1.210,$);
#4568= IFCQUANTITYCOUNT('Count',$,$,1.,$);
#4569= IFCELEMENTQUANTITY('MJLQTO0040174000000000',#5,'BaseQuantities',$,$,(#4566,#4567,#4568));
#4570= IFCRELDEFINESBYPROPERTIES('MJLRQT0040174000000000',#5,$,$,(#4558),#4569);
#4571= IFCCARTESIANPOINT((0.,0.));
#4572= IFCDIRECTION((1.,0.));
#4573= IFCAXIS2PLACEMENT2D(#4571,#4572);
#4574= IFCRECTANGLEPROFILEDEF(.AREA.,$,#4573,0.550,0.550);
#4575= IFCCARTESIANPOINT((15.000,-10.000,0.000));
#4576= IFCDIRECTION((0.,0.,1.));
#4577= IFCDIRECTION((1.,0.,0.));
#4578= IFCAXIS2PLACEMENT3D(#4575,#4576,#4577);
#4579= IFCDIRECTION((0.,0.,1.));
#4580= IFCEXTRUDEDAREASOLID(#4574,#4578,#4579,4.000);
#4581= IFCSHAPEREPRESENTATION(#10,'Body','SweptSolid',(#4580));
#4582= IFCPRODUCTDEFINITIONSHAPE($,$,(#4581));
#4583= IFCLOCALPLACEMENT(#3945,#9);
#4584= IFCCOLUMN('MJLCOL0040025000000000',#5,'L04 - Column +15/-10',$,$,#4583,#4582,$);
#4585= IFCPROPERTYSINGLEVALUE('AssetReference',$,IFCLABEL('COL-04-025'),$);
#4586= IFCPROPERTYSINGLEVALUE('Level',$,IFCLABEL('Level 04'),$);
#4587= IFCPROPERTYSINGLEVALUE('System',$,IFCLABEL('Structure'),$);
#4588= IFCPROPERTYSINGLEVALUE('Status',$,IFCLABEL('Issued for Coordination'),$);
#4589= IFCPROPERTYSINGLEVALUE('FireRating',$,IFCLABEL('120 min'),$);
#4590= IFCPROPERTYSET('MJLPSET040175000000000',#5,'Pset_MajalAsset',$,(#4585,#4586,#4587,#4588,#4589));
#4591= IFCRELDEFINESBYPROPERTIES('MJLRPS0040175000000000',#5,$,$,(#4584),#4590);
#4592= IFCQUANTITYAREA('GrossArea',$,$,2.200,$);
#4593= IFCQUANTITYVOLUME('GrossVolume',$,$,1.210,$);
#4594= IFCQUANTITYCOUNT('Count',$,$,1.,$);
#4595= IFCELEMENTQUANTITY('MJLQTO0040175000000000',#5,'BaseQuantities',$,$,(#4592,#4593,#4594));
#4596= IFCRELDEFINESBYPROPERTIES('MJLRQT0040175000000000',#5,$,$,(#4584),#4595);
#4597= IFCCARTESIANPOINT((0.,0.));
#4598= IFCDIRECTION((1.,0.));
#4599= IFCAXIS2PLACEMENT2D(#4597,#4598);
#4600= IFCRECTANGLEPROFILEDEF(.AREA.,$,#4599,0.550,0.550);
#4601= IFCCARTESIANPOINT((15.000,0.000,0.000));
#4602= IFCDIRECTION((0.,0.,1.));
#4603= IFCDIRECTION((1.,0.,0.));
#4604= IFCAXIS2PLACEMENT3D(#4601,#4602,#4603);
#4605= IFCDIRECTION((0.,0.,1.));
#4606= IFCEXTRUDEDAREASOLID(#4600,#4604,#4605,4.000);
#4607= IFCSHAPEREPRESENTATION(#10,'Body','SweptSolid',(#4606));
#4608= IFCPRODUCTDEFINITIONSHAPE($,$,(#4607));
#4609= IFCLOCALPLACEMENT(#3945,#9);
#4610= IFCCOLUMN('MJLCOL0040026000000000',#5,'L04 - Column +15/+00',$,$,#4609,#4608,$);
#4611= IFCPROPERTYSINGLEVALUE('AssetReference',$,IFCLABEL('COL-04-026'),$);
#4612= IFCPROPERTYSINGLEVALUE('Level',$,IFCLABEL('Level 04'),$);
#4613= IFCPROPERTYSINGLEVALUE('System',$,IFCLABEL('Structure'),$);
#4614= IFCPROPERTYSINGLEVALUE('Status',$,IFCLABEL('Issued for Coordination'),$);
#4615= IFCPROPERTYSINGLEVALUE('FireRating',$,IFCLABEL('120 min'),$);
#4616= IFCPROPERTYSET('MJLPSET040176000000000',#5,'Pset_MajalAsset',$,(#4611,#4612,#4613,#4614,#4615));
#4617= IFCRELDEFINESBYPROPERTIES('MJLRPS0040176000000000',#5,$,$,(#4610),#4616);
#4618= IFCQUANTITYAREA('GrossArea',$,$,2.200,$);
#4619= IFCQUANTITYVOLUME('GrossVolume',$,$,1.210,$);
#4620= IFCQUANTITYCOUNT('Count',$,$,1.,$);
#4621= IFCELEMENTQUANTITY('MJLQTO0040176000000000',#5,'BaseQuantities',$,$,(#4618,#4619,#4620));
#4622= IFCRELDEFINESBYPROPERTIES('MJLRQT0040176000000000',#5,$,$,(#4610),#4621);
#4623= IFCCARTESIANPOINT((0.,0.));
#4624= IFCDIRECTION((1.,0.));
#4625= IFCAXIS2PLACEMENT2D(#4623,#4624);
#4626= IFCRECTANGLEPROFILEDEF(.AREA.,$,#4625,0.550,0.550);
#4627= IFCCARTESIANPOINT((15.000,10.000,0.000));
#4628= IFCDIRECTION((0.,0.,1.));
#4629= IFCDIRECTION((1.,0.,0.));
#4630= IFCAXIS2PLACEMENT3D(#4627,#4628,#4629);
#4631= IFCDIRECTION((0.,0.,1.));
#4632= IFCEXTRUDEDAREASOLID(#4626,#4630,#4631,4.000);
#4633= IFCSHAPEREPRESENTATION(#10,'Body','SweptSolid',(#4632));
#4634= IFCPRODUCTDEFINITIONSHAPE($,$,(#4633));
#4635= IFCLOCALPLACEMENT(#3945,#9);
#4636= IFCCOLUMN('MJLCOL0040027000000000',#5,'L04 - Column +15/+10',$,$,#4635,#4634,$);
#4637= IFCPROPERTYSINGLEVALUE('AssetReference',$,IFCLABEL('COL-04-027'),$);
#4638= IFCPROPERTYSINGLEVALUE('Level',$,IFCLABEL('Level 04'),$);
#4639= IFCPROPERTYSINGLEVALUE('System',$,IFCLABEL('Structure'),$);
#4640= IFCPROPERTYSINGLEVALUE('Status',$,IFCLABEL('Issued for Coordination'),$);
#4641= IFCPROPERTYSINGLEVALUE('FireRating',$,IFCLABEL('120 min'),$);
#4642= IFCPROPERTYSET('MJLPSET040177000000000',#5,'Pset_MajalAsset',$,(#4637,#4638,#4639,#4640,#4641));
#4643= IFCRELDEFINESBYPROPERTIES('MJLRPS0040177000000000',#5,$,$,(#4636),#4642);
#4644= IFCQUANTITYAREA('GrossArea',$,$,2.200,$);
#4645= IFCQUANTITYVOLUME('GrossVolume',$,$,1.210,$);
#4646= IFCQUANTITYCOUNT('Count',$,$,1.,$);
#4647= IFCELEMENTQUANTITY('MJLQTO0040177000000000',#5,'BaseQuantities',$,$,(#4644,#4645,#4646));
#4648= IFCRELDEFINESBYPROPERTIES('MJLRQT0040177000000000',#5,$,$,(#4636),#4647);
#4649= IFCCARTESIANPOINT((0.,0.));
#4650= IFCDIRECTION((1.,0.));
#4651= IFCAXIS2PLACEMENT2D(#4649,#4650);
#4652= IFCRECTANGLEPROFILEDEF(.AREA.,$,#4651,36.000,0.400);
#4653= IFCCARTESIANPOINT((0.000,-10.000,0.000));
#4654= IFCDIRECTION((0.,0.,1.));
#4655= IFCDIRECTION((1.,0.,0.));
#4656= IFCAXIS2PLACEMENT3D(#4653,#4654,#4655);
#4657= IFCDIRECTION((0.,0.,1.));
#4658= IFCEXTRUDEDAREASOLID(#4652,#4656,#4657,0.650);
#4659= IFCSHAPEREPRESENTATION(#10,'Body','SweptSolid',(#4658));
#4660= IFCPRODUCTDEFINITIONSHAPE($,$,(#4659));
#4661= IFCLOCALPLACEMENT(#3945,#9);
#4662= IFCBEAM('MJLBEAM040028000000000',#5,'L04 - Primary beam Y1',$,$,#4661,#4660,$);
#4663= IFCPROPERTYSINGLEVALUE('AssetReference',$,IFCLABEL('BEAM-04-028'),$);
#4664= IFCPROPERTYSINGLEVALUE('Level',$,IFCLABEL('Level 04'),$);
#4665= IFCPROPERTYSINGLEVALUE('System',$,IFCLABEL('Structure'),$);
#4666= IFCPROPERTYSINGLEVALUE('Status',$,IFCLABEL('Issued for Coordination'),$);
#4667= IFCPROPERTYSINGLEVALUE('FireRating',$,IFCLABEL('120 min'),$);
#4668= IFCPROPERTYSET('MJLPSET040178000000000',#5,'Pset_MajalAsset',$,(#4663,#4664,#4665,#4666,#4667));
#4669= IFCRELDEFINESBYPROPERTIES('MJLRPS0040178000000000',#5,$,$,(#4662),#4668);
#4670= IFCQUANTITYAREA('GrossArea',$,$,23.400,$);
#4671= IFCQUANTITYVOLUME('GrossVolume',$,$,9.360,$);
#4672= IFCQUANTITYCOUNT('Count',$,$,1.,$);
#4673= IFCELEMENTQUANTITY('MJLQTO0040178000000000',#5,'BaseQuantities',$,$,(#4670,#4671,#4672));
#4674= IFCRELDEFINESBYPROPERTIES('MJLRQT0040178000000000',#5,$,$,(#4662),#4673);
#4675= IFCCARTESIANPOINT((0.,0.));
#4676= IFCDIRECTION((1.,0.));
#4677= IFCAXIS2PLACEMENT2D(#4675,#4676);
#4678= IFCRECTANGLEPROFILEDEF(.AREA.,$,#4677,36.000,0.400);
#4679= IFCCARTESIANPOINT((0.000,0.000,0.000));
#4680= IFCDIRECTION((0.,0.,1.));
#4681= IFCDIRECTION((1.,0.,0.));
#4682= IFCAXIS2PLACEMENT3D(#4679,#4680,#4681);
#4683= IFCDIRECTION((0.,0.,1.));
#4684= IFCEXTRUDEDAREASOLID(#4678,#4682,#4683,0.650);
#4685= IFCSHAPEREPRESENTATION(#10,'Body','SweptSolid',(#4684));
#4686= IFCPRODUCTDEFINITIONSHAPE($,$,(#4685));
#4687= IFCLOCALPLACEMENT(#3945,#9);
#4688= IFCBEAM('MJLBEAM040029000000000',#5,'L04 - Primary beam Y2',$,$,#4687,#4686,$);
#4689= IFCPROPERTYSINGLEVALUE('AssetReference',$,IFCLABEL('BEAM-04-029'),$);
#4690= IFCPROPERTYSINGLEVALUE('Level',$,IFCLABEL('Level 04'),$);
#4691= IFCPROPERTYSINGLEVALUE('System',$,IFCLABEL('Structure'),$);
#4692= IFCPROPERTYSINGLEVALUE('Status',$,IFCLABEL('Issued for Coordination'),$);
#4693= IFCPROPERTYSINGLEVALUE('FireRating',$,IFCLABEL('120 min'),$);
#4694= IFCPROPERTYSET('MJLPSET040179000000000',#5,'Pset_MajalAsset',$,(#4689,#4690,#4691,#4692,#4693));
#4695= IFCRELDEFINESBYPROPERTIES('MJLRPS0040179000000000',#5,$,$,(#4688),#4694);
#4696= IFCQUANTITYAREA('GrossArea',$,$,23.400,$);
#4697= IFCQUANTITYVOLUME('GrossVolume',$,$,9.360,$);
#4698= IFCQUANTITYCOUNT('Count',$,$,1.,$);
#4699= IFCELEMENTQUANTITY('MJLQTO0040179000000000',#5,'BaseQuantities',$,$,(#4696,#4697,#4698));
#4700= IFCRELDEFINESBYPROPERTIES('MJLRQT0040179000000000',#5,$,$,(#4688),#4699);
#4701= IFCCARTESIANPOINT((0.,0.));
#4702= IFCDIRECTION((1.,0.));
#4703= IFCAXIS2PLACEMENT2D(#4701,#4702);
#4704= IFCRECTANGLEPROFILEDEF(.AREA.,$,#4703,36.000,0.400);
#4705= IFCCARTESIANPOINT((0.000,10.000,0.000));
#4706= IFCDIRECTION((0.,0.,1.));
#4707= IFCDIRECTION((1.,0.,0.));
#4708= IFCAXIS2PLACEMENT3D(#4705,#4706,#4707);
#4709= IFCDIRECTION((0.,0.,1.));
#4710= IFCEXTRUDEDAREASOLID(#4704,#4708,#4709,0.650);
#4711= IFCSHAPEREPRESENTATION(#10,'Body','SweptSolid',(#4710));
#4712= IFCPRODUCTDEFINITIONSHAPE($,$,(#4711));
#4713= IFCLOCALPLACEMENT(#3945,#9);
#4714= IFCBEAM('MJLBEAM040030000000000',#5,'L04 - Primary beam Y3',$,$,#4713,#4712,$);
#4715= IFCPROPERTYSINGLEVALUE('AssetReference',$,IFCLABEL('BEAM-04-030'),$);
#4716= IFCPROPERTYSINGLEVALUE('Level',$,IFCLABEL('Level 04'),$);
#4717= IFCPROPERTYSINGLEVALUE('System',$,IFCLABEL('Structure'),$);
#4718= IFCPROPERTYSINGLEVALUE('Status',$,IFCLABEL('Issued for Coordination'),$);
#4719= IFCPROPERTYSINGLEVALUE('FireRating',$,IFCLABEL('120 min'),$);
#4720= IFCPROPERTYSET('MJLPSET040180000000000',#5,'Pset_MajalAsset',$,(#4715,#4716,#4717,#4718,#4719));
#4721= IFCRELDEFINESBYPROPERTIES('MJLRPS0040180000000000',#5,$,$,(#4714),#4720);
#4722= IFCQUANTITYAREA('GrossArea',$,$,23.400,$);
#4723= IFCQUANTITYVOLUME('GrossVolume',$,$,9.360,$);
#4724= IFCQUANTITYCOUNT('Count',$,$,1.,$);
#4725= IFCELEMENTQUANTITY('MJLQTO0040180000000000',#5,'BaseQuantities',$,$,(#4722,#4723,#4724));
#4726= IFCRELDEFINESBYPROPERTIES('MJLRQT0040180000000000',#5,$,$,(#4714),#4725);
#4727= IFCCARTESIANPOINT((0.,0.));
#4728= IFCDIRECTION((1.,0.));
#4729= IFCAXIS2PLACEMENT2D(#4727,#4728);
#4730= IFCRECTANGLEPROFILEDEF(.AREA.,$,#4729,0.400,26.000);
#4731= IFCCARTESIANPOINT((-15.000,0.000,0.000));
#4732= IFCDIRECTION((0.,0.,1.));
#4733= IFCDIRECTION((1.,0.,0.));
#4734= IFCAXIS2PLACEMENT3D(#4731,#4732,#4733);
#4735= IFCDIRECTION((0.,0.,1.));
#4736= IFCEXTRUDEDAREASOLID(#4730,#4734,#4735,0.550);
#4737= IFCSHAPEREPRESENTATION(#10,'Body','SweptSolid',(#4736));
#4738= IFCPRODUCTDEFINITIONSHAPE($,$,(#4737));
#4739= IFCLOCALPLACEMENT(#3945,#9);
#4740= IFCBEAM('MJLBEAM040031000000000',#5,'L04 - Secondary beam X1',$,$,#4739,#4738,$);
#4741= IFCPROPERTYSINGLEVALUE('AssetReference',$,IFCLABEL('BEAM-04-031'),$);
#4742= IFCPROPERTYSINGLEVALUE('Level',$,IFCLABEL('Level 04'),$);
#4743= IFCPROPERTYSINGLEVALUE('System',$,IFCLABEL('Structure'),$);
#4744= IFCPROPERTYSINGLEVALUE('Status',$,IFCLABEL('Issued for Coordination'),$);
#4745= IFCPROPERTYSINGLEVALUE('FireRating',$,IFCLABEL('120 min'),$);
#4746= IFCPROPERTYSET('MJLPSET040181000000000',#5,'Pset_MajalAsset',$,(#4741,#4742,#4743,#4744,#4745));
#4747= IFCRELDEFINESBYPROPERTIES('MJLRPS0040181000000000',#5,$,$,(#4740),#4746);
#4748= IFCQUANTITYAREA('GrossArea',$,$,10.400,$);
#4749= IFCQUANTITYVOLUME('GrossVolume',$,$,5.720,$);
#4750= IFCQUANTITYCOUNT('Count',$,$,1.,$);
#4751= IFCELEMENTQUANTITY('MJLQTO0040181000000000',#5,'BaseQuantities',$,$,(#4748,#4749,#4750));
#4752= IFCRELDEFINESBYPROPERTIES('MJLRQT0040181000000000',#5,$,$,(#4740),#4751);
#4753= IFCCARTESIANPOINT((0.,0.));
#4754= IFCDIRECTION((1.,0.));
#4755= IFCAXIS2PLACEMENT2D(#4753,#4754);
#4756= IFCRECTANGLEPROFILEDEF(.AREA.,$,#4755,0.400,26.000);
#4757= IFCCARTESIANPOINT((-5.000,0.000,0.000));
#4758= IFCDIRECTION((0.,0.,1.));
#4759= IFCDIRECTION((1.,0.,0.));
#4760= IFCAXIS2PLACEMENT3D(#4757,#4758,#4759);
#4761= IFCDIRECTION((0.,0.,1.));
#4762= IFCEXTRUDEDAREASOLID(#4756,#4760,#4761,0.550);
#4763= IFCSHAPEREPRESENTATION(#10,'Body','SweptSolid',(#4762));
#4764= IFCPRODUCTDEFINITIONSHAPE($,$,(#4763));
#4765= IFCLOCALPLACEMENT(#3945,#9);
#4766= IFCBEAM('MJLBEAM040032000000000',#5,'L04 - Secondary beam X2',$,$,#4765,#4764,$);
#4767= IFCPROPERTYSINGLEVALUE('AssetReference',$,IFCLABEL('BEAM-04-032'),$);
#4768= IFCPROPERTYSINGLEVALUE('Level',$,IFCLABEL('Level 04'),$);
#4769= IFCPROPERTYSINGLEVALUE('System',$,IFCLABEL('Structure'),$);
#4770= IFCPROPERTYSINGLEVALUE('Status',$,IFCLABEL('Issued for Coordination'),$);
#4771= IFCPROPERTYSINGLEVALUE('FireRating',$,IFCLABEL('120 min'),$);
#4772= IFCPROPERTYSET('MJLPSET040182000000000',#5,'Pset_MajalAsset',$,(#4767,#4768,#4769,#4770,#4771));
#4773= IFCRELDEFINESBYPROPERTIES('MJLRPS0040182000000000',#5,$,$,(#4766),#4772);
#4774= IFCQUANTITYAREA('GrossArea',$,$,10.400,$);
#4775= IFCQUANTITYVOLUME('GrossVolume',$,$,5.720,$);
#4776= IFCQUANTITYCOUNT('Count',$,$,1.,$);
#4777= IFCELEMENTQUANTITY('MJLQTO0040182000000000',#5,'BaseQuantities',$,$,(#4774,#4775,#4776));
#4778= IFCRELDEFINESBYPROPERTIES('MJLRQT0040182000000000',#5,$,$,(#4766),#4777);
#4779= IFCCARTESIANPOINT((0.,0.));
#4780= IFCDIRECTION((1.,0.));
#4781= IFCAXIS2PLACEMENT2D(#4779,#4780);
#4782= IFCRECTANGLEPROFILEDEF(.AREA.,$,#4781,0.400,26.000);
#4783= IFCCARTESIANPOINT((5.000,0.000,0.000));
#4784= IFCDIRECTION((0.,0.,1.));
#4785= IFCDIRECTION((1.,0.,0.));
#4786= IFCAXIS2PLACEMENT3D(#4783,#4784,#4785);
#4787= IFCDIRECTION((0.,0.,1.));
#4788= IFCEXTRUDEDAREASOLID(#4782,#4786,#4787,0.550);
#4789= IFCSHAPEREPRESENTATION(#10,'Body','SweptSolid',(#4788));
#4790= IFCPRODUCTDEFINITIONSHAPE($,$,(#4789));
#4791= IFCLOCALPLACEMENT(#3945,#9);
#4792= IFCBEAM('MJLBEAM040033000000000',#5,'L04 - Secondary beam X3',$,$,#4791,#4790,$);
#4793= IFCPROPERTYSINGLEVALUE('AssetReference',$,IFCLABEL('BEAM-04-033'),$);
#4794= IFCPROPERTYSINGLEVALUE('Level',$,IFCLABEL('Level 04'),$);
#4795= IFCPROPERTYSINGLEVALUE('System',$,IFCLABEL('Structure'),$);
#4796= IFCPROPERTYSINGLEVALUE('Status',$,IFCLABEL('Issued for Coordination'),$);
#4797= IFCPROPERTYSINGLEVALUE('FireRating',$,IFCLABEL('120 min'),$);
#4798= IFCPROPERTYSET('MJLPSET040183000000000',#5,'Pset_MajalAsset',$,(#4793,#4794,#4795,#4796,#4797));
#4799= IFCRELDEFINESBYPROPERTIES('MJLRPS0040183000000000',#5,$,$,(#4792),#4798);
#4800= IFCQUANTITYAREA('GrossArea',$,$,10.400,$);
#4801= IFCQUANTITYVOLUME('GrossVolume',$,$,5.720,$);
#4802= IFCQUANTITYCOUNT('Count',$,$,1.,$);
#4803= IFCELEMENTQUANTITY('MJLQTO0040183000000000',#5,'BaseQuantities',$,$,(#4800,#4801,#4802));
#4804= IFCRELDEFINESBYPROPERTIES('MJLRQT0040183000000000',#5,$,$,(#4792),#4803);
#4805= IFCCARTESIANPOINT((0.,0.));
#4806= IFCDIRECTION((1.,0.));
#4807= IFCAXIS2PLACEMENT2D(#4805,#4806);
#4808= IFCRECTANGLEPROFILEDEF(.AREA.,$,#4807,0.400,26.000);
#4809= IFCCARTESIANPOINT((15.000,0.000,0.000));
#4810= IFCDIRECTION((0.,0.,1.));
#4811= IFCDIRECTION((1.,0.,0.));
#4812= IFCAXIS2PLACEMENT3D(#4809,#4810,#4811);
#4813= IFCDIRECTION((0.,0.,1.));
#4814= IFCEXTRUDEDAREASOLID(#4808,#4812,#4813,0.550);
#4815= IFCSHAPEREPRESENTATION(#10,'Body','SweptSolid',(#4814));
#4816= IFCPRODUCTDEFINITIONSHAPE($,$,(#4815));
#4817= IFCLOCALPLACEMENT(#3945,#9);
#4818= IFCBEAM('MJLBEAM040034000000000',#5,'L04 - Secondary beam X4',$,$,#4817,#4816,$);
#4819= IFCPROPERTYSINGLEVALUE('AssetReference',$,IFCLABEL('BEAM-04-034'),$);
#4820= IFCPROPERTYSINGLEVALUE('Level',$,IFCLABEL('Level 04'),$);
#4821= IFCPROPERTYSINGLEVALUE('System',$,IFCLABEL('Structure'),$);
#4822= IFCPROPERTYSINGLEVALUE('Status',$,IFCLABEL('Issued for Coordination'),$);
#4823= IFCPROPERTYSINGLEVALUE('FireRating',$,IFCLABEL('120 min'),$);
#4824= IFCPROPERTYSET('MJLPSET040184000000000',#5,'Pset_MajalAsset',$,(#4819,#4820,#4821,#4822,#4823));
#4825= IFCRELDEFINESBYPROPERTIES('MJLRPS0040184000000000',#5,$,$,(#4818),#4824);
#4826= IFCQUANTITYAREA('GrossArea',$,$,10.400,$);
#4827= IFCQUANTITYVOLUME('GrossVolume',$,$,5.720,$);
#4828= IFCQUANTITYCOUNT('Count',$,$,1.,$);
#4829= IFCELEMENTQUANTITY('MJLQTO0040184000000000',#5,'BaseQuantities',$,$,(#4826,#4827,#4828));
#4830= IFCRELDEFINESBYPROPERTIES('MJLRQT0040184000000000',#5,$,$,(#4818),#4829);
#4831= IFCCARTESIANPOINT((0.,0.));
#4832= IFCDIRECTION((1.,0.));
#4833= IFCAXIS2PLACEMENT2D(#4831,#4832);
#4834= IFCRECTANGLEPROFILEDEF(.AREA.,$,#4833,3.600,0.100);
#4835= IFCCARTESIANPOINT((-14.000,12.720,0.000));
#4836= IFCDIRECTION((0.,0.,1.));
#4837= IFCDIRECTION((1.,0.,0.));
#4838= IFCAXIS2PLACEMENT3D(#4835,#4836,#4837);
#4839= IFCDIRECTION((0.,0.,1.));
#4840= IFCEXTRUDEDAREASOLID(#4834,#4838,#4839,3.350);
#4841= IFCSHAPEREPRESENTATION(#10,'Body','SweptSolid',(#4840));
#4842= IFCPRODUCTDEFINITIONSHAPE($,$,(#4841));
#4843= IFCLOCALPLACEMENT(#3945,#9);
#4844= IFCBUILDINGELEMENTPROXY('MJLGLAZ040035000000000',#5,'L04 - Curtain panel 01',$,$,#4843,#4842,$);
#4845= IFCPROPERTYSINGLEVALUE('AssetReference',$,IFCLABEL('GLAZ-04-035'),$);
#4846= IFCPROPERTYSINGLEVALUE('Level',$,IFCLABEL('Level 04'),$);
#4847= IFCPROPERTYSINGLEVALUE('System',$,IFCLABEL('Facade'),$);
#4848= IFCPROPERTYSINGLEVALUE('Status',$,IFCLABEL('Issued for Coordination'),$);
#4849= IFCPROPERTYSINGLEVALUE('FireRating',$,IFCLABEL('60 min'),$);
#4850= IFCPROPERTYSET('MJLPSET040185000000000',#5,'Pset_MajalAsset',$,(#4845,#4846,#4847,#4848,#4849));
#4851= IFCRELDEFINESBYPROPERTIES('MJLRPS0040185000000000',#5,$,$,(#4844),#4850);
#4852= IFCQUANTITYAREA('GrossArea',$,$,12.060,$);
#4853= IFCQUANTITYVOLUME('GrossVolume',$,$,1.206,$);
#4854= IFCQUANTITYCOUNT('Count',$,$,1.,$);
#4855= IFCELEMENTQUANTITY('MJLQTO0040185000000000',#5,'BaseQuantities',$,$,(#4852,#4853,#4854));
#4856= IFCRELDEFINESBYPROPERTIES('MJLRQT0040185000000000',#5,$,$,(#4844),#4855);
#4857= IFCCARTESIANPOINT((0.,0.));
#4858= IFCDIRECTION((1.,0.));
#4859= IFCAXIS2PLACEMENT2D(#4857,#4858);
#4860= IFCRECTANGLEPROFILEDEF(.AREA.,$,#4859,3.600,0.100);
#4861= IFCCARTESIANPOINT((-10.000,12.720,0.000));
#4862= IFCDIRECTION((0.,0.,1.));
#4863= IFCDIRECTION((1.,0.,0.));
#4864= IFCAXIS2PLACEMENT3D(#4861,#4862,#4863);
#4865= IFCDIRECTION((0.,0.,1.));
#4866= IFCEXTRUDEDAREASOLID(#4860,#4864,#4865,3.350);
#4867= IFCSHAPEREPRESENTATION(#10,'Body','SweptSolid',(#4866));
#4868= IFCPRODUCTDEFINITIONSHAPE($,$,(#4867));
#4869= IFCLOCALPLACEMENT(#3945,#9);
#4870= IFCBUILDINGELEMENTPROXY('MJLGLAZ040036000000000',#5,'L04 - Curtain panel 02',$,$,#4869,#4868,$);
#4871= IFCPROPERTYSINGLEVALUE('AssetReference',$,IFCLABEL('GLAZ-04-036'),$);
#4872= IFCPROPERTYSINGLEVALUE('Level',$,IFCLABEL('Level 04'),$);
#4873= IFCPROPERTYSINGLEVALUE('System',$,IFCLABEL('Facade'),$);
#4874= IFCPROPERTYSINGLEVALUE('Status',$,IFCLABEL('Issued for Coordination'),$);
#4875= IFCPROPERTYSINGLEVALUE('FireRating',$,IFCLABEL('60 min'),$);
#4876= IFCPROPERTYSET('MJLPSET040186000000000',#5,'Pset_MajalAsset',$,(#4871,#4872,#4873,#4874,#4875));
#4877= IFCRELDEFINESBYPROPERTIES('MJLRPS0040186000000000',#5,$,$,(#4870),#4876);
#4878= IFCQUANTITYAREA('GrossArea',$,$,12.060,$);
#4879= IFCQUANTITYVOLUME('GrossVolume',$,$,1.206,$);
#4880= IFCQUANTITYCOUNT('Count',$,$,1.,$);
#4881= IFCELEMENTQUANTITY('MJLQTO0040186000000000',#5,'BaseQuantities',$,$,(#4878,#4879,#4880));
#4882= IFCRELDEFINESBYPROPERTIES('MJLRQT0040186000000000',#5,$,$,(#4870),#4881);
#4883= IFCCARTESIANPOINT((0.,0.));
#4884= IFCDIRECTION((1.,0.));
#4885= IFCAXIS2PLACEMENT2D(#4883,#4884);
#4886= IFCRECTANGLEPROFILEDEF(.AREA.,$,#4885,3.600,0.100);
#4887= IFCCARTESIANPOINT((-6.000,12.720,0.000));
#4888= IFCDIRECTION((0.,0.,1.));
#4889= IFCDIRECTION((1.,0.,0.));
#4890= IFCAXIS2PLACEMENT3D(#4887,#4888,#4889);
#4891= IFCDIRECTION((0.,0.,1.));
#4892= IFCEXTRUDEDAREASOLID(#4886,#4890,#4891,3.350);
#4893= IFCSHAPEREPRESENTATION(#10,'Body','SweptSolid',(#4892));
#4894= IFCPRODUCTDEFINITIONSHAPE($,$,(#4893));
#4895= IFCLOCALPLACEMENT(#3945,#9);
#4896= IFCBUILDINGELEMENTPROXY('MJLGLAZ040037000000000',#5,'L04 - Curtain panel 03',$,$,#4895,#4894,$);
#4897= IFCPROPERTYSINGLEVALUE('AssetReference',$,IFCLABEL('GLAZ-04-037'),$);
#4898= IFCPROPERTYSINGLEVALUE('Level',$,IFCLABEL('Level 04'),$);
#4899= IFCPROPERTYSINGLEVALUE('System',$,IFCLABEL('Facade'),$);
#4900= IFCPROPERTYSINGLEVALUE('Status',$,IFCLABEL('Issued for Coordination'),$);
#4901= IFCPROPERTYSINGLEVALUE('FireRating',$,IFCLABEL('60 min'),$);
#4902= IFCPROPERTYSET('MJLPSET040187000000000',#5,'Pset_MajalAsset',$,(#4897,#4898,#4899,#4900,#4901));
#4903= IFCRELDEFINESBYPROPERTIES('MJLRPS0040187000000000',#5,$,$,(#4896),#4902);
#4904= IFCQUANTITYAREA('GrossArea',$,$,12.060,$);
#4905= IFCQUANTITYVOLUME('GrossVolume',$,$,1.206,$);
#4906= IFCQUANTITYCOUNT('Count',$,$,1.,$);
#4907= IFCELEMENTQUANTITY('MJLQTO0040187000000000',#5,'BaseQuantities',$,$,(#4904,#4905,#4906));
#4908= IFCRELDEFINESBYPROPERTIES('MJLRQT0040187000000000',#5,$,$,(#4896),#4907);
#4909= IFCCARTESIANPOINT((0.,0.));
#4910= IFCDIRECTION((1.,0.));
#4911= IFCAXIS2PLACEMENT2D(#4909,#4910);
#4912= IFCRECTANGLEPROFILEDEF(.AREA.,$,#4911,3.600,0.100);
#4913= IFCCARTESIANPOINT((-2.000,12.720,0.000));
#4914= IFCDIRECTION((0.,0.,1.));
#4915= IFCDIRECTION((1.,0.,0.));
#4916= IFCAXIS2PLACEMENT3D(#4913,#4914,#4915);
#4917= IFCDIRECTION((0.,0.,1.));
#4918= IFCEXTRUDEDAREASOLID(#4912,#4916,#4917,3.350);
#4919= IFCSHAPEREPRESENTATION(#10,'Body','SweptSolid',(#4918));
#4920= IFCPRODUCTDEFINITIONSHAPE($,$,(#4919));
#4921= IFCLOCALPLACEMENT(#3945,#9);
#4922= IFCBUILDINGELEMENTPROXY('MJLGLAZ040038000000000',#5,'L04 - Curtain panel 04',$,$,#4921,#4920,$);
#4923= IFCPROPERTYSINGLEVALUE('AssetReference',$,IFCLABEL('GLAZ-04-038'),$);
#4924= IFCPROPERTYSINGLEVALUE('Level',$,IFCLABEL('Level 04'),$);
#4925= IFCPROPERTYSINGLEVALUE('System',$,IFCLABEL('Facade'),$);
#4926= IFCPROPERTYSINGLEVALUE('Status',$,IFCLABEL('Issued for Coordination'),$);
#4927= IFCPROPERTYSINGLEVALUE('FireRating',$,IFCLABEL('60 min'),$);
#4928= IFCPROPERTYSET('MJLPSET040188000000000',#5,'Pset_MajalAsset',$,(#4923,#4924,#4925,#4926,#4927));
#4929= IFCRELDEFINESBYPROPERTIES('MJLRPS0040188000000000',#5,$,$,(#4922),#4928);
#4930= IFCQUANTITYAREA('GrossArea',$,$,12.060,$);
#4931= IFCQUANTITYVOLUME('GrossVolume',$,$,1.206,$);
#4932= IFCQUANTITYCOUNT('Count',$,$,1.,$);
#4933= IFCELEMENTQUANTITY('MJLQTO0040188000000000',#5,'BaseQuantities',$,$,(#4930,#4931,#4932));
#4934= IFCRELDEFINESBYPROPERTIES('MJLRQT0040188000000000',#5,$,$,(#4922),#4933);
#4935= IFCCARTESIANPOINT((0.,0.));
#4936= IFCDIRECTION((1.,0.));
#4937= IFCAXIS2PLACEMENT2D(#4935,#4936);
#4938= IFCRECTANGLEPROFILEDEF(.AREA.,$,#4937,3.600,0.100);
#4939= IFCCARTESIANPOINT((2.000,12.720,0.000));
#4940= IFCDIRECTION((0.,0.,1.));
#4941= IFCDIRECTION((1.,0.,0.));
#4942= IFCAXIS2PLACEMENT3D(#4939,#4940,#4941);
#4943= IFCDIRECTION((0.,0.,1.));
#4944= IFCEXTRUDEDAREASOLID(#4938,#4942,#4943,3.350);
#4945= IFCSHAPEREPRESENTATION(#10,'Body','SweptSolid',(#4944));
#4946= IFCPRODUCTDEFINITIONSHAPE($,$,(#4945));
#4947= IFCLOCALPLACEMENT(#3945,#9);
#4948= IFCBUILDINGELEMENTPROXY('MJLGLAZ040039000000000',#5,'L04 - Curtain panel 05',$,$,#4947,#4946,$);
#4949= IFCPROPERTYSINGLEVALUE('AssetReference',$,IFCLABEL('GLAZ-04-039'),$);
#4950= IFCPROPERTYSINGLEVALUE('Level',$,IFCLABEL('Level 04'),$);
#4951= IFCPROPERTYSINGLEVALUE('System',$,IFCLABEL('Facade'),$);
#4952= IFCPROPERTYSINGLEVALUE('Status',$,IFCLABEL('Issued for Coordination'),$);
#4953= IFCPROPERTYSINGLEVALUE('FireRating',$,IFCLABEL('60 min'),$);
#4954= IFCPROPERTYSET('MJLPSET040189000000000',#5,'Pset_MajalAsset',$,(#4949,#4950,#4951,#4952,#4953));
#4955= IFCRELDEFINESBYPROPERTIES('MJLRPS0040189000000000',#5,$,$,(#4948),#4954);
#4956= IFCQUANTITYAREA('GrossArea',$,$,12.060,$);
#4957= IFCQUANTITYVOLUME('GrossVolume',$,$,1.206,$);
#4958= IFCQUANTITYCOUNT('Count',$,$,1.,$);
#4959= IFCELEMENTQUANTITY('MJLQTO0040189000000000',#5,'BaseQuantities',$,$,(#4956,#4957,#4958));
#4960= IFCRELDEFINESBYPROPERTIES('MJLRQT0040189000000000',#5,$,$,(#4948),#4959);
#4961= IFCCARTESIANPOINT((0.,0.));
#4962= IFCDIRECTION((1.,0.));
#4963= IFCAXIS2PLACEMENT2D(#4961,#4962);
#4964= IFCRECTANGLEPROFILEDEF(.AREA.,$,#4963,3.600,0.100);
#4965= IFCCARTESIANPOINT((6.000,12.720,0.000));
#4966= IFCDIRECTION((0.,0.,1.));
#4967= IFCDIRECTION((1.,0.,0.));
#4968= IFCAXIS2PLACEMENT3D(#4965,#4966,#4967);
#4969= IFCDIRECTION((0.,0.,1.));
#4970= IFCEXTRUDEDAREASOLID(#4964,#4968,#4969,3.350);
#4971= IFCSHAPEREPRESENTATION(#10,'Body','SweptSolid',(#4970));
#4972= IFCPRODUCTDEFINITIONSHAPE($,$,(#4971));
#4973= IFCLOCALPLACEMENT(#3945,#9);
#4974= IFCBUILDINGELEMENTPROXY('MJLGLAZ040040000000000',#5,'L04 - Curtain panel 06',$,$,#4973,#4972,$);
#4975= IFCPROPERTYSINGLEVALUE('AssetReference',$,IFCLABEL('GLAZ-04-040'),$);
#4976= IFCPROPERTYSINGLEVALUE('Level',$,IFCLABEL('Level 04'),$);
#4977= IFCPROPERTYSINGLEVALUE('System',$,IFCLABEL('Facade'),$);
#4978= IFCPROPERTYSINGLEVALUE('Status',$,IFCLABEL('Issued for Coordination'),$);
#4979= IFCPROPERTYSINGLEVALUE('FireRating',$,IFCLABEL('60 min'),$);
#4980= IFCPROPERTYSET('MJLPSET040190000000000',#5,'Pset_MajalAsset',$,(#4975,#4976,#4977,#4978,#4979));
#4981= IFCRELDEFINESBYPROPERTIES('MJLRPS0040190000000000',#5,$,$,(#4974),#4980);
#4982= IFCQUANTITYAREA('GrossArea',$,$,12.060,$);
#4983= IFCQUANTITYVOLUME('GrossVolume',$,$,1.206,$);
#4984= IFCQUANTITYCOUNT('Count',$,$,1.,$);
#4985= IFCELEMENTQUANTITY('MJLQTO0040190000000000',#5,'BaseQuantities',$,$,(#4982,#4983,#4984));
#4986= IFCRELDEFINESBYPROPERTIES('MJLRQT0040190000000000',#5,$,$,(#4974),#4985);
#4987= IFCCARTESIANPOINT((0.,0.));
#4988= IFCDIRECTION((1.,0.));
#4989= IFCAXIS2PLACEMENT2D(#4987,#4988);
#4990= IFCRECTANGLEPROFILEDEF(.AREA.,$,#4989,3.600,0.100);
#4991= IFCCARTESIANPOINT((10.000,12.720,0.000));
#4992= IFCDIRECTION((0.,0.,1.));
#4993= IFCDIRECTION((1.,0.,0.));
#4994= IFCAXIS2PLACEMENT3D(#4991,#4992,#4993);
#4995= IFCDIRECTION((0.,0.,1.));
#4996= IFCEXTRUDEDAREASOLID(#4990,#4994,#4995,3.350);
#4997= IFCSHAPEREPRESENTATION(#10,'Body','SweptSolid',(#4996));
#4998= IFCPRODUCTDEFINITIONSHAPE($,$,(#4997));
#4999= IFCLOCALPLACEMENT(#3945,#9);
#5000= IFCBUILDINGELEMENTPROXY('MJLGLAZ040041000000000',#5,'L04 - Curtain panel 07',$,$,#4999,#4998,$);
#5001= IFCPROPERTYSINGLEVALUE('AssetReference',$,IFCLABEL('GLAZ-04-041'),$);
#5002= IFCPROPERTYSINGLEVALUE('Level',$,IFCLABEL('Level 04'),$);
#5003= IFCPROPERTYSINGLEVALUE('System',$,IFCLABEL('Facade'),$);
#5004= IFCPROPERTYSINGLEVALUE('Status',$,IFCLABEL('Issued for Coordination'),$);
#5005= IFCPROPERTYSINGLEVALUE('FireRating',$,IFCLABEL('60 min'),$);
#5006= IFCPROPERTYSET('MJLPSET040191000000000',#5,'Pset_MajalAsset',$,(#5001,#5002,#5003,#5004,#5005));
#5007= IFCRELDEFINESBYPROPERTIES('MJLRPS0040191000000000',#5,$,$,(#5000),#5006);
#5008= IFCQUANTITYAREA('GrossArea',$,$,12.060,$);
#5009= IFCQUANTITYVOLUME('GrossVolume',$,$,1.206,$);
#5010= IFCQUANTITYCOUNT('Count',$,$,1.,$);
#5011= IFCELEMENTQUANTITY('MJLQTO0040191000000000',#5,'BaseQuantities',$,$,(#5008,#5009,#5010));
#5012= IFCRELDEFINESBYPROPERTIES('MJLRQT0040191000000000',#5,$,$,(#5000),#5011);
#5013= IFCCARTESIANPOINT((0.,0.));
#5014= IFCDIRECTION((1.,0.));
#5015= IFCAXIS2PLACEMENT2D(#5013,#5014);
#5016= IFCRECTANGLEPROFILEDEF(.AREA.,$,#5015,3.600,0.100);
#5017= IFCCARTESIANPOINT((14.000,12.720,0.000));
#5018= IFCDIRECTION((0.,0.,1.));
#5019= IFCDIRECTION((1.,0.,0.));
#5020= IFCAXIS2PLACEMENT3D(#5017,#5018,#5019);
#5021= IFCDIRECTION((0.,0.,1.));
#5022= IFCEXTRUDEDAREASOLID(#5016,#5020,#5021,3.350);
#5023= IFCSHAPEREPRESENTATION(#10,'Body','SweptSolid',(#5022));
#5024= IFCPRODUCTDEFINITIONSHAPE($,$,(#5023));
#5025= IFCLOCALPLACEMENT(#3945,#9);
#5026= IFCBUILDINGELEMENTPROXY('MJLGLAZ040042000000000',#5,'L04 - Curtain panel 08',$,$,#5025,#5024,$);
#5027= IFCPROPERTYSINGLEVALUE('AssetReference',$,IFCLABEL('GLAZ-04-042'),$);
#5028= IFCPROPERTYSINGLEVALUE('Level',$,IFCLABEL('Level 04'),$);
#5029= IFCPROPERTYSINGLEVALUE('System',$,IFCLABEL('Facade'),$);
#5030= IFCPROPERTYSINGLEVALUE('Status',$,IFCLABEL('Issued for Coordination'),$);
#5031= IFCPROPERTYSINGLEVALUE('FireRating',$,IFCLABEL('60 min'),$);
#5032= IFCPROPERTYSET('MJLPSET040192000000000',#5,'Pset_MajalAsset',$,(#5027,#5028,#5029,#5030,#5031));
#5033= IFCRELDEFINESBYPROPERTIES('MJLRPS0040192000000000',#5,$,$,(#5026),#5032);
#5034= IFCQUANTITYAREA('GrossArea',$,$,12.060,$);
#5035= IFCQUANTITYVOLUME('GrossVolume',$,$,1.206,$);
#5036= IFCQUANTITYCOUNT('Count',$,$,1.,$);
#5037= IFCELEMENTQUANTITY('MJLQTO0040192000000000',#5,'BaseQuantities',$,$,(#5034,#5035,#5036));
#5038= IFCRELDEFINESBYPROPERTIES('MJLRQT0040192000000000',#5,$,$,(#5026),#5037);
#5039= IFCCARTESIANPOINT((0.,0.));
#5040= IFCDIRECTION((1.,0.));
#5041= IFCAXIS2PLACEMENT2D(#5039,#5040);
#5042= IFCRECTANGLEPROFILEDEF(.AREA.,$,#5041,2.400,0.180);
#5043= IFCCARTESIANPOINT((0.000,-12.680,0.000));
#5044= IFCDIRECTION((0.,0.,1.));
#5045= IFCDIRECTION((1.,0.,0.));
#5046= IFCAXIS2PLACEMENT3D(#5043,#5044,#5045);
#5047= IFCDIRECTION((0.,0.,1.));
#5048= IFCEXTRUDEDAREASOLID(#5042,#5046,#5047,3.100);
#5049= IFCSHAPEREPRESENTATION(#10,'Body','SweptSolid',(#5048));
#5050= IFCPRODUCTDEFINITIONSHAPE($,$,(#5049));
#5051= IFCLOCALPLACEMENT(#3945,#9);
#5052= IFCBUILDINGELEMENTPROXY('MJLDOOR040043000000000',#5,'L04 - Main lobby door',$,$,#5051,#5050,$);
#5053= IFCPROPERTYSINGLEVALUE('AssetReference',$,IFCLABEL('DOOR-04-043'),$);
#5054= IFCPROPERTYSINGLEVALUE('Level',$,IFCLABEL('Level 04'),$);
#5055= IFCPROPERTYSINGLEVALUE('System',$,IFCLABEL('Architecture'),$);
#5056= IFCPROPERTYSINGLEVALUE('Status',$,IFCLABEL('Issued for Coordination'),$);
#5057= IFCPROPERTYSINGLEVALUE('FireRating',$,IFCLABEL('60 min'),$);
#5058= IFCPROPERTYSET('MJLPSET040193000000000',#5,'Pset_MajalAsset',$,(#5053,#5054,#5055,#5056,#5057));
#5059= IFCRELDEFINESBYPROPERTIES('MJLRPS0040193000000000',#5,$,$,(#5052),#5058);
#5060= IFCQUANTITYAREA('GrossArea',$,$,7.440,$);
#5061= IFCQUANTITYVOLUME('GrossVolume',$,$,1.339,$);
#5062= IFCQUANTITYCOUNT('Count',$,$,1.,$);
#5063= IFCELEMENTQUANTITY('MJLQTO0040193000000000',#5,'BaseQuantities',$,$,(#5060,#5061,#5062));
#5064= IFCRELDEFINESBYPROPERTIES('MJLRQT0040193000000000',#5,$,$,(#5052),#5063);
#5065= IFCCARTESIANPOINT((0.,0.));
#5066= IFCDIRECTION((1.,0.));
#5067= IFCAXIS2PLACEMENT2D(#5065,#5066);
#5068= IFCRECTANGLEPROFILEDEF(.AREA.,$,#5067,3.000,6.000);
#5069= IFCCARTESIANPOINT((-6.500,0.000,0.000));
#5070= IFCDIRECTION((0.,0.,1.));
#5071= IFCDIRECTION((1.,0.,0.));
#5072= IFCAXIS2PLACEMENT3D(#5069,#5070,#5071);
#5073= IFCDIRECTION((0.,0.,1.));
#5074= IFCEXTRUDEDAREASOLID(#5068,#5072,#5073,3.800);
#5075= IFCSHAPEREPRESENTATION(#10,'Body','SweptSolid',(#5074));
#5076= IFCPRODUCTDEFINITIONSHAPE($,$,(#5075));
#5077= IFCLOCALPLACEMENT(#3945,#9);
#5078= IFCBUILDINGELEMENTPROXY('MJLSTR0040044000000000',#5,'L04 - Fire stair flight',$,$,#5077,#5076,$);
#5079= IFCPROPERTYSINGLEVALUE('AssetReference',$,IFCLABEL('STR-04-044'),$);
#5080= IFCPROPERTYSINGLEVALUE('Level',$,IFCLABEL('Level 04'),$);
#5081= IFCPROPERTYSINGLEVALUE('System',$,IFCLABEL('Architecture'),$);
#5082= IFCPROPERTYSINGLEVALUE('Status',$,IFCLABEL('Issued for Coordination'),$);
#5083= IFCPROPERTYSINGLEVALUE('FireRating',$,IFCLABEL('60 min'),$);
#5084= IFCPROPERTYSET('MJLPSET040194000000000',#5,'Pset_MajalAsset',$,(#5079,#5080,#5081,#5082,#5083));
#5085= IFCRELDEFINESBYPROPERTIES('MJLRPS0040194000000000',#5,$,$,(#5078),#5084);
#5086= IFCQUANTITYAREA('GrossArea',$,$,18.000,$);
#5087= IFCQUANTITYVOLUME('GrossVolume',$,$,68.400,$);
#5088= IFCQUANTITYCOUNT('Count',$,$,1.,$);
#5089= IFCELEMENTQUANTITY('MJLQTO0040194000000000',#5,'BaseQuantities',$,$,(#5086,#5087,#5088));
#5090= IFCRELDEFINESBYPROPERTIES('MJLRQT0040194000000000',#5,$,$,(#5078),#5089);
#5091= IFCCARTESIANPOINT((0.,0.));
#5092= IFCDIRECTION((1.,0.));
#5093= IFCAXIS2PLACEMENT2D(#5091,#5092);
#5094= IFCRECTANGLEPROFILEDEF(.AREA.,$,#5093,28.000,0.650);
#5095= IFCCARTESIANPOINT((0.000,7.500,0.000));
#5096= IFCDIRECTION((0.,0.,1.));
#5097= IFCDIRECTION((1.,0.,0.));
#5098= IFCAXIS2PLACEMENT3D(#5095,#5096,#5097);
#5099= IFCDIRECTION((0.,0.,1.));
#5100= IFCEXTRUDEDAREASOLID(#5094,#5098,#5099,0.550);
#5101= IFCSHAPEREPRESENTATION(#10,'Body','SweptSolid',(#5100));
#5102= IFCPRODUCTDEFINITIONSHAPE($,$,(#5101));
#5103= IFCLOCALPLACEMENT(#3945,#9);
#5104= IFCBUILDINGELEMENTPROXY('MJLDUCT040045000000000',#5,'L04 - Supply air duct',$,$,#5103,#5102,$);
#5105= IFCPROPERTYSINGLEVALUE('AssetReference',$,IFCLABEL('DUCT-04-045'),$);
#5106= IFCPROPERTYSINGLEVALUE('Level',$,IFCLABEL('Level 04'),$);
#5107= IFCPROPERTYSINGLEVALUE('System',$,IFCLABEL('Mechanical'),$);
#5108= IFCPROPERTYSINGLEVALUE('Status',$,IFCLABEL('Issued for Coordination'),$);
#5109= IFCPROPERTYSINGLEVALUE('FireRating',$,IFCLABEL('60 min'),$);
#5110= IFCPROPERTYSET('MJLPSET040195000000000',#5,'Pset_MajalAsset',$,(#5105,#5106,#5107,#5108,#5109));
#5111= IFCRELDEFINESBYPROPERTIES('MJLRPS0040195000000000',#5,$,$,(#5104),#5110);
#5112= IFCQUANTITYAREA('GrossArea',$,$,18.200,$);
#5113= IFCQUANTITYVOLUME('GrossVolume',$,$,10.010,$);
#5114= IFCQUANTITYCOUNT('Count',$,$,1.,$);
#5115= IFCELEMENTQUANTITY('MJLQTO0040195000000000',#5,'BaseQuantities',$,$,(#5112,#5113,#5114));
#5116= IFCRELDEFINESBYPROPERTIES('MJLRQT0040195000000000',#5,$,$,(#5104),#5115);
#5117= IFCCARTESIANPOINT((0.,0.));
#5118= IFCDIRECTION((1.,0.));
#5119= IFCAXIS2PLACEMENT2D(#5117,#5118);
#5120= IFCRECTANGLEPROFILEDEF(.AREA.,$,#5119,28.000,0.550);
#5121= IFCCARTESIANPOINT((0.000,-7.500,0.000));
#5122= IFCDIRECTION((0.,0.,1.));
#5123= IFCDIRECTION((1.,0.,0.));
#5124= IFCAXIS2PLACEMENT3D(#5121,#5122,#5123);
#5125= IFCDIRECTION((0.,0.,1.));
#5126= IFCEXTRUDEDAREASOLID(#5120,#5124,#5125,0.450);
#5127= IFCSHAPEREPRESENTATION(#10,'Body','SweptSolid',(#5126));
#5128= IFCPRODUCTDEFINITIONSHAPE($,$,(#5127));
#5129= IFCLOCALPLACEMENT(#3945,#9);
#5130= IFCBUILDINGELEMENTPROXY('MJLDUCT040046000000000',#5,'L04 - Return air duct',$,$,#5129,#5128,$);
#5131= IFCPROPERTYSINGLEVALUE('AssetReference',$,IFCLABEL('DUCT-04-046'),$);
#5132= IFCPROPERTYSINGLEVALUE('Level',$,IFCLABEL('Level 04'),$);
#5133= IFCPROPERTYSINGLEVALUE('System',$,IFCLABEL('Mechanical'),$);
#5134= IFCPROPERTYSINGLEVALUE('Status',$,IFCLABEL('Issued for Coordination'),$);
#5135= IFCPROPERTYSINGLEVALUE('FireRating',$,IFCLABEL('60 min'),$);
#5136= IFCPROPERTYSET('MJLPSET040196000000000',#5,'Pset_MajalAsset',$,(#5131,#5132,#5133,#5134,#5135));
#5137= IFCRELDEFINESBYPROPERTIES('MJLRPS0040196000000000',#5,$,$,(#5130),#5136);
#5138= IFCQUANTITYAREA('GrossArea',$,$,15.400,$);
#5139= IFCQUANTITYVOLUME('GrossVolume',$,$,6.930,$);
#5140= IFCQUANTITYCOUNT('Count',$,$,1.,$);
#5141= IFCELEMENTQUANTITY('MJLQTO0040196000000000',#5,'BaseQuantities',$,$,(#5138,#5139,#5140));
#5142= IFCRELDEFINESBYPROPERTIES('MJLRQT0040196000000000',#5,$,$,(#5130),#5141);
#5143= IFCCARTESIANPOINT((0.,0.));
#5144= IFCDIRECTION((1.,0.));
#5145= IFCAXIS2PLACEMENT2D(#5143,#5144);
#5146= IFCRECTANGLEPROFILEDEF(.AREA.,$,#5145,0.180,22.000);
#5147= IFCCARTESIANPOINT((-2.000,0.000,0.000));
#5148= IFCDIRECTION((0.,0.,1.));
#5149= IFCDIRECTION((1.,0.,0.));
#5150= IFCAXIS2PLACEMENT3D(#5147,#5148,#5149);
#5151= IFCDIRECTION((0.,0.,1.));
#5152= IFCEXTRUDEDAREASOLID(#5146,#5150,#5151,0.180);
#5153= IFCSHAPEREPRESENTATION(#10,'Body','SweptSolid',(#5152));
#5154= IFCPRODUCTDEFINITIONSHAPE($,$,(#5153));
#5155= IFCLOCALPLACEMENT(#3945,#9);
#5156= IFCBUILDINGELEMENTPROXY('MJLPIPE040047000000000',#5,'L04 - Chilled water flow',$,$,#5155,#5154,$);
#5157= IFCPROPERTYSINGLEVALUE('AssetReference',$,IFCLABEL('PIPE-04-047'),$);
#5158= IFCPROPERTYSINGLEVALUE('Level',$,IFCLABEL('Level 04'),$);
#5159= IFCPROPERTYSINGLEVALUE('System',$,IFCLABEL('Mechanical'),$);
#5160= IFCPROPERTYSINGLEVALUE('Status',$,IFCLABEL('Issued for Coordination'),$);
#5161= IFCPROPERTYSINGLEVALUE('FireRating',$,IFCLABEL('60 min'),$);
#5162= IFCPROPERTYSET('MJLPSET040197000000000',#5,'Pset_MajalAsset',$,(#5157,#5158,#5159,#5160,#5161));
#5163= IFCRELDEFINESBYPROPERTIES('MJLRPS0040197000000000',#5,$,$,(#5156),#5162);
#5164= IFCQUANTITYAREA('GrossArea',$,$,3.960,$);
#5165= IFCQUANTITYVOLUME('GrossVolume',$,$,0.713,$);
#5166= IFCQUANTITYCOUNT('Count',$,$,1.,$);
#5167= IFCELEMENTQUANTITY('MJLQTO0040197000000000',#5,'BaseQuantities',$,$,(#5164,#5165,#5166));
#5168= IFCRELDEFINESBYPROPERTIES('MJLRQT0040197000000000',#5,$,$,(#5156),#5167);
#5169= IFCCARTESIANPOINT((0.,0.));
#5170= IFCDIRECTION((1.,0.));
#5171= IFCAXIS2PLACEMENT2D(#5169,#5170);
#5172= IFCRECTANGLEPROFILEDEF(.AREA.,$,#5171,0.180,22.000);
#5173= IFCCARTESIANPOINT((2.000,0.000,0.000));
#5174= IFCDIRECTION((0.,0.,1.));
#5175= IFCDIRECTION((1.,0.,0.));
#5176= IFCAXIS2PLACEMENT3D(#5173,#5174,#5175);
#5177= IFCDIRECTION((0.,0.,1.));
#5178= IFCEXTRUDEDAREASOLID(#5172,#5176,#5177,0.180);
#5179= IFCSHAPEREPRESENTATION(#10,'Body','SweptSolid',(#5178));
#5180= IFCPRODUCTDEFINITIONSHAPE($,$,(#5179));
#5181= IFCLOCALPLACEMENT(#3945,#9);
#5182= IFCBUILDINGELEMENTPROXY('MJLPIPE040048000000000',#5,'L04 - Chilled water return',$,$,#5181,#5180,$);
#5183= IFCPROPERTYSINGLEVALUE('AssetReference',$,IFCLABEL('PIPE-04-048'),$);
#5184= IFCPROPERTYSINGLEVALUE('Level',$,IFCLABEL('Level 04'),$);
#5185= IFCPROPERTYSINGLEVALUE('System',$,IFCLABEL('Mechanical'),$);
#5186= IFCPROPERTYSINGLEVALUE('Status',$,IFCLABEL('Issued for Coordination'),$);
#5187= IFCPROPERTYSINGLEVALUE('FireRating',$,IFCLABEL('60 min'),$);
#5188= IFCPROPERTYSET('MJLPSET040198000000000',#5,'Pset_MajalAsset',$,(#5183,#5184,#5185,#5186,#5187));
#5189= IFCRELDEFINESBYPROPERTIES('MJLRPS0040198000000000',#5,$,$,(#5182),#5188);
#5190= IFCQUANTITYAREA('GrossArea',$,$,3.960,$);
#5191= IFCQUANTITYVOLUME('GrossVolume',$,$,0.713,$);
#5192= IFCQUANTITYCOUNT('Count',$,$,1.,$);
#5193= IFCELEMENTQUANTITY('MJLQTO0040198000000000',#5,'BaseQuantities',$,$,(#5190,#5191,#5192));
#5194= IFCRELDEFINESBYPROPERTIES('MJLRQT0040198000000000',#5,$,$,(#5182),#5193);
#5195= IFCCARTESIANPOINT((0.,0.));
#5196= IFCDIRECTION((1.,0.));
#5197= IFCAXIS2PLACEMENT2D(#5195,#5196);
#5198= IFCRECTANGLEPROFILEDEF(.AREA.,$,#5197,0.350,0.500);
#5199= IFCCARTESIANPOINT((7.000,0.000,0.000));
#5200= IFCDIRECTION((0.,0.,1.));
#5201= IFCDIRECTION((1.,0.,0.));
#5202= IFCAXIS2PLACEMENT3D(#5199,#5200,#5201);
#5203= IFCDIRECTION((0.,0.,1.));
#5204= IFCEXTRUDEDAREASOLID(#5198,#5202,#5203,3.500);
#5205= IFCSHAPEREPRESENTATION(#10,'Body','SweptSolid',(#5204));
#5206= IFCPRODUCTDEFINITIONSHAPE($,$,(#5205));
#5207= IFCLOCALPLACEMENT(#3945,#9);
#5208= IFCBUILDINGELEMENTPROXY('MJLELEC040049000000000',#5,'L04 - Electrical busbar',$,$,#5207,#5206,$);
#5209= IFCPROPERTYSINGLEVALUE('AssetReference',$,IFCLABEL('ELEC-04-049'),$);
#5210= IFCPROPERTYSINGLEVALUE('Level',$,IFCLABEL('Level 04'),$);
#5211= IFCPROPERTYSINGLEVALUE('System',$,IFCLABEL('Electrical'),$);
#5212= IFCPROPERTYSINGLEVALUE('Status',$,IFCLABEL('Issued for Coordination'),$);
#5213= IFCPROPERTYSINGLEVALUE('FireRating',$,IFCLABEL('60 min'),$);
#5214= IFCPROPERTYSET('MJLPSET040199000000000',#5,'Pset_MajalAsset',$,(#5209,#5210,#5211,#5212,#5213));
#5215= IFCRELDEFINESBYPROPERTIES('MJLRPS0040199000000000',#5,$,$,(#5208),#5214);
#5216= IFCQUANTITYAREA('GrossArea',$,$,1.225,$);
#5217= IFCQUANTITYVOLUME('GrossVolume',$,$,0.612,$);
#5218= IFCQUANTITYCOUNT('Count',$,$,1.,$);
#5219= IFCELEMENTQUANTITY('MJLQTO0040199000000000',#5,'BaseQuantities',$,$,(#5216,#5217,#5218));
#5220= IFCRELDEFINESBYPROPERTIES('MJLRQT0040199000000000',#5,$,$,(#5208),#5219);
#5221= IFCCARTESIANPOINT((0.,0.));
#5222= IFCDIRECTION((1.,0.));
#5223= IFCAXIS2PLACEMENT2D(#5221,#5222);
#5224= IFCRECTANGLEPROFILEDEF(.AREA.,$,#5223,0.250,0.250);
#5225= IFCCARTESIANPOINT((-7.000,0.000,0.000));
#5226= IFCDIRECTION((0.,0.,1.));
#5227= IFCDIRECTION((1.,0.,0.));
#5228= IFCAXIS2PLACEMENT3D(#5225,#5226,#5227);
#5229= IFCDIRECTION((0.,0.,1.));
#5230= IFCEXTRUDEDAREASOLID(#5224,#5228,#5229,3.800);
#5231= IFCSHAPEREPRESENTATION(#10,'Body','SweptSolid',(#5230));
#5232= IFCPRODUCTDEFINITIONSHAPE($,$,(#5231));
#5233= IFCLOCALPLACEMENT(#3945,#9);
#5234= IFCBUILDINGELEMENTPROXY('MJLFIRE040050000000000',#5,'L04 - Fire riser',$,$,#5233,#5232,$);
#5235= IFCPROPERTYSINGLEVALUE('AssetReference',$,IFCLABEL('FIRE-04-050'),$);
#5236= IFCPROPERTYSINGLEVALUE('Level',$,IFCLABEL('Level 04'),$);
#5237= IFCPROPERTYSINGLEVALUE('System',$,IFCLABEL('Fire Protection'),$);
#5238= IFCPROPERTYSINGLEVALUE('Status',$,IFCLABEL('Issued for Coordination'),$);
#5239= IFCPROPERTYSINGLEVALUE('FireRating',$,IFCLABEL('60 min'),$);
#5240= IFCPROPERTYSET('MJLPSET040200000000000',#5,'Pset_MajalAsset',$,(#5235,#5236,#5237,#5238,#5239));
#5241= IFCRELDEFINESBYPROPERTIES('MJLRPS0040200000000000',#5,$,$,(#5234),#5240);
#5242= IFCQUANTITYAREA('GrossArea',$,$,0.950,$);
#5243= IFCQUANTITYVOLUME('GrossVolume',$,$,0.237,$);
#5244= IFCQUANTITYCOUNT('Count',$,$,1.,$);
#5245= IFCELEMENTQUANTITY('MJLQTO0040200000000000',#5,'BaseQuantities',$,$,(#5242,#5243,#5244));
#5246= IFCRELDEFINESBYPROPERTIES('MJLRQT0040200000000000',#5,$,$,(#5234),#5245);
#5247= IFCRELCONTAINEDINSPATIALSTRUCTURE('MJLCON0040000000000000',#5,$,$,(#3960,#3986,#4012,#4038,#4064,#4090,#4116,#4142,#4168,#4194,#4220,#4246,#4272,#4298,#4324,#4350,#4376,#4402,#4428,#4454,#4480,#4506,#4532,#4558,#4584,#4610,#4636,#4662,#4688,#4714,#4740,#4766,#4792,#4818,#4844,#4870,#4896,#4922,#4948,#4974,#5000,#5026,#5052,#5078,#5104,#5130,#5156,#5182,#5208,#5234),#3946);
#5248= IFCCARTESIANPOINT((0.000,0.000,16.800));
#5249= IFCDIRECTION((0.,0.,1.));
#5250= IFCDIRECTION((1.,0.,0.));
#5251= IFCAXIS2PLACEMENT3D(#5248,#5249,#5250);
#5252= IFCLOCALPLACEMENT(#18,#5251);
#5253= IFCBUILDINGSTOREY('MJLLVL0050000000000000',#5,'Level 05',$,$,#5252,$,$,.ELEMENT.,16.800);
#5254= IFCCARTESIANPOINT((0.,0.));
#5255= IFCDIRECTION((1.,0.));
#5256= IFCAXIS2PLACEMENT2D(#5254,#5255);
#5257= IFCRECTANGLEPROFILEDEF(.AREA.,$,#5256,36.000,26.000);
#5258= IFCCARTESIANPOINT((0.000,0.000,0.000));
#5259= IFCDIRECTION((0.,0.,1.));
#5260= IFCDIRECTION((1.,0.,0.));
#5261= IFCAXIS2PLACEMENT3D(#5258,#5259,#5260);
#5262= IFCDIRECTION((0.,0.,1.));
#5263= IFCEXTRUDEDAREASOLID(#5257,#5261,#5262,0.280);
#5264= IFCSHAPEREPRESENTATION(#10,'Body','SweptSolid',(#5263));
#5265= IFCPRODUCTDEFINITIONSHAPE($,$,(#5264));
#5266= IFCLOCALPLACEMENT(#5252,#9);
#5267= IFCSLAB('MJLSLAB050001000000000',#5,'L05 - Floor slab',$,$,#5266,#5265,$);
#5268= IFCPROPERTYSINGLEVALUE('AssetReference',$,IFCLABEL('SLAB-05-001'),$);
#5269= IFCPROPERTYSINGLEVALUE('Level',$,IFCLABEL('Level 05'),$);
#5270= IFCPROPERTYSINGLEVALUE('System',$,IFCLABEL('Structure'),$);
#5271= IFCPROPERTYSINGLEVALUE('Status',$,IFCLABEL('Issued for Coordination'),$);
#5272= IFCPROPERTYSINGLEVALUE('FireRating',$,IFCLABEL('120 min'),$);
#5273= IFCPROPERTYSET('MJLPSET050201000000000',#5,'Pset_MajalAsset',$,(#5268,#5269,#5270,#5271,#5272));
#5274= IFCRELDEFINESBYPROPERTIES('MJLRPS0050201000000000',#5,$,$,(#5267),#5273);
#5275= IFCQUANTITYAREA('GrossArea',$,$,936.000,$);
#5276= IFCQUANTITYVOLUME('GrossVolume',$,$,262.080,$);
#5277= IFCQUANTITYCOUNT('Count',$,$,1.,$);
#5278= IFCELEMENTQUANTITY('MJLQTO0050201000000000',#5,'BaseQuantities',$,$,(#5275,#5276,#5277));
#5279= IFCRELDEFINESBYPROPERTIES('MJLRQT0050201000000000',#5,$,$,(#5267),#5278);
#5280= IFCCARTESIANPOINT((0.,0.));
#5281= IFCDIRECTION((1.,0.));
#5282= IFCAXIS2PLACEMENT2D(#5280,#5281);
#5283= IFCRECTANGLEPROFILEDEF(.AREA.,$,#5282,36.000,0.220);
#5284= IFCCARTESIANPOINT((0.000,12.900,0.000));
#5285= IFCDIRECTION((0.,0.,1.));
#5286= IFCDIRECTION((1.,0.,0.));
#5287= IFCAXIS2PLACEMENT3D(#5284,#5285,#5286);
#5288= IFCDIRECTION((0.,0.,1.));
#5289= IFCEXTRUDEDAREASOLID(#5283,#5287,#5288,4.000);
#5290= IFCSHAPEREPRESENTATION(#10,'Body','SweptSolid',(#5289));
#5291= IFCPRODUCTDEFINITIONSHAPE($,$,(#5290));
#5292= IFCLOCALPLACEMENT(#5252,#9);
#5293= IFCWALL('MJLWALL050002000000000',#5,'L05 - North facade',$,$,#5292,#5291,$);
#5294= IFCPROPERTYSINGLEVALUE('AssetReference',$,IFCLABEL('WALL-05-002'),$);
#5295= IFCPROPERTYSINGLEVALUE('Level',$,IFCLABEL('Level 05'),$);
#5296= IFCPROPERTYSINGLEVALUE('System',$,IFCLABEL('Envelope'),$);
#5297= IFCPROPERTYSINGLEVALUE('Status',$,IFCLABEL('Issued for Coordination'),$);
#5298= IFCPROPERTYSINGLEVALUE('FireRating',$,IFCLABEL('60 min'),$);
#5299= IFCPROPERTYSET('MJLPSET050202000000000',#5,'Pset_MajalAsset',$,(#5294,#5295,#5296,#5297,#5298));
#5300= IFCRELDEFINESBYPROPERTIES('MJLRPS0050202000000000',#5,$,$,(#5293),#5299);
#5301= IFCQUANTITYAREA('GrossArea',$,$,144.000,$);
#5302= IFCQUANTITYVOLUME('GrossVolume',$,$,31.680,$);
#5303= IFCQUANTITYCOUNT('Count',$,$,1.,$);
#5304= IFCELEMENTQUANTITY('MJLQTO0050202000000000',#5,'BaseQuantities',$,$,(#5301,#5302,#5303));
#5305= IFCRELDEFINESBYPROPERTIES('MJLRQT0050202000000000',#5,$,$,(#5293),#5304);
#5306= IFCCARTESIANPOINT((0.,0.));
#5307= IFCDIRECTION((1.,0.));
#5308= IFCAXIS2PLACEMENT2D(#5306,#5307);
#5309= IFCRECTANGLEPROFILEDEF(.AREA.,$,#5308,36.000,0.220);
#5310= IFCCARTESIANPOINT((0.000,-12.900,0.000));
#5311= IFCDIRECTION((0.,0.,1.));
#5312= IFCDIRECTION((1.,0.,0.));
#5313= IFCAXIS2PLACEMENT3D(#5310,#5311,#5312);
#5314= IFCDIRECTION((0.,0.,1.));
#5315= IFCEXTRUDEDAREASOLID(#5309,#5313,#5314,4.000);
#5316= IFCSHAPEREPRESENTATION(#10,'Body','SweptSolid',(#5315));
#5317= IFCPRODUCTDEFINITIONSHAPE($,$,(#5316));
#5318= IFCLOCALPLACEMENT(#5252,#9);
#5319= IFCWALL('MJLWALL050003000000000',#5,'L05 - South facade',$,$,#5318,#5317,$);
#5320= IFCPROPERTYSINGLEVALUE('AssetReference',$,IFCLABEL('WALL-05-003'),$);
#5321= IFCPROPERTYSINGLEVALUE('Level',$,IFCLABEL('Level 05'),$);
#5322= IFCPROPERTYSINGLEVALUE('System',$,IFCLABEL('Envelope'),$);
#5323= IFCPROPERTYSINGLEVALUE('Status',$,IFCLABEL('Issued for Coordination'),$);
#5324= IFCPROPERTYSINGLEVALUE('FireRating',$,IFCLABEL('60 min'),$);
#5325= IFCPROPERTYSET('MJLPSET050203000000000',#5,'Pset_MajalAsset',$,(#5320,#5321,#5322,#5323,#5324));
#5326= IFCRELDEFINESBYPROPERTIES('MJLRPS0050203000000000',#5,$,$,(#5319),#5325);
#5327= IFCQUANTITYAREA('GrossArea',$,$,144.000,$);
#5328= IFCQUANTITYVOLUME('GrossVolume',$,$,31.680,$);
#5329= IFCQUANTITYCOUNT('Count',$,$,1.,$);
#5330= IFCELEMENTQUANTITY('MJLQTO0050203000000000',#5,'BaseQuantities',$,$,(#5327,#5328,#5329));
#5331= IFCRELDEFINESBYPROPERTIES('MJLRQT0050203000000000',#5,$,$,(#5319),#5330);
#5332= IFCCARTESIANPOINT((0.,0.));
#5333= IFCDIRECTION((1.,0.));
#5334= IFCAXIS2PLACEMENT2D(#5332,#5333);
#5335= IFCRECTANGLEPROFILEDEF(.AREA.,$,#5334,0.220,26.000);
#5336= IFCCARTESIANPOINT((17.900,0.000,0.000));
#5337= IFCDIRECTION((0.,0.,1.));
#5338= IFCDIRECTION((1.,0.,0.));
#5339= IFCAXIS2PLACEMENT3D(#5336,#5337,#5338);
#5340= IFCDIRECTION((0.,0.,1.));
#5341= IFCEXTRUDEDAREASOLID(#5335,#5339,#5340,4.000);
#5342= IFCSHAPEREPRESENTATION(#10,'Body','SweptSolid',(#5341));
#5343= IFCPRODUCTDEFINITIONSHAPE($,$,(#5342));
#5344= IFCLOCALPLACEMENT(#5252,#9);
#5345= IFCWALL('MJLWALL050004000000000',#5,'L05 - East facade',$,$,#5344,#5343,$);
#5346= IFCPROPERTYSINGLEVALUE('AssetReference',$,IFCLABEL('WALL-05-004'),$);
#5347= IFCPROPERTYSINGLEVALUE('Level',$,IFCLABEL('Level 05'),$);
#5348= IFCPROPERTYSINGLEVALUE('System',$,IFCLABEL('Envelope'),$);
#5349= IFCPROPERTYSINGLEVALUE('Status',$,IFCLABEL('Issued for Coordination'),$);
#5350= IFCPROPERTYSINGLEVALUE('FireRating',$,IFCLABEL('60 min'),$);
#5351= IFCPROPERTYSET('MJLPSET050204000000000',#5,'Pset_MajalAsset',$,(#5346,#5347,#5348,#5349,#5350));
#5352= IFCRELDEFINESBYPROPERTIES('MJLRPS0050204000000000',#5,$,$,(#5345),#5351);
#5353= IFCQUANTITYAREA('GrossArea',$,$,5.720,$);
#5354= IFCQUANTITYVOLUME('GrossVolume',$,$,22.880,$);
#5355= IFCQUANTITYCOUNT('Count',$,$,1.,$);
#5356= IFCELEMENTQUANTITY('MJLQTO0050204000000000',#5,'BaseQuantities',$,$,(#5353,#5354,#5355));
#5357= IFCRELDEFINESBYPROPERTIES('MJLRQT0050204000000000',#5,$,$,(#5345),#5356);
#5358= IFCCARTESIANPOINT((0.,0.));
#5359= IFCDIRECTION((1.,0.));
#5360= IFCAXIS2PLACEMENT2D(#5358,#5359);
#5361= IFCRECTANGLEPROFILEDEF(.AREA.,$,#5360,0.220,26.000);
#5362= IFCCARTESIANPOINT((-17.900,0.000,0.000));
#5363= IFCDIRECTION((0.,0.,1.));
#5364= IFCDIRECTION((1.,0.,0.));
#5365= IFCAXIS2PLACEMENT3D(#5362,#5363,#5364);
#5366= IFCDIRECTION((0.,0.,1.));
#5367= IFCEXTRUDEDAREASOLID(#5361,#5365,#5366,4.000);
#5368= IFCSHAPEREPRESENTATION(#10,'Body','SweptSolid',(#5367));
#5369= IFCPRODUCTDEFINITIONSHAPE($,$,(#5368));
#5370= IFCLOCALPLACEMENT(#5252,#9);
#5371= IFCWALL('MJLWALL050005000000000',#5,'L05 - West facade',$,$,#5370,#5369,$);
#5372= IFCPROPERTYSINGLEVALUE('AssetReference',$,IFCLABEL('WALL-05-005'),$);
#5373= IFCPROPERTYSINGLEVALUE('Level',$,IFCLABEL('Level 05'),$);
#5374= IFCPROPERTYSINGLEVALUE('System',$,IFCLABEL('Envelope'),$);
#5375= IFCPROPERTYSINGLEVALUE('Status',$,IFCLABEL('Issued for Coordination'),$);
#5376= IFCPROPERTYSINGLEVALUE('FireRating',$,IFCLABEL('60 min'),$);
#5377= IFCPROPERTYSET('MJLPSET050205000000000',#5,'Pset_MajalAsset',$,(#5372,#5373,#5374,#5375,#5376));
#5378= IFCRELDEFINESBYPROPERTIES('MJLRPS0050205000000000',#5,$,$,(#5371),#5377);
#5379= IFCQUANTITYAREA('GrossArea',$,$,5.720,$);
#5380= IFCQUANTITYVOLUME('GrossVolume',$,$,22.880,$);
#5381= IFCQUANTITYCOUNT('Count',$,$,1.,$);
#5382= IFCELEMENTQUANTITY('MJLQTO0050205000000000',#5,'BaseQuantities',$,$,(#5379,#5380,#5381));
#5383= IFCRELDEFINESBYPROPERTIES('MJLRQT0050205000000000',#5,$,$,(#5371),#5382);
#5384= IFCCARTESIANPOINT((0.,0.));
#5385= IFCDIRECTION((1.,0.));
#5386= IFCAXIS2PLACEMENT2D(#5384,#5385);
#5387= IFCRECTANGLEPROFILEDEF(.AREA.,$,#5386,10.000,0.300);
#5388= IFCCARTESIANPOINT((0.000,3.900,0.000));
#5389= IFCDIRECTION((0.,0.,1.));
#5390= IFCDIRECTION((1.,0.,0.));
#5391= IFCAXIS2PLACEMENT3D(#5388,#5389,#5390);
#5392= IFCDIRECTION((0.,0.,1.));
#5393= IFCEXTRUDEDAREASOLID(#5387,#5391,#5392,4.000);
#5394= IFCSHAPEREPRESENTATION(#10,'Body','SweptSolid',(#5393));
#5395= IFCPRODUCTDEFINITIONSHAPE($,$,(#5394));
#5396= IFCLOCALPLACEMENT(#5252,#9);
#5397= IFCWALL('MJLCORE050006000000000',#5,'L05 - Core north',$,$,#5396,#5395,$);
#5398= IFCPROPERTYSINGLEVALUE('AssetReference',$,IFCLABEL('CORE-05-006'),$);
#5399= IFCPROPERTYSINGLEVALUE('Level',$,IFCLABEL('Level 05'),$);
#5400= IFCPROPERTYSINGLEVALUE('System',$,IFCLABEL('Core'),$);
#5401= IFCPROPERTYSINGLEVALUE('Status',$,IFCLABEL('Issued for Coordination'),$);
#5402= IFCPROPERTYSINGLEVALUE('FireRating',$,IFCLABEL('120 min'),$);
#5403= IFCPROPERTYSET('MJLPSET050206000000000',#5,'Pset_MajalAsset',$,(#5398,#5399,#5400,#5401,#5402));
#5404= IFCRELDEFINESBYPROPERTIES('MJLRPS0050206000000000',#5,$,$,(#5397),#5403);
#5405= IFCQUANTITYAREA('GrossArea',$,$,40.000,$);
#5406= IFCQUANTITYVOLUME('GrossVolume',$,$,12.000,$);
#5407= IFCQUANTITYCOUNT('Count',$,$,1.,$);
#5408= IFCELEMENTQUANTITY('MJLQTO0050206000000000',#5,'BaseQuantities',$,$,(#5405,#5406,#5407));
#5409= IFCRELDEFINESBYPROPERTIES('MJLRQT0050206000000000',#5,$,$,(#5397),#5408);
#5410= IFCCARTESIANPOINT((0.,0.));
#5411= IFCDIRECTION((1.,0.));
#5412= IFCAXIS2PLACEMENT2D(#5410,#5411);
#5413= IFCRECTANGLEPROFILEDEF(.AREA.,$,#5412,10.000,0.300);
#5414= IFCCARTESIANPOINT((0.000,-3.900,0.000));
#5415= IFCDIRECTION((0.,0.,1.));
#5416= IFCDIRECTION((1.,0.,0.));
#5417= IFCAXIS2PLACEMENT3D(#5414,#5415,#5416);
#5418= IFCDIRECTION((0.,0.,1.));
#5419= IFCEXTRUDEDAREASOLID(#5413,#5417,#5418,4.000);
#5420= IFCSHAPEREPRESENTATION(#10,'Body','SweptSolid',(#5419));
#5421= IFCPRODUCTDEFINITIONSHAPE($,$,(#5420));
#5422= IFCLOCALPLACEMENT(#5252,#9);
#5423= IFCWALL('MJLCORE050007000000000',#5,'L05 - Core south',$,$,#5422,#5421,$);
#5424= IFCPROPERTYSINGLEVALUE('AssetReference',$,IFCLABEL('CORE-05-007'),$);
#5425= IFCPROPERTYSINGLEVALUE('Level',$,IFCLABEL('Level 05'),$);
#5426= IFCPROPERTYSINGLEVALUE('System',$,IFCLABEL('Core'),$);
#5427= IFCPROPERTYSINGLEVALUE('Status',$,IFCLABEL('Issued for Coordination'),$);
#5428= IFCPROPERTYSINGLEVALUE('FireRating',$,IFCLABEL('120 min'),$);
#5429= IFCPROPERTYSET('MJLPSET050207000000000',#5,'Pset_MajalAsset',$,(#5424,#5425,#5426,#5427,#5428));
#5430= IFCRELDEFINESBYPROPERTIES('MJLRPS0050207000000000',#5,$,$,(#5423),#5429);
#5431= IFCQUANTITYAREA('GrossArea',$,$,40.000,$);
#5432= IFCQUANTITYVOLUME('GrossVolume',$,$,12.000,$);
#5433= IFCQUANTITYCOUNT('Count',$,$,1.,$);
#5434= IFCELEMENTQUANTITY('MJLQTO0050207000000000',#5,'BaseQuantities',$,$,(#5431,#5432,#5433));
#5435= IFCRELDEFINESBYPROPERTIES('MJLRQT0050207000000000',#5,$,$,(#5423),#5434);
#5436= IFCCARTESIANPOINT((0.,0.));
#5437= IFCDIRECTION((1.,0.));
#5438= IFCAXIS2PLACEMENT2D(#5436,#5437);
#5439= IFCRECTANGLEPROFILEDEF(.AREA.,$,#5438,0.300,8.000);
#5440= IFCCARTESIANPOINT((4.900,0.000,0.000));
#5441= IFCDIRECTION((0.,0.,1.));
#5442= IFCDIRECTION((1.,0.,0.));
#5443= IFCAXIS2PLACEMENT3D(#5440,#5441,#5442);
#5444= IFCDIRECTION((0.,0.,1.));
#5445= IFCEXTRUDEDAREASOLID(#5439,#5443,#5444,4.000);
#5446= IFCSHAPEREPRESENTATION(#10,'Body','SweptSolid',(#5445));
#5447= IFCPRODUCTDEFINITIONSHAPE($,$,(#5446));
#5448= IFCLOCALPLACEMENT(#5252,#9);
#5449= IFCWALL('MJLCORE050008000000000',#5,'L05 - Core east',$,$,#5448,#5447,$);
#5450= IFCPROPERTYSINGLEVALUE('AssetReference',$,IFCLABEL('CORE-05-008'),$);
#5451= IFCPROPERTYSINGLEVALUE('Level',$,IFCLABEL('Level 05'),$);
#5452= IFCPROPERTYSINGLEVALUE('System',$,IFCLABEL('Core'),$);
#5453= IFCPROPERTYSINGLEVALUE('Status',$,IFCLABEL('Issued for Coordination'),$);
#5454= IFCPROPERTYSINGLEVALUE('FireRating',$,IFCLABEL('120 min'),$);
#5455= IFCPROPERTYSET('MJLPSET050208000000000',#5,'Pset_MajalAsset',$,(#5450,#5451,#5452,#5453,#5454));
#5456= IFCRELDEFINESBYPROPERTIES('MJLRPS0050208000000000',#5,$,$,(#5449),#5455);
#5457= IFCQUANTITYAREA('GrossArea',$,$,2.400,$);
#5458= IFCQUANTITYVOLUME('GrossVolume',$,$,9.600,$);
#5459= IFCQUANTITYCOUNT('Count',$,$,1.,$);
#5460= IFCELEMENTQUANTITY('MJLQTO0050208000000000',#5,'BaseQuantities',$,$,(#5457,#5458,#5459));
#5461= IFCRELDEFINESBYPROPERTIES('MJLRQT0050208000000000',#5,$,$,(#5449),#5460);
#5462= IFCCARTESIANPOINT((0.,0.));
#5463= IFCDIRECTION((1.,0.));
#5464= IFCAXIS2PLACEMENT2D(#5462,#5463);
#5465= IFCRECTANGLEPROFILEDEF(.AREA.,$,#5464,0.300,8.000);
#5466= IFCCARTESIANPOINT((-4.900,0.000,0.000));
#5467= IFCDIRECTION((0.,0.,1.));
#5468= IFCDIRECTION((1.,0.,0.));
#5469= IFCAXIS2PLACEMENT3D(#5466,#5467,#5468);
#5470= IFCDIRECTION((0.,0.,1.));
#5471= IFCEXTRUDEDAREASOLID(#5465,#5469,#5470,4.000);
#5472= IFCSHAPEREPRESENTATION(#10,'Body','SweptSolid',(#5471));
#5473= IFCPRODUCTDEFINITIONSHAPE($,$,(#5472));
#5474= IFCLOCALPLACEMENT(#5252,#9);
#5475= IFCWALL('MJLCORE050009000000000',#5,'L05 - Core west',$,$,#5474,#5473,$);
#5476= IFCPROPERTYSINGLEVALUE('AssetReference',$,IFCLABEL('CORE-05-009'),$);
#5477= IFCPROPERTYSINGLEVALUE('Level',$,IFCLABEL('Level 05'),$);
#5478= IFCPROPERTYSINGLEVALUE('System',$,IFCLABEL('Core'),$);
#5479= IFCPROPERTYSINGLEVALUE('Status',$,IFCLABEL('Issued for Coordination'),$);
#5480= IFCPROPERTYSINGLEVALUE('FireRating',$,IFCLABEL('120 min'),$);
#5481= IFCPROPERTYSET('MJLPSET050209000000000',#5,'Pset_MajalAsset',$,(#5476,#5477,#5478,#5479,#5480));
#5482= IFCRELDEFINESBYPROPERTIES('MJLRPS0050209000000000',#5,$,$,(#5475),#5481);
#5483= IFCQUANTITYAREA('GrossArea',$,$,2.400,$);
#5484= IFCQUANTITYVOLUME('GrossVolume',$,$,9.600,$);
#5485= IFCQUANTITYCOUNT('Count',$,$,1.,$);
#5486= IFCELEMENTQUANTITY('MJLQTO0050209000000000',#5,'BaseQuantities',$,$,(#5483,#5484,#5485));
#5487= IFCRELDEFINESBYPROPERTIES('MJLRQT0050209000000000',#5,$,$,(#5475),#5486);
#5488= IFCCARTESIANPOINT((0.,0.));
#5489= IFCDIRECTION((1.,0.));
#5490= IFCAXIS2PLACEMENT2D(#5488,#5489);
#5491= IFCRECTANGLEPROFILEDEF(.AREA.,$,#5490,0.550,0.550);
#5492= IFCCARTESIANPOINT((-15.000,-10.000,0.000));
#5493= IFCDIRECTION((0.,0.,1.));
#5494= IFCDIRECTION((1.,0.,0.));
#5495= IFCAXIS2PLACEMENT3D(#5492,#5493,#5494);
#5496= IFCDIRECTION((0.,0.,1.));
#5497= IFCEXTRUDEDAREASOLID(#5491,#5495,#5496,4.000);
#5498= IFCSHAPEREPRESENTATION(#10,'Body','SweptSolid',(#5497));
#5499= IFCPRODUCTDEFINITIONSHAPE($,$,(#5498));
#5500= IFCLOCALPLACEMENT(#5252,#9);
#5501= IFCCOLUMN('MJLCOL0050010000000000',#5,'L05 - Column -15/-10',$,$,#5500,#5499,$);
#5502= IFCPROPERTYSINGLEVALUE('AssetReference',$,IFCLABEL('COL-05-010'),$);
#5503= IFCPROPERTYSINGLEVALUE('Level',$,IFCLABEL('Level 05'),$);
#5504= IFCPROPERTYSINGLEVALUE('System',$,IFCLABEL('Structure'),$);
#5505= IFCPROPERTYSINGLEVALUE('Status',$,IFCLABEL('Issued for Coordination'),$);
#5506= IFCPROPERTYSINGLEVALUE('FireRating',$,IFCLABEL('120 min'),$);
#5507= IFCPROPERTYSET('MJLPSET050210000000000',#5,'Pset_MajalAsset',$,(#5502,#5503,#5504,#5505,#5506));
#5508= IFCRELDEFINESBYPROPERTIES('MJLRPS0050210000000000',#5,$,$,(#5501),#5507);
#5509= IFCQUANTITYAREA('GrossArea',$,$,2.200,$);
#5510= IFCQUANTITYVOLUME('GrossVolume',$,$,1.210,$);
#5511= IFCQUANTITYCOUNT('Count',$,$,1.,$);
#5512= IFCELEMENTQUANTITY('MJLQTO0050210000000000',#5,'BaseQuantities',$,$,(#5509,#5510,#5511));
#5513= IFCRELDEFINESBYPROPERTIES('MJLRQT0050210000000000',#5,$,$,(#5501),#5512);
#5514= IFCCARTESIANPOINT((0.,0.));
#5515= IFCDIRECTION((1.,0.));
#5516= IFCAXIS2PLACEMENT2D(#5514,#5515);
#5517= IFCRECTANGLEPROFILEDEF(.AREA.,$,#5516,0.550,0.550);
#5518= IFCCARTESIANPOINT((-15.000,0.000,0.000));
#5519= IFCDIRECTION((0.,0.,1.));
#5520= IFCDIRECTION((1.,0.,0.));
#5521= IFCAXIS2PLACEMENT3D(#5518,#5519,#5520);
#5522= IFCDIRECTION((0.,0.,1.));
#5523= IFCEXTRUDEDAREASOLID(#5517,#5521,#5522,4.000);
#5524= IFCSHAPEREPRESENTATION(#10,'Body','SweptSolid',(#5523));
#5525= IFCPRODUCTDEFINITIONSHAPE($,$,(#5524));
#5526= IFCLOCALPLACEMENT(#5252,#9);
#5527= IFCCOLUMN('MJLCOL0050011000000000',#5,'L05 - Column -15/+00',$,$,#5526,#5525,$);
#5528= IFCPROPERTYSINGLEVALUE('AssetReference',$,IFCLABEL('COL-05-011'),$);
#5529= IFCPROPERTYSINGLEVALUE('Level',$,IFCLABEL('Level 05'),$);
#5530= IFCPROPERTYSINGLEVALUE('System',$,IFCLABEL('Structure'),$);
#5531= IFCPROPERTYSINGLEVALUE('Status',$,IFCLABEL('Issued for Coordination'),$);
#5532= IFCPROPERTYSINGLEVALUE('FireRating',$,IFCLABEL('120 min'),$);
#5533= IFCPROPERTYSET('MJLPSET050211000000000',#5,'Pset_MajalAsset',$,(#5528,#5529,#5530,#5531,#5532));
#5534= IFCRELDEFINESBYPROPERTIES('MJLRPS0050211000000000',#5,$,$,(#5527),#5533);
#5535= IFCQUANTITYAREA('GrossArea',$,$,2.200,$);
#5536= IFCQUANTITYVOLUME('GrossVolume',$,$,1.210,$);
#5537= IFCQUANTITYCOUNT('Count',$,$,1.,$);
#5538= IFCELEMENTQUANTITY('MJLQTO0050211000000000',#5,'BaseQuantities',$,$,(#5535,#5536,#5537));
#5539= IFCRELDEFINESBYPROPERTIES('MJLRQT0050211000000000',#5,$,$,(#5527),#5538);
#5540= IFCCARTESIANPOINT((0.,0.));
#5541= IFCDIRECTION((1.,0.));
#5542= IFCAXIS2PLACEMENT2D(#5540,#5541);
#5543= IFCRECTANGLEPROFILEDEF(.AREA.,$,#5542,0.550,0.550);
#5544= IFCCARTESIANPOINT((-15.000,10.000,0.000));
#5545= IFCDIRECTION((0.,0.,1.));
#5546= IFCDIRECTION((1.,0.,0.));
#5547= IFCAXIS2PLACEMENT3D(#5544,#5545,#5546);
#5548= IFCDIRECTION((0.,0.,1.));
#5549= IFCEXTRUDEDAREASOLID(#5543,#5547,#5548,4.000);
#5550= IFCSHAPEREPRESENTATION(#10,'Body','SweptSolid',(#5549));
#5551= IFCPRODUCTDEFINITIONSHAPE($,$,(#5550));
#5552= IFCLOCALPLACEMENT(#5252,#9);
#5553= IFCCOLUMN('MJLCOL0050012000000000',#5,'L05 - Column -15/+10',$,$,#5552,#5551,$);
#5554= IFCPROPERTYSINGLEVALUE('AssetReference',$,IFCLABEL('COL-05-012'),$);
#5555= IFCPROPERTYSINGLEVALUE('Level',$,IFCLABEL('Level 05'),$);
#5556= IFCPROPERTYSINGLEVALUE('System',$,IFCLABEL('Structure'),$);
#5557= IFCPROPERTYSINGLEVALUE('Status',$,IFCLABEL('Issued for Coordination'),$);
#5558= IFCPROPERTYSINGLEVALUE('FireRating',$,IFCLABEL('120 min'),$);
#5559= IFCPROPERTYSET('MJLPSET050212000000000',#5,'Pset_MajalAsset',$,(#5554,#5555,#5556,#5557,#5558));
#5560= IFCRELDEFINESBYPROPERTIES('MJLRPS0050212000000000',#5,$,$,(#5553),#5559);
#5561= IFCQUANTITYAREA('GrossArea',$,$,2.200,$);
#5562= IFCQUANTITYVOLUME('GrossVolume',$,$,1.210,$);
#5563= IFCQUANTITYCOUNT('Count',$,$,1.,$);
#5564= IFCELEMENTQUANTITY('MJLQTO0050212000000000',#5,'BaseQuantities',$,$,(#5561,#5562,#5563));
#5565= IFCRELDEFINESBYPROPERTIES('MJLRQT0050212000000000',#5,$,$,(#5553),#5564);
#5566= IFCCARTESIANPOINT((0.,0.));
#5567= IFCDIRECTION((1.,0.));
#5568= IFCAXIS2PLACEMENT2D(#5566,#5567);
#5569= IFCRECTANGLEPROFILEDEF(.AREA.,$,#5568,0.550,0.550);
#5570= IFCCARTESIANPOINT((-9.000,-10.000,0.000));
#5571= IFCDIRECTION((0.,0.,1.));
#5572= IFCDIRECTION((1.,0.,0.));
#5573= IFCAXIS2PLACEMENT3D(#5570,#5571,#5572);
#5574= IFCDIRECTION((0.,0.,1.));
#5575= IFCEXTRUDEDAREASOLID(#5569,#5573,#5574,4.000);
#5576= IFCSHAPEREPRESENTATION(#10,'Body','SweptSolid',(#5575));
#5577= IFCPRODUCTDEFINITIONSHAPE($,$,(#5576));
#5578= IFCLOCALPLACEMENT(#5252,#9);
#5579= IFCCOLUMN('MJLCOL0050013000000000',#5,'L05 - Column -09/-10',$,$,#5578,#5577,$);
#5580= IFCPROPERTYSINGLEVALUE('AssetReference',$,IFCLABEL('COL-05-013'),$);
#5581= IFCPROPERTYSINGLEVALUE('Level',$,IFCLABEL('Level 05'),$);
#5582= IFCPROPERTYSINGLEVALUE('System',$,IFCLABEL('Structure'),$);
#5583= IFCPROPERTYSINGLEVALUE('Status',$,IFCLABEL('Issued for Coordination'),$);
#5584= IFCPROPERTYSINGLEVALUE('FireRating',$,IFCLABEL('120 min'),$);
#5585= IFCPROPERTYSET('MJLPSET050213000000000',#5,'Pset_MajalAsset',$,(#5580,#5581,#5582,#5583,#5584));
#5586= IFCRELDEFINESBYPROPERTIES('MJLRPS0050213000000000',#5,$,$,(#5579),#5585);
#5587= IFCQUANTITYAREA('GrossArea',$,$,2.200,$);
#5588= IFCQUANTITYVOLUME('GrossVolume',$,$,1.210,$);
#5589= IFCQUANTITYCOUNT('Count',$,$,1.,$);
#5590= IFCELEMENTQUANTITY('MJLQTO0050213000000000',#5,'BaseQuantities',$,$,(#5587,#5588,#5589));
#5591= IFCRELDEFINESBYPROPERTIES('MJLRQT0050213000000000',#5,$,$,(#5579),#5590);
#5592= IFCCARTESIANPOINT((0.,0.));
#5593= IFCDIRECTION((1.,0.));
#5594= IFCAXIS2PLACEMENT2D(#5592,#5593);
#5595= IFCRECTANGLEPROFILEDEF(.AREA.,$,#5594,0.550,0.550);
#5596= IFCCARTESIANPOINT((-9.000,0.000,0.000));
#5597= IFCDIRECTION((0.,0.,1.));
#5598= IFCDIRECTION((1.,0.,0.));
#5599= IFCAXIS2PLACEMENT3D(#5596,#5597,#5598);
#5600= IFCDIRECTION((0.,0.,1.));
#5601= IFCEXTRUDEDAREASOLID(#5595,#5599,#5600,4.000);
#5602= IFCSHAPEREPRESENTATION(#10,'Body','SweptSolid',(#5601));
#5603= IFCPRODUCTDEFINITIONSHAPE($,$,(#5602));
#5604= IFCLOCALPLACEMENT(#5252,#9);
#5605= IFCCOLUMN('MJLCOL0050014000000000',#5,'L05 - Column -09/+00',$,$,#5604,#5603,$);
#5606= IFCPROPERTYSINGLEVALUE('AssetReference',$,IFCLABEL('COL-05-014'),$);
#5607= IFCPROPERTYSINGLEVALUE('Level',$,IFCLABEL('Level 05'),$);
#5608= IFCPROPERTYSINGLEVALUE('System',$,IFCLABEL('Structure'),$);
#5609= IFCPROPERTYSINGLEVALUE('Status',$,IFCLABEL('Issued for Coordination'),$);
#5610= IFCPROPERTYSINGLEVALUE('FireRating',$,IFCLABEL('120 min'),$);
#5611= IFCPROPERTYSET('MJLPSET050214000000000',#5,'Pset_MajalAsset',$,(#5606,#5607,#5608,#5609,#5610));
#5612= IFCRELDEFINESBYPROPERTIES('MJLRPS0050214000000000',#5,$,$,(#5605),#5611);
#5613= IFCQUANTITYAREA('GrossArea',$,$,2.200,$);
#5614= IFCQUANTITYVOLUME('GrossVolume',$,$,1.210,$);
#5615= IFCQUANTITYCOUNT('Count',$,$,1.,$);
#5616= IFCELEMENTQUANTITY('MJLQTO0050214000000000',#5,'BaseQuantities',$,$,(#5613,#5614,#5615));
#5617= IFCRELDEFINESBYPROPERTIES('MJLRQT0050214000000000',#5,$,$,(#5605),#5616);
#5618= IFCCARTESIANPOINT((0.,0.));
#5619= IFCDIRECTION((1.,0.));
#5620= IFCAXIS2PLACEMENT2D(#5618,#5619);
#5621= IFCRECTANGLEPROFILEDEF(.AREA.,$,#5620,0.550,0.550);
#5622= IFCCARTESIANPOINT((-9.000,10.000,0.000));
#5623= IFCDIRECTION((0.,0.,1.));
#5624= IFCDIRECTION((1.,0.,0.));
#5625= IFCAXIS2PLACEMENT3D(#5622,#5623,#5624);
#5626= IFCDIRECTION((0.,0.,1.));
#5627= IFCEXTRUDEDAREASOLID(#5621,#5625,#5626,4.000);
#5628= IFCSHAPEREPRESENTATION(#10,'Body','SweptSolid',(#5627));
#5629= IFCPRODUCTDEFINITIONSHAPE($,$,(#5628));
#5630= IFCLOCALPLACEMENT(#5252,#9);
#5631= IFCCOLUMN('MJLCOL0050015000000000',#5,'L05 - Column -09/+10',$,$,#5630,#5629,$);
#5632= IFCPROPERTYSINGLEVALUE('AssetReference',$,IFCLABEL('COL-05-015'),$);
#5633= IFCPROPERTYSINGLEVALUE('Level',$,IFCLABEL('Level 05'),$);
#5634= IFCPROPERTYSINGLEVALUE('System',$,IFCLABEL('Structure'),$);
#5635= IFCPROPERTYSINGLEVALUE('Status',$,IFCLABEL('Issued for Coordination'),$);
#5636= IFCPROPERTYSINGLEVALUE('FireRating',$,IFCLABEL('120 min'),$);
#5637= IFCPROPERTYSET('MJLPSET050215000000000',#5,'Pset_MajalAsset',$,(#5632,#5633,#5634,#5635,#5636));
#5638= IFCRELDEFINESBYPROPERTIES('MJLRPS0050215000000000',#5,$,$,(#5631),#5637);
#5639= IFCQUANTITYAREA('GrossArea',$,$,2.200,$);
#5640= IFCQUANTITYVOLUME('GrossVolume',$,$,1.210,$);
#5641= IFCQUANTITYCOUNT('Count',$,$,1.,$);
#5642= IFCELEMENTQUANTITY('MJLQTO0050215000000000',#5,'BaseQuantities',$,$,(#5639,#5640,#5641));
#5643= IFCRELDEFINESBYPROPERTIES('MJLRQT0050215000000000',#5,$,$,(#5631),#5642);
#5644= IFCCARTESIANPOINT((0.,0.));
#5645= IFCDIRECTION((1.,0.));
#5646= IFCAXIS2PLACEMENT2D(#5644,#5645);
#5647= IFCRECTANGLEPROFILEDEF(.AREA.,$,#5646,0.550,0.550);
#5648= IFCCARTESIANPOINT((-3.000,-10.000,0.000));
#5649= IFCDIRECTION((0.,0.,1.));
#5650= IFCDIRECTION((1.,0.,0.));
#5651= IFCAXIS2PLACEMENT3D(#5648,#5649,#5650);
#5652= IFCDIRECTION((0.,0.,1.));
#5653= IFCEXTRUDEDAREASOLID(#5647,#5651,#5652,4.000);
#5654= IFCSHAPEREPRESENTATION(#10,'Body','SweptSolid',(#5653));
#5655= IFCPRODUCTDEFINITIONSHAPE($,$,(#5654));
#5656= IFCLOCALPLACEMENT(#5252,#9);
#5657= IFCCOLUMN('MJLCOL0050016000000000',#5,'L05 - Column -03/-10',$,$,#5656,#5655,$);
#5658= IFCPROPERTYSINGLEVALUE('AssetReference',$,IFCLABEL('COL-05-016'),$);
#5659= IFCPROPERTYSINGLEVALUE('Level',$,IFCLABEL('Level 05'),$);
#5660= IFCPROPERTYSINGLEVALUE('System',$,IFCLABEL('Structure'),$);
#5661= IFCPROPERTYSINGLEVALUE('Status',$,IFCLABEL('Issued for Coordination'),$);
#5662= IFCPROPERTYSINGLEVALUE('FireRating',$,IFCLABEL('120 min'),$);
#5663= IFCPROPERTYSET('MJLPSET050216000000000',#5,'Pset_MajalAsset',$,(#5658,#5659,#5660,#5661,#5662));
#5664= IFCRELDEFINESBYPROPERTIES('MJLRPS0050216000000000',#5,$,$,(#5657),#5663);
#5665= IFCQUANTITYAREA('GrossArea',$,$,2.200,$);
#5666= IFCQUANTITYVOLUME('GrossVolume',$,$,1.210,$);
#5667= IFCQUANTITYCOUNT('Count',$,$,1.,$);
#5668= IFCELEMENTQUANTITY('MJLQTO0050216000000000',#5,'BaseQuantities',$,$,(#5665,#5666,#5667));
#5669= IFCRELDEFINESBYPROPERTIES('MJLRQT0050216000000000',#5,$,$,(#5657),#5668);
#5670= IFCCARTESIANPOINT((0.,0.));
#5671= IFCDIRECTION((1.,0.));
#5672= IFCAXIS2PLACEMENT2D(#5670,#5671);
#5673= IFCRECTANGLEPROFILEDEF(.AREA.,$,#5672,0.550,0.550);
#5674= IFCCARTESIANPOINT((-3.000,0.000,0.000));
#5675= IFCDIRECTION((0.,0.,1.));
#5676= IFCDIRECTION((1.,0.,0.));
#5677= IFCAXIS2PLACEMENT3D(#5674,#5675,#5676);
#5678= IFCDIRECTION((0.,0.,1.));
#5679= IFCEXTRUDEDAREASOLID(#5673,#5677,#5678,4.000);
#5680= IFCSHAPEREPRESENTATION(#10,'Body','SweptSolid',(#5679));
#5681= IFCPRODUCTDEFINITIONSHAPE($,$,(#5680));
#5682= IFCLOCALPLACEMENT(#5252,#9);
#5683= IFCCOLUMN('MJLCOL0050017000000000',#5,'L05 - Column -03/+00',$,$,#5682,#5681,$);
#5684= IFCPROPERTYSINGLEVALUE('AssetReference',$,IFCLABEL('COL-05-017'),$);
#5685= IFCPROPERTYSINGLEVALUE('Level',$,IFCLABEL('Level 05'),$);
#5686= IFCPROPERTYSINGLEVALUE('System',$,IFCLABEL('Structure'),$);
#5687= IFCPROPERTYSINGLEVALUE('Status',$,IFCLABEL('Issued for Coordination'),$);
#5688= IFCPROPERTYSINGLEVALUE('FireRating',$,IFCLABEL('120 min'),$);
#5689= IFCPROPERTYSET('MJLPSET050217000000000',#5,'Pset_MajalAsset',$,(#5684,#5685,#5686,#5687,#5688));
#5690= IFCRELDEFINESBYPROPERTIES('MJLRPS0050217000000000',#5,$,$,(#5683),#5689);
#5691= IFCQUANTITYAREA('GrossArea',$,$,2.200,$);
#5692= IFCQUANTITYVOLUME('GrossVolume',$,$,1.210,$);
#5693= IFCQUANTITYCOUNT('Count',$,$,1.,$);
#5694= IFCELEMENTQUANTITY('MJLQTO0050217000000000',#5,'BaseQuantities',$,$,(#5691,#5692,#5693));
#5695= IFCRELDEFINESBYPROPERTIES('MJLRQT0050217000000000',#5,$,$,(#5683),#5694);
#5696= IFCCARTESIANPOINT((0.,0.));
#5697= IFCDIRECTION((1.,0.));
#5698= IFCAXIS2PLACEMENT2D(#5696,#5697);
#5699= IFCRECTANGLEPROFILEDEF(.AREA.,$,#5698,0.550,0.550);
#5700= IFCCARTESIANPOINT((-3.000,10.000,0.000));
#5701= IFCDIRECTION((0.,0.,1.));
#5702= IFCDIRECTION((1.,0.,0.));
#5703= IFCAXIS2PLACEMENT3D(#5700,#5701,#5702);
#5704= IFCDIRECTION((0.,0.,1.));
#5705= IFCEXTRUDEDAREASOLID(#5699,#5703,#5704,4.000);
#5706= IFCSHAPEREPRESENTATION(#10,'Body','SweptSolid',(#5705));
#5707= IFCPRODUCTDEFINITIONSHAPE($,$,(#5706));
#5708= IFCLOCALPLACEMENT(#5252,#9);
#5709= IFCCOLUMN('MJLCOL0050018000000000',#5,'L05 - Column -03/+10',$,$,#5708,#5707,$);
#5710= IFCPROPERTYSINGLEVALUE('AssetReference',$,IFCLABEL('COL-05-018'),$);
#5711= IFCPROPERTYSINGLEVALUE('Level',$,IFCLABEL('Level 05'),$);
#5712= IFCPROPERTYSINGLEVALUE('System',$,IFCLABEL('Structure'),$);
#5713= IFCPROPERTYSINGLEVALUE('Status',$,IFCLABEL('Issued for Coordination'),$);
#5714= IFCPROPERTYSINGLEVALUE('FireRating',$,IFCLABEL('120 min'),$);
#5715= IFCPROPERTYSET('MJLPSET050218000000000',#5,'Pset_MajalAsset',$,(#5710,#5711,#5712,#5713,#5714));
#5716= IFCRELDEFINESBYPROPERTIES('MJLRPS0050218000000000',#5,$,$,(#5709),#5715);
#5717= IFCQUANTITYAREA('GrossArea',$,$,2.200,$);
#5718= IFCQUANTITYVOLUME('GrossVolume',$,$,1.210,$);
#5719= IFCQUANTITYCOUNT('Count',$,$,1.,$);
#5720= IFCELEMENTQUANTITY('MJLQTO0050218000000000',#5,'BaseQuantities',$,$,(#5717,#5718,#5719));
#5721= IFCRELDEFINESBYPROPERTIES('MJLRQT0050218000000000',#5,$,$,(#5709),#5720);
#5722= IFCCARTESIANPOINT((0.,0.));
#5723= IFCDIRECTION((1.,0.));
#5724= IFCAXIS2PLACEMENT2D(#5722,#5723);
#5725= IFCRECTANGLEPROFILEDEF(.AREA.,$,#5724,0.550,0.550);
#5726= IFCCARTESIANPOINT((3.000,-10.000,0.000));
#5727= IFCDIRECTION((0.,0.,1.));
#5728= IFCDIRECTION((1.,0.,0.));
#5729= IFCAXIS2PLACEMENT3D(#5726,#5727,#5728);
#5730= IFCDIRECTION((0.,0.,1.));
#5731= IFCEXTRUDEDAREASOLID(#5725,#5729,#5730,4.000);
#5732= IFCSHAPEREPRESENTATION(#10,'Body','SweptSolid',(#5731));
#5733= IFCPRODUCTDEFINITIONSHAPE($,$,(#5732));
#5734= IFCLOCALPLACEMENT(#5252,#9);
#5735= IFCCOLUMN('MJLCOL0050019000000000',#5,'L05 - Column +03/-10',$,$,#5734,#5733,$);
#5736= IFCPROPERTYSINGLEVALUE('AssetReference',$,IFCLABEL('COL-05-019'),$);
#5737= IFCPROPERTYSINGLEVALUE('Level',$,IFCLABEL('Level 05'),$);
#5738= IFCPROPERTYSINGLEVALUE('System',$,IFCLABEL('Structure'),$);
#5739= IFCPROPERTYSINGLEVALUE('Status',$,IFCLABEL('Issued for Coordination'),$);
#5740= IFCPROPERTYSINGLEVALUE('FireRating',$,IFCLABEL('120 min'),$);
#5741= IFCPROPERTYSET('MJLPSET050219000000000',#5,'Pset_MajalAsset',$,(#5736,#5737,#5738,#5739,#5740));
#5742= IFCRELDEFINESBYPROPERTIES('MJLRPS0050219000000000',#5,$,$,(#5735),#5741);
#5743= IFCQUANTITYAREA('GrossArea',$,$,2.200,$);
#5744= IFCQUANTITYVOLUME('GrossVolume',$,$,1.210,$);
#5745= IFCQUANTITYCOUNT('Count',$,$,1.,$);
#5746= IFCELEMENTQUANTITY('MJLQTO0050219000000000',#5,'BaseQuantities',$,$,(#5743,#5744,#5745));
#5747= IFCRELDEFINESBYPROPERTIES('MJLRQT0050219000000000',#5,$,$,(#5735),#5746);
#5748= IFCCARTESIANPOINT((0.,0.));
#5749= IFCDIRECTION((1.,0.));
#5750= IFCAXIS2PLACEMENT2D(#5748,#5749);
#5751= IFCRECTANGLEPROFILEDEF(.AREA.,$,#5750,0.550,0.550);
#5752= IFCCARTESIANPOINT((3.000,0.000,0.000));
#5753= IFCDIRECTION((0.,0.,1.));
#5754= IFCDIRECTION((1.,0.,0.));
#5755= IFCAXIS2PLACEMENT3D(#5752,#5753,#5754);
#5756= IFCDIRECTION((0.,0.,1.));
#5757= IFCEXTRUDEDAREASOLID(#5751,#5755,#5756,4.000);
#5758= IFCSHAPEREPRESENTATION(#10,'Body','SweptSolid',(#5757));
#5759= IFCPRODUCTDEFINITIONSHAPE($,$,(#5758));
#5760= IFCLOCALPLACEMENT(#5252,#9);
#5761= IFCCOLUMN('MJLCOL0050020000000000',#5,'L05 - Column +03/+00',$,$,#5760,#5759,$);
#5762= IFCPROPERTYSINGLEVALUE('AssetReference',$,IFCLABEL('COL-05-020'),$);
#5763= IFCPROPERTYSINGLEVALUE('Level',$,IFCLABEL('Level 05'),$);
#5764= IFCPROPERTYSINGLEVALUE('System',$,IFCLABEL('Structure'),$);
#5765= IFCPROPERTYSINGLEVALUE('Status',$,IFCLABEL('Issued for Coordination'),$);
#5766= IFCPROPERTYSINGLEVALUE('FireRating',$,IFCLABEL('120 min'),$);
#5767= IFCPROPERTYSET('MJLPSET050220000000000',#5,'Pset_MajalAsset',$,(#5762,#5763,#5764,#5765,#5766));
#5768= IFCRELDEFINESBYPROPERTIES('MJLRPS0050220000000000',#5,$,$,(#5761),#5767);
#5769= IFCQUANTITYAREA('GrossArea',$,$,2.200,$);
#5770= IFCQUANTITYVOLUME('GrossVolume',$,$,1.210,$);
#5771= IFCQUANTITYCOUNT('Count',$,$,1.,$);
#5772= IFCELEMENTQUANTITY('MJLQTO0050220000000000',#5,'BaseQuantities',$,$,(#5769,#5770,#5771));
#5773= IFCRELDEFINESBYPROPERTIES('MJLRQT0050220000000000',#5,$,$,(#5761),#5772);
#5774= IFCCARTESIANPOINT((0.,0.));
#5775= IFCDIRECTION((1.,0.));
#5776= IFCAXIS2PLACEMENT2D(#5774,#5775);
#5777= IFCRECTANGLEPROFILEDEF(.AREA.,$,#5776,0.550,0.550);
#5778= IFCCARTESIANPOINT((3.000,10.000,0.000));
#5779= IFCDIRECTION((0.,0.,1.));
#5780= IFCDIRECTION((1.,0.,0.));
#5781= IFCAXIS2PLACEMENT3D(#5778,#5779,#5780);
#5782= IFCDIRECTION((0.,0.,1.));
#5783= IFCEXTRUDEDAREASOLID(#5777,#5781,#5782,4.000);
#5784= IFCSHAPEREPRESENTATION(#10,'Body','SweptSolid',(#5783));
#5785= IFCPRODUCTDEFINITIONSHAPE($,$,(#5784));
#5786= IFCLOCALPLACEMENT(#5252,#9);
#5787= IFCCOLUMN('MJLCOL0050021000000000',#5,'L05 - Column +03/+10',$,$,#5786,#5785,$);
#5788= IFCPROPERTYSINGLEVALUE('AssetReference',$,IFCLABEL('COL-05-021'),$);
#5789= IFCPROPERTYSINGLEVALUE('Level',$,IFCLABEL('Level 05'),$);
#5790= IFCPROPERTYSINGLEVALUE('System',$,IFCLABEL('Structure'),$);
#5791= IFCPROPERTYSINGLEVALUE('Status',$,IFCLABEL('Issued for Coordination'),$);
#5792= IFCPROPERTYSINGLEVALUE('FireRating',$,IFCLABEL('120 min'),$);
#5793= IFCPROPERTYSET('MJLPSET050221000000000',#5,'Pset_MajalAsset',$,(#5788,#5789,#5790,#5791,#5792));
#5794= IFCRELDEFINESBYPROPERTIES('MJLRPS0050221000000000',#5,$,$,(#5787),#5793);
#5795= IFCQUANTITYAREA('GrossArea',$,$,2.200,$);
#5796= IFCQUANTITYVOLUME('GrossVolume',$,$,1.210,$);
#5797= IFCQUANTITYCOUNT('Count',$,$,1.,$);
#5798= IFCELEMENTQUANTITY('MJLQTO0050221000000000',#5,'BaseQuantities',$,$,(#5795,#5796,#5797));
#5799= IFCRELDEFINESBYPROPERTIES('MJLRQT0050221000000000',#5,$,$,(#5787),#5798);
#5800= IFCCARTESIANPOINT((0.,0.));
#5801= IFCDIRECTION((1.,0.));
#5802= IFCAXIS2PLACEMENT2D(#5800,#5801);
#5803= IFCRECTANGLEPROFILEDEF(.AREA.,$,#5802,0.550,0.550);
#5804= IFCCARTESIANPOINT((9.000,-10.000,0.000));
#5805= IFCDIRECTION((0.,0.,1.));
#5806= IFCDIRECTION((1.,0.,0.));
#5807= IFCAXIS2PLACEMENT3D(#5804,#5805,#5806);
#5808= IFCDIRECTION((0.,0.,1.));
#5809= IFCEXTRUDEDAREASOLID(#5803,#5807,#5808,4.000);
#5810= IFCSHAPEREPRESENTATION(#10,'Body','SweptSolid',(#5809));
#5811= IFCPRODUCTDEFINITIONSHAPE($,$,(#5810));
#5812= IFCLOCALPLACEMENT(#5252,#9);
#5813= IFCCOLUMN('MJLCOL0050022000000000',#5,'L05 - Column +09/-10',$,$,#5812,#5811,$);
#5814= IFCPROPERTYSINGLEVALUE('AssetReference',$,IFCLABEL('COL-05-022'),$);
#5815= IFCPROPERTYSINGLEVALUE('Level',$,IFCLABEL('Level 05'),$);
#5816= IFCPROPERTYSINGLEVALUE('System',$,IFCLABEL('Structure'),$);
#5817= IFCPROPERTYSINGLEVALUE('Status',$,IFCLABEL('Issued for Coordination'),$);
#5818= IFCPROPERTYSINGLEVALUE('FireRating',$,IFCLABEL('120 min'),$);
#5819= IFCPROPERTYSET('MJLPSET050222000000000',#5,'Pset_MajalAsset',$,(#5814,#5815,#5816,#5817,#5818));
#5820= IFCRELDEFINESBYPROPERTIES('MJLRPS0050222000000000',#5,$,$,(#5813),#5819);
#5821= IFCQUANTITYAREA('GrossArea',$,$,2.200,$);
#5822= IFCQUANTITYVOLUME('GrossVolume',$,$,1.210,$);
#5823= IFCQUANTITYCOUNT('Count',$,$,1.,$);
#5824= IFCELEMENTQUANTITY('MJLQTO0050222000000000',#5,'BaseQuantities',$,$,(#5821,#5822,#5823));
#5825= IFCRELDEFINESBYPROPERTIES('MJLRQT0050222000000000',#5,$,$,(#5813),#5824);
#5826= IFCCARTESIANPOINT((0.,0.));
#5827= IFCDIRECTION((1.,0.));
#5828= IFCAXIS2PLACEMENT2D(#5826,#5827);
#5829= IFCRECTANGLEPROFILEDEF(.AREA.,$,#5828,0.550,0.550);
#5830= IFCCARTESIANPOINT((9.000,0.000,0.000));
#5831= IFCDIRECTION((0.,0.,1.));
#5832= IFCDIRECTION((1.,0.,0.));
#5833= IFCAXIS2PLACEMENT3D(#5830,#5831,#5832);
#5834= IFCDIRECTION((0.,0.,1.));
#5835= IFCEXTRUDEDAREASOLID(#5829,#5833,#5834,4.000);
#5836= IFCSHAPEREPRESENTATION(#10,'Body','SweptSolid',(#5835));
#5837= IFCPRODUCTDEFINITIONSHAPE($,$,(#5836));
#5838= IFCLOCALPLACEMENT(#5252,#9);
#5839= IFCCOLUMN('MJLCOL0050023000000000',#5,'L05 - Column +09/+00',$,$,#5838,#5837,$);
#5840= IFCPROPERTYSINGLEVALUE('AssetReference',$,IFCLABEL('COL-05-023'),$);
#5841= IFCPROPERTYSINGLEVALUE('Level',$,IFCLABEL('Level 05'),$);
#5842= IFCPROPERTYSINGLEVALUE('System',$,IFCLABEL('Structure'),$);
#5843= IFCPROPERTYSINGLEVALUE('Status',$,IFCLABEL('Issued for Coordination'),$);
#5844= IFCPROPERTYSINGLEVALUE('FireRating',$,IFCLABEL('120 min'),$);
#5845= IFCPROPERTYSET('MJLPSET050223000000000',#5,'Pset_MajalAsset',$,(#5840,#5841,#5842,#5843,#5844));
#5846= IFCRELDEFINESBYPROPERTIES('MJLRPS0050223000000000',#5,$,$,(#5839),#5845);
#5847= IFCQUANTITYAREA('GrossArea',$,$,2.200,$);
#5848= IFCQUANTITYVOLUME('GrossVolume',$,$,1.210,$);
#5849= IFCQUANTITYCOUNT('Count',$,$,1.,$);
#5850= IFCELEMENTQUANTITY('MJLQTO0050223000000000',#5,'BaseQuantities',$,$,(#5847,#5848,#5849));
#5851= IFCRELDEFINESBYPROPERTIES('MJLRQT0050223000000000',#5,$,$,(#5839),#5850);
#5852= IFCCARTESIANPOINT((0.,0.));
#5853= IFCDIRECTION((1.,0.));
#5854= IFCAXIS2PLACEMENT2D(#5852,#5853);
#5855= IFCRECTANGLEPROFILEDEF(.AREA.,$,#5854,0.550,0.550);
#5856= IFCCARTESIANPOINT((9.000,10.000,0.000));
#5857= IFCDIRECTION((0.,0.,1.));
#5858= IFCDIRECTION((1.,0.,0.));
#5859= IFCAXIS2PLACEMENT3D(#5856,#5857,#5858);
#5860= IFCDIRECTION((0.,0.,1.));
#5861= IFCEXTRUDEDAREASOLID(#5855,#5859,#5860,4.000);
#5862= IFCSHAPEREPRESENTATION(#10,'Body','SweptSolid',(#5861));
#5863= IFCPRODUCTDEFINITIONSHAPE($,$,(#5862));
#5864= IFCLOCALPLACEMENT(#5252,#9);
#5865= IFCCOLUMN('MJLCOL0050024000000000',#5,'L05 - Column +09/+10',$,$,#5864,#5863,$);
#5866= IFCPROPERTYSINGLEVALUE('AssetReference',$,IFCLABEL('COL-05-024'),$);
#5867= IFCPROPERTYSINGLEVALUE('Level',$,IFCLABEL('Level 05'),$);
#5868= IFCPROPERTYSINGLEVALUE('System',$,IFCLABEL('Structure'),$);
#5869= IFCPROPERTYSINGLEVALUE('Status',$,IFCLABEL('Issued for Coordination'),$);
#5870= IFCPROPERTYSINGLEVALUE('FireRating',$,IFCLABEL('120 min'),$);
#5871= IFCPROPERTYSET('MJLPSET050224000000000',#5,'Pset_MajalAsset',$,(#5866,#5867,#5868,#5869,#5870));
#5872= IFCRELDEFINESBYPROPERTIES('MJLRPS0050224000000000',#5,$,$,(#5865),#5871);
#5873= IFCQUANTITYAREA('GrossArea',$,$,2.200,$);
#5874= IFCQUANTITYVOLUME('GrossVolume',$,$,1.210,$);
#5875= IFCQUANTITYCOUNT('Count',$,$,1.,$);
#5876= IFCELEMENTQUANTITY('MJLQTO0050224000000000',#5,'BaseQuantities',$,$,(#5873,#5874,#5875));
#5877= IFCRELDEFINESBYPROPERTIES('MJLRQT0050224000000000',#5,$,$,(#5865),#5876);
#5878= IFCCARTESIANPOINT((0.,0.));
#5879= IFCDIRECTION((1.,0.));
#5880= IFCAXIS2PLACEMENT2D(#5878,#5879);
#5881= IFCRECTANGLEPROFILEDEF(.AREA.,$,#5880,0.550,0.550);
#5882= IFCCARTESIANPOINT((15.000,-10.000,0.000));
#5883= IFCDIRECTION((0.,0.,1.));
#5884= IFCDIRECTION((1.,0.,0.));
#5885= IFCAXIS2PLACEMENT3D(#5882,#5883,#5884);
#5886= IFCDIRECTION((0.,0.,1.));
#5887= IFCEXTRUDEDAREASOLID(#5881,#5885,#5886,4.000);
#5888= IFCSHAPEREPRESENTATION(#10,'Body','SweptSolid',(#5887));
#5889= IFCPRODUCTDEFINITIONSHAPE($,$,(#5888));
#5890= IFCLOCALPLACEMENT(#5252,#9);
#5891= IFCCOLUMN('MJLCOL0050025000000000',#5,'L05 - Column +15/-10',$,$,#5890,#5889,$);
#5892= IFCPROPERTYSINGLEVALUE('AssetReference',$,IFCLABEL('COL-05-025'),$);
#5893= IFCPROPERTYSINGLEVALUE('Level',$,IFCLABEL('Level 05'),$);
#5894= IFCPROPERTYSINGLEVALUE('System',$,IFCLABEL('Structure'),$);
#5895= IFCPROPERTYSINGLEVALUE('Status',$,IFCLABEL('Issued for Coordination'),$);
#5896= IFCPROPERTYSINGLEVALUE('FireRating',$,IFCLABEL('120 min'),$);
#5897= IFCPROPERTYSET('MJLPSET050225000000000',#5,'Pset_MajalAsset',$,(#5892,#5893,#5894,#5895,#5896));
#5898= IFCRELDEFINESBYPROPERTIES('MJLRPS0050225000000000',#5,$,$,(#5891),#5897);
#5899= IFCQUANTITYAREA('GrossArea',$,$,2.200,$);
#5900= IFCQUANTITYVOLUME('GrossVolume',$,$,1.210,$);
#5901= IFCQUANTITYCOUNT('Count',$,$,1.,$);
#5902= IFCELEMENTQUANTITY('MJLQTO0050225000000000',#5,'BaseQuantities',$,$,(#5899,#5900,#5901));
#5903= IFCRELDEFINESBYPROPERTIES('MJLRQT0050225000000000',#5,$,$,(#5891),#5902);
#5904= IFCCARTESIANPOINT((0.,0.));
#5905= IFCDIRECTION((1.,0.));
#5906= IFCAXIS2PLACEMENT2D(#5904,#5905);
#5907= IFCRECTANGLEPROFILEDEF(.AREA.,$,#5906,0.550,0.550);
#5908= IFCCARTESIANPOINT((15.000,0.000,0.000));
#5909= IFCDIRECTION((0.,0.,1.));
#5910= IFCDIRECTION((1.,0.,0.));
#5911= IFCAXIS2PLACEMENT3D(#5908,#5909,#5910);
#5912= IFCDIRECTION((0.,0.,1.));
#5913= IFCEXTRUDEDAREASOLID(#5907,#5911,#5912,4.000);
#5914= IFCSHAPEREPRESENTATION(#10,'Body','SweptSolid',(#5913));
#5915= IFCPRODUCTDEFINITIONSHAPE($,$,(#5914));
#5916= IFCLOCALPLACEMENT(#5252,#9);
#5917= IFCCOLUMN('MJLCOL0050026000000000',#5,'L05 - Column +15/+00',$,$,#5916,#5915,$);
#5918= IFCPROPERTYSINGLEVALUE('AssetReference',$,IFCLABEL('COL-05-026'),$);
#5919= IFCPROPERTYSINGLEVALUE('Level',$,IFCLABEL('Level 05'),$);
#5920= IFCPROPERTYSINGLEVALUE('System',$,IFCLABEL('Structure'),$);
#5921= IFCPROPERTYSINGLEVALUE('Status',$,IFCLABEL('Issued for Coordination'),$);
#5922= IFCPROPERTYSINGLEVALUE('FireRating',$,IFCLABEL('120 min'),$);
#5923= IFCPROPERTYSET('MJLPSET050226000000000',#5,'Pset_MajalAsset',$,(#5918,#5919,#5920,#5921,#5922));
#5924= IFCRELDEFINESBYPROPERTIES('MJLRPS0050226000000000',#5,$,$,(#5917),#5923);
#5925= IFCQUANTITYAREA('GrossArea',$,$,2.200,$);
#5926= IFCQUANTITYVOLUME('GrossVolume',$,$,1.210,$);
#5927= IFCQUANTITYCOUNT('Count',$,$,1.,$);
#5928= IFCELEMENTQUANTITY('MJLQTO0050226000000000',#5,'BaseQuantities',$,$,(#5925,#5926,#5927));
#5929= IFCRELDEFINESBYPROPERTIES('MJLRQT0050226000000000',#5,$,$,(#5917),#5928);
#5930= IFCCARTESIANPOINT((0.,0.));
#5931= IFCDIRECTION((1.,0.));
#5932= IFCAXIS2PLACEMENT2D(#5930,#5931);
#5933= IFCRECTANGLEPROFILEDEF(.AREA.,$,#5932,0.550,0.550);
#5934= IFCCARTESIANPOINT((15.000,10.000,0.000));
#5935= IFCDIRECTION((0.,0.,1.));
#5936= IFCDIRECTION((1.,0.,0.));
#5937= IFCAXIS2PLACEMENT3D(#5934,#5935,#5936);
#5938= IFCDIRECTION((0.,0.,1.));
#5939= IFCEXTRUDEDAREASOLID(#5933,#5937,#5938,4.000);
#5940= IFCSHAPEREPRESENTATION(#10,'Body','SweptSolid',(#5939));
#5941= IFCPRODUCTDEFINITIONSHAPE($,$,(#5940));
#5942= IFCLOCALPLACEMENT(#5252,#9);
#5943= IFCCOLUMN('MJLCOL0050027000000000',#5,'L05 - Column +15/+10',$,$,#5942,#5941,$);
#5944= IFCPROPERTYSINGLEVALUE('AssetReference',$,IFCLABEL('COL-05-027'),$);
#5945= IFCPROPERTYSINGLEVALUE('Level',$,IFCLABEL('Level 05'),$);
#5946= IFCPROPERTYSINGLEVALUE('System',$,IFCLABEL('Structure'),$);
#5947= IFCPROPERTYSINGLEVALUE('Status',$,IFCLABEL('Issued for Coordination'),$);
#5948= IFCPROPERTYSINGLEVALUE('FireRating',$,IFCLABEL('120 min'),$);
#5949= IFCPROPERTYSET('MJLPSET050227000000000',#5,'Pset_MajalAsset',$,(#5944,#5945,#5946,#5947,#5948));
#5950= IFCRELDEFINESBYPROPERTIES('MJLRPS0050227000000000',#5,$,$,(#5943),#5949);
#5951= IFCQUANTITYAREA('GrossArea',$,$,2.200,$);
#5952= IFCQUANTITYVOLUME('GrossVolume',$,$,1.210,$);
#5953= IFCQUANTITYCOUNT('Count',$,$,1.,$);
#5954= IFCELEMENTQUANTITY('MJLQTO0050227000000000',#5,'BaseQuantities',$,$,(#5951,#5952,#5953));
#5955= IFCRELDEFINESBYPROPERTIES('MJLRQT0050227000000000',#5,$,$,(#5943),#5954);
#5956= IFCCARTESIANPOINT((0.,0.));
#5957= IFCDIRECTION((1.,0.));
#5958= IFCAXIS2PLACEMENT2D(#5956,#5957);
#5959= IFCRECTANGLEPROFILEDEF(.AREA.,$,#5958,36.000,0.400);
#5960= IFCCARTESIANPOINT((0.000,-10.000,0.000));
#5961= IFCDIRECTION((0.,0.,1.));
#5962= IFCDIRECTION((1.,0.,0.));
#5963= IFCAXIS2PLACEMENT3D(#5960,#5961,#5962);
#5964= IFCDIRECTION((0.,0.,1.));
#5965= IFCEXTRUDEDAREASOLID(#5959,#5963,#5964,0.650);
#5966= IFCSHAPEREPRESENTATION(#10,'Body','SweptSolid',(#5965));
#5967= IFCPRODUCTDEFINITIONSHAPE($,$,(#5966));
#5968= IFCLOCALPLACEMENT(#5252,#9);
#5969= IFCBEAM('MJLBEAM050028000000000',#5,'L05 - Primary beam Y1',$,$,#5968,#5967,$);
#5970= IFCPROPERTYSINGLEVALUE('AssetReference',$,IFCLABEL('BEAM-05-028'),$);
#5971= IFCPROPERTYSINGLEVALUE('Level',$,IFCLABEL('Level 05'),$);
#5972= IFCPROPERTYSINGLEVALUE('System',$,IFCLABEL('Structure'),$);
#5973= IFCPROPERTYSINGLEVALUE('Status',$,IFCLABEL('Issued for Coordination'),$);
#5974= IFCPROPERTYSINGLEVALUE('FireRating',$,IFCLABEL('120 min'),$);
#5975= IFCPROPERTYSET('MJLPSET050228000000000',#5,'Pset_MajalAsset',$,(#5970,#5971,#5972,#5973,#5974));
#5976= IFCRELDEFINESBYPROPERTIES('MJLRPS0050228000000000',#5,$,$,(#5969),#5975);
#5977= IFCQUANTITYAREA('GrossArea',$,$,23.400,$);
#5978= IFCQUANTITYVOLUME('GrossVolume',$,$,9.360,$);
#5979= IFCQUANTITYCOUNT('Count',$,$,1.,$);
#5980= IFCELEMENTQUANTITY('MJLQTO0050228000000000',#5,'BaseQuantities',$,$,(#5977,#5978,#5979));
#5981= IFCRELDEFINESBYPROPERTIES('MJLRQT0050228000000000',#5,$,$,(#5969),#5980);
#5982= IFCCARTESIANPOINT((0.,0.));
#5983= IFCDIRECTION((1.,0.));
#5984= IFCAXIS2PLACEMENT2D(#5982,#5983);
#5985= IFCRECTANGLEPROFILEDEF(.AREA.,$,#5984,36.000,0.400);
#5986= IFCCARTESIANPOINT((0.000,0.000,0.000));
#5987= IFCDIRECTION((0.,0.,1.));
#5988= IFCDIRECTION((1.,0.,0.));
#5989= IFCAXIS2PLACEMENT3D(#5986,#5987,#5988);
#5990= IFCDIRECTION((0.,0.,1.));
#5991= IFCEXTRUDEDAREASOLID(#5985,#5989,#5990,0.650);
#5992= IFCSHAPEREPRESENTATION(#10,'Body','SweptSolid',(#5991));
#5993= IFCPRODUCTDEFINITIONSHAPE($,$,(#5992));
#5994= IFCLOCALPLACEMENT(#5252,#9);
#5995= IFCBEAM('MJLBEAM050029000000000',#5,'L05 - Primary beam Y2',$,$,#5994,#5993,$);
#5996= IFCPROPERTYSINGLEVALUE('AssetReference',$,IFCLABEL('BEAM-05-029'),$);
#5997= IFCPROPERTYSINGLEVALUE('Level',$,IFCLABEL('Level 05'),$);
#5998= IFCPROPERTYSINGLEVALUE('System',$,IFCLABEL('Structure'),$);
#5999= IFCPROPERTYSINGLEVALUE('Status',$,IFCLABEL('Issued for Coordination'),$);
#6000= IFCPROPERTYSINGLEVALUE('FireRating',$,IFCLABEL('120 min'),$);
#6001= IFCPROPERTYSET('MJLPSET050229000000000',#5,'Pset_MajalAsset',$,(#5996,#5997,#5998,#5999,#6000));
#6002= IFCRELDEFINESBYPROPERTIES('MJLRPS0050229000000000',#5,$,$,(#5995),#6001);
#6003= IFCQUANTITYAREA('GrossArea',$,$,23.400,$);
#6004= IFCQUANTITYVOLUME('GrossVolume',$,$,9.360,$);
#6005= IFCQUANTITYCOUNT('Count',$,$,1.,$);
#6006= IFCELEMENTQUANTITY('MJLQTO0050229000000000',#5,'BaseQuantities',$,$,(#6003,#6004,#6005));
#6007= IFCRELDEFINESBYPROPERTIES('MJLRQT0050229000000000',#5,$,$,(#5995),#6006);
#6008= IFCCARTESIANPOINT((0.,0.));
#6009= IFCDIRECTION((1.,0.));
#6010= IFCAXIS2PLACEMENT2D(#6008,#6009);
#6011= IFCRECTANGLEPROFILEDEF(.AREA.,$,#6010,36.000,0.400);
#6012= IFCCARTESIANPOINT((0.000,10.000,0.000));
#6013= IFCDIRECTION((0.,0.,1.));
#6014= IFCDIRECTION((1.,0.,0.));
#6015= IFCAXIS2PLACEMENT3D(#6012,#6013,#6014);
#6016= IFCDIRECTION((0.,0.,1.));
#6017= IFCEXTRUDEDAREASOLID(#6011,#6015,#6016,0.650);
#6018= IFCSHAPEREPRESENTATION(#10,'Body','SweptSolid',(#6017));
#6019= IFCPRODUCTDEFINITIONSHAPE($,$,(#6018));
#6020= IFCLOCALPLACEMENT(#5252,#9);
#6021= IFCBEAM('MJLBEAM050030000000000',#5,'L05 - Primary beam Y3',$,$,#6020,#6019,$);
#6022= IFCPROPERTYSINGLEVALUE('AssetReference',$,IFCLABEL('BEAM-05-030'),$);
#6023= IFCPROPERTYSINGLEVALUE('Level',$,IFCLABEL('Level 05'),$);
#6024= IFCPROPERTYSINGLEVALUE('System',$,IFCLABEL('Structure'),$);
#6025= IFCPROPERTYSINGLEVALUE('Status',$,IFCLABEL('Issued for Coordination'),$);
#6026= IFCPROPERTYSINGLEVALUE('FireRating',$,IFCLABEL('120 min'),$);
#6027= IFCPROPERTYSET('MJLPSET050230000000000',#5,'Pset_MajalAsset',$,(#6022,#6023,#6024,#6025,#6026));
#6028= IFCRELDEFINESBYPROPERTIES('MJLRPS0050230000000000',#5,$,$,(#6021),#6027);
#6029= IFCQUANTITYAREA('GrossArea',$,$,23.400,$);
#6030= IFCQUANTITYVOLUME('GrossVolume',$,$,9.360,$);
#6031= IFCQUANTITYCOUNT('Count',$,$,1.,$);
#6032= IFCELEMENTQUANTITY('MJLQTO0050230000000000',#5,'BaseQuantities',$,$,(#6029,#6030,#6031));
#6033= IFCRELDEFINESBYPROPERTIES('MJLRQT0050230000000000',#5,$,$,(#6021),#6032);
#6034= IFCCARTESIANPOINT((0.,0.));
#6035= IFCDIRECTION((1.,0.));
#6036= IFCAXIS2PLACEMENT2D(#6034,#6035);
#6037= IFCRECTANGLEPROFILEDEF(.AREA.,$,#6036,0.400,26.000);
#6038= IFCCARTESIANPOINT((-15.000,0.000,0.000));
#6039= IFCDIRECTION((0.,0.,1.));
#6040= IFCDIRECTION((1.,0.,0.));
#6041= IFCAXIS2PLACEMENT3D(#6038,#6039,#6040);
#6042= IFCDIRECTION((0.,0.,1.));
#6043= IFCEXTRUDEDAREASOLID(#6037,#6041,#6042,0.550);
#6044= IFCSHAPEREPRESENTATION(#10,'Body','SweptSolid',(#6043));
#6045= IFCPRODUCTDEFINITIONSHAPE($,$,(#6044));
#6046= IFCLOCALPLACEMENT(#5252,#9);
#6047= IFCBEAM('MJLBEAM050031000000000',#5,'L05 - Secondary beam X1',$,$,#6046,#6045,$);
#6048= IFCPROPERTYSINGLEVALUE('AssetReference',$,IFCLABEL('BEAM-05-031'),$);
#6049= IFCPROPERTYSINGLEVALUE('Level',$,IFCLABEL('Level 05'),$);
#6050= IFCPROPERTYSINGLEVALUE('System',$,IFCLABEL('Structure'),$);
#6051= IFCPROPERTYSINGLEVALUE('Status',$,IFCLABEL('Issued for Coordination'),$);
#6052= IFCPROPERTYSINGLEVALUE('FireRating',$,IFCLABEL('120 min'),$);
#6053= IFCPROPERTYSET('MJLPSET050231000000000',#5,'Pset_MajalAsset',$,(#6048,#6049,#6050,#6051,#6052));
#6054= IFCRELDEFINESBYPROPERTIES('MJLRPS0050231000000000',#5,$,$,(#6047),#6053);
#6055= IFCQUANTITYAREA('GrossArea',$,$,10.400,$);
#6056= IFCQUANTITYVOLUME('GrossVolume',$,$,5.720,$);
#6057= IFCQUANTITYCOUNT('Count',$,$,1.,$);
#6058= IFCELEMENTQUANTITY('MJLQTO0050231000000000',#5,'BaseQuantities',$,$,(#6055,#6056,#6057));
#6059= IFCRELDEFINESBYPROPERTIES('MJLRQT0050231000000000',#5,$,$,(#6047),#6058);
#6060= IFCCARTESIANPOINT((0.,0.));
#6061= IFCDIRECTION((1.,0.));
#6062= IFCAXIS2PLACEMENT2D(#6060,#6061);
#6063= IFCRECTANGLEPROFILEDEF(.AREA.,$,#6062,0.400,26.000);
#6064= IFCCARTESIANPOINT((-5.000,0.000,0.000));
#6065= IFCDIRECTION((0.,0.,1.));
#6066= IFCDIRECTION((1.,0.,0.));
#6067= IFCAXIS2PLACEMENT3D(#6064,#6065,#6066);
#6068= IFCDIRECTION((0.,0.,1.));
#6069= IFCEXTRUDEDAREASOLID(#6063,#6067,#6068,0.550);
#6070= IFCSHAPEREPRESENTATION(#10,'Body','SweptSolid',(#6069));
#6071= IFCPRODUCTDEFINITIONSHAPE($,$,(#6070));
#6072= IFCLOCALPLACEMENT(#5252,#9);
#6073= IFCBEAM('MJLBEAM050032000000000',#5,'L05 - Secondary beam X2',$,$,#6072,#6071,$);
#6074= IFCPROPERTYSINGLEVALUE('AssetReference',$,IFCLABEL('BEAM-05-032'),$);
#6075= IFCPROPERTYSINGLEVALUE('Level',$,IFCLABEL('Level 05'),$);
#6076= IFCPROPERTYSINGLEVALUE('System',$,IFCLABEL('Structure'),$);
#6077= IFCPROPERTYSINGLEVALUE('Status',$,IFCLABEL('Issued for Coordination'),$);
#6078= IFCPROPERTYSINGLEVALUE('FireRating',$,IFCLABEL('120 min'),$);
#6079= IFCPROPERTYSET('MJLPSET050232000000000',#5,'Pset_MajalAsset',$,(#6074,#6075,#6076,#6077,#6078));
#6080= IFCRELDEFINESBYPROPERTIES('MJLRPS0050232000000000',#5,$,$,(#6073),#6079);
#6081= IFCQUANTITYAREA('GrossArea',$,$,10.400,$);
#6082= IFCQUANTITYVOLUME('GrossVolume',$,$,5.720,$);
#6083= IFCQUANTITYCOUNT('Count',$,$,1.,$);
#6084= IFCELEMENTQUANTITY('MJLQTO0050232000000000',#5,'BaseQuantities',$,$,(#6081,#6082,#6083));
#6085= IFCRELDEFINESBYPROPERTIES('MJLRQT0050232000000000',#5,$,$,(#6073),#6084);
#6086= IFCCARTESIANPOINT((0.,0.));
#6087= IFCDIRECTION((1.,0.));
#6088= IFCAXIS2PLACEMENT2D(#6086,#6087);
#6089= IFCRECTANGLEPROFILEDEF(.AREA.,$,#6088,0.400,26.000);
#6090= IFCCARTESIANPOINT((5.000,0.000,0.000));
#6091= IFCDIRECTION((0.,0.,1.));
#6092= IFCDIRECTION((1.,0.,0.));
#6093= IFCAXIS2PLACEMENT3D(#6090,#6091,#6092);
#6094= IFCDIRECTION((0.,0.,1.));
#6095= IFCEXTRUDEDAREASOLID(#6089,#6093,#6094,0.550);
#6096= IFCSHAPEREPRESENTATION(#10,'Body','SweptSolid',(#6095));
#6097= IFCPRODUCTDEFINITIONSHAPE($,$,(#6096));
#6098= IFCLOCALPLACEMENT(#5252,#9);
#6099= IFCBEAM('MJLBEAM050033000000000',#5,'L05 - Secondary beam X3',$,$,#6098,#6097,$);
#6100= IFCPROPERTYSINGLEVALUE('AssetReference',$,IFCLABEL('BEAM-05-033'),$);
#6101= IFCPROPERTYSINGLEVALUE('Level',$,IFCLABEL('Level 05'),$);
#6102= IFCPROPERTYSINGLEVALUE('System',$,IFCLABEL('Structure'),$);
#6103= IFCPROPERTYSINGLEVALUE('Status',$,IFCLABEL('Issued for Coordination'),$);
#6104= IFCPROPERTYSINGLEVALUE('FireRating',$,IFCLABEL('120 min'),$);
#6105= IFCPROPERTYSET('MJLPSET050233000000000',#5,'Pset_MajalAsset',$,(#6100,#6101,#6102,#6103,#6104));
#6106= IFCRELDEFINESBYPROPERTIES('MJLRPS0050233000000000',#5,$,$,(#6099),#6105);
#6107= IFCQUANTITYAREA('GrossArea',$,$,10.400,$);
#6108= IFCQUANTITYVOLUME('GrossVolume',$,$,5.720,$);
#6109= IFCQUANTITYCOUNT('Count',$,$,1.,$);
#6110= IFCELEMENTQUANTITY('MJLQTO0050233000000000',#5,'BaseQuantities',$,$,(#6107,#6108,#6109));
#6111= IFCRELDEFINESBYPROPERTIES('MJLRQT0050233000000000',#5,$,$,(#6099),#6110);
#6112= IFCCARTESIANPOINT((0.,0.));
#6113= IFCDIRECTION((1.,0.));
#6114= IFCAXIS2PLACEMENT2D(#6112,#6113);
#6115= IFCRECTANGLEPROFILEDEF(.AREA.,$,#6114,0.400,26.000);
#6116= IFCCARTESIANPOINT((15.000,0.000,0.000));
#6117= IFCDIRECTION((0.,0.,1.));
#6118= IFCDIRECTION((1.,0.,0.));
#6119= IFCAXIS2PLACEMENT3D(#6116,#6117,#6118);
#6120= IFCDIRECTION((0.,0.,1.));
#6121= IFCEXTRUDEDAREASOLID(#6115,#6119,#6120,0.550);
#6122= IFCSHAPEREPRESENTATION(#10,'Body','SweptSolid',(#6121));
#6123= IFCPRODUCTDEFINITIONSHAPE($,$,(#6122));
#6124= IFCLOCALPLACEMENT(#5252,#9);
#6125= IFCBEAM('MJLBEAM050034000000000',#5,'L05 - Secondary beam X4',$,$,#6124,#6123,$);
#6126= IFCPROPERTYSINGLEVALUE('AssetReference',$,IFCLABEL('BEAM-05-034'),$);
#6127= IFCPROPERTYSINGLEVALUE('Level',$,IFCLABEL('Level 05'),$);
#6128= IFCPROPERTYSINGLEVALUE('System',$,IFCLABEL('Structure'),$);
#6129= IFCPROPERTYSINGLEVALUE('Status',$,IFCLABEL('Issued for Coordination'),$);
#6130= IFCPROPERTYSINGLEVALUE('FireRating',$,IFCLABEL('120 min'),$);
#6131= IFCPROPERTYSET('MJLPSET050234000000000',#5,'Pset_MajalAsset',$,(#6126,#6127,#6128,#6129,#6130));
#6132= IFCRELDEFINESBYPROPERTIES('MJLRPS0050234000000000',#5,$,$,(#6125),#6131);
#6133= IFCQUANTITYAREA('GrossArea',$,$,10.400,$);
#6134= IFCQUANTITYVOLUME('GrossVolume',$,$,5.720,$);
#6135= IFCQUANTITYCOUNT('Count',$,$,1.,$);
#6136= IFCELEMENTQUANTITY('MJLQTO0050234000000000',#5,'BaseQuantities',$,$,(#6133,#6134,#6135));
#6137= IFCRELDEFINESBYPROPERTIES('MJLRQT0050234000000000',#5,$,$,(#6125),#6136);
#6138= IFCCARTESIANPOINT((0.,0.));
#6139= IFCDIRECTION((1.,0.));
#6140= IFCAXIS2PLACEMENT2D(#6138,#6139);
#6141= IFCRECTANGLEPROFILEDEF(.AREA.,$,#6140,3.600,0.100);
#6142= IFCCARTESIANPOINT((-14.000,12.720,0.000));
#6143= IFCDIRECTION((0.,0.,1.));
#6144= IFCDIRECTION((1.,0.,0.));
#6145= IFCAXIS2PLACEMENT3D(#6142,#6143,#6144);
#6146= IFCDIRECTION((0.,0.,1.));
#6147= IFCEXTRUDEDAREASOLID(#6141,#6145,#6146,3.350);
#6148= IFCSHAPEREPRESENTATION(#10,'Body','SweptSolid',(#6147));
#6149= IFCPRODUCTDEFINITIONSHAPE($,$,(#6148));
#6150= IFCLOCALPLACEMENT(#5252,#9);
#6151= IFCBUILDINGELEMENTPROXY('MJLGLAZ050035000000000',#5,'L05 - Curtain panel 01',$,$,#6150,#6149,$);
#6152= IFCPROPERTYSINGLEVALUE('AssetReference',$,IFCLABEL('GLAZ-05-035'),$);
#6153= IFCPROPERTYSINGLEVALUE('Level',$,IFCLABEL('Level 05'),$);
#6154= IFCPROPERTYSINGLEVALUE('System',$,IFCLABEL('Facade'),$);
#6155= IFCPROPERTYSINGLEVALUE('Status',$,IFCLABEL('Issued for Coordination'),$);
#6156= IFCPROPERTYSINGLEVALUE('FireRating',$,IFCLABEL('60 min'),$);
#6157= IFCPROPERTYSET('MJLPSET050235000000000',#5,'Pset_MajalAsset',$,(#6152,#6153,#6154,#6155,#6156));
#6158= IFCRELDEFINESBYPROPERTIES('MJLRPS0050235000000000',#5,$,$,(#6151),#6157);
#6159= IFCQUANTITYAREA('GrossArea',$,$,12.060,$);
#6160= IFCQUANTITYVOLUME('GrossVolume',$,$,1.206,$);
#6161= IFCQUANTITYCOUNT('Count',$,$,1.,$);
#6162= IFCELEMENTQUANTITY('MJLQTO0050235000000000',#5,'BaseQuantities',$,$,(#6159,#6160,#6161));
#6163= IFCRELDEFINESBYPROPERTIES('MJLRQT0050235000000000',#5,$,$,(#6151),#6162);
#6164= IFCCARTESIANPOINT((0.,0.));
#6165= IFCDIRECTION((1.,0.));
#6166= IFCAXIS2PLACEMENT2D(#6164,#6165);
#6167= IFCRECTANGLEPROFILEDEF(.AREA.,$,#6166,3.600,0.100);
#6168= IFCCARTESIANPOINT((-10.000,12.720,0.000));
#6169= IFCDIRECTION((0.,0.,1.));
#6170= IFCDIRECTION((1.,0.,0.));
#6171= IFCAXIS2PLACEMENT3D(#6168,#6169,#6170);
#6172= IFCDIRECTION((0.,0.,1.));
#6173= IFCEXTRUDEDAREASOLID(#6167,#6171,#6172,3.350);
#6174= IFCSHAPEREPRESENTATION(#10,'Body','SweptSolid',(#6173));
#6175= IFCPRODUCTDEFINITIONSHAPE($,$,(#6174));
#6176= IFCLOCALPLACEMENT(#5252,#9);
#6177= IFCBUILDINGELEMENTPROXY('MJLGLAZ050036000000000',#5,'L05 - Curtain panel 02',$,$,#6176,#6175,$);
#6178= IFCPROPERTYSINGLEVALUE('AssetReference',$,IFCLABEL('GLAZ-05-036'),$);
#6179= IFCPROPERTYSINGLEVALUE('Level',$,IFCLABEL('Level 05'),$);
#6180= IFCPROPERTYSINGLEVALUE('System',$,IFCLABEL('Facade'),$);
#6181= IFCPROPERTYSINGLEVALUE('Status',$,IFCLABEL('Issued for Coordination'),$);
#6182= IFCPROPERTYSINGLEVALUE('FireRating',$,IFCLABEL('60 min'),$);
#6183= IFCPROPERTYSET('MJLPSET050236000000000',#5,'Pset_MajalAsset',$,(#6178,#6179,#6180,#6181,#6182));
#6184= IFCRELDEFINESBYPROPERTIES('MJLRPS0050236000000000',#5,$,$,(#6177),#6183);
#6185= IFCQUANTITYAREA('GrossArea',$,$,12.060,$);
#6186= IFCQUANTITYVOLUME('GrossVolume',$,$,1.206,$);
#6187= IFCQUANTITYCOUNT('Count',$,$,1.,$);
#6188= IFCELEMENTQUANTITY('MJLQTO0050236000000000',#5,'BaseQuantities',$,$,(#6185,#6186,#6187));
#6189= IFCRELDEFINESBYPROPERTIES('MJLRQT0050236000000000',#5,$,$,(#6177),#6188);
#6190= IFCCARTESIANPOINT((0.,0.));
#6191= IFCDIRECTION((1.,0.));
#6192= IFCAXIS2PLACEMENT2D(#6190,#6191);
#6193= IFCRECTANGLEPROFILEDEF(.AREA.,$,#6192,3.600,0.100);
#6194= IFCCARTESIANPOINT((-6.000,12.720,0.000));
#6195= IFCDIRECTION((0.,0.,1.));
#6196= IFCDIRECTION((1.,0.,0.));
#6197= IFCAXIS2PLACEMENT3D(#6194,#6195,#6196);
#6198= IFCDIRECTION((0.,0.,1.));
#6199= IFCEXTRUDEDAREASOLID(#6193,#6197,#6198,3.350);
#6200= IFCSHAPEREPRESENTATION(#10,'Body','SweptSolid',(#6199));
#6201= IFCPRODUCTDEFINITIONSHAPE($,$,(#6200));
#6202= IFCLOCALPLACEMENT(#5252,#9);
#6203= IFCBUILDINGELEMENTPROXY('MJLGLAZ050037000000000',#5,'L05 - Curtain panel 03',$,$,#6202,#6201,$);
#6204= IFCPROPERTYSINGLEVALUE('AssetReference',$,IFCLABEL('GLAZ-05-037'),$);
#6205= IFCPROPERTYSINGLEVALUE('Level',$,IFCLABEL('Level 05'),$);
#6206= IFCPROPERTYSINGLEVALUE('System',$,IFCLABEL('Facade'),$);
#6207= IFCPROPERTYSINGLEVALUE('Status',$,IFCLABEL('Issued for Coordination'),$);
#6208= IFCPROPERTYSINGLEVALUE('FireRating',$,IFCLABEL('60 min'),$);
#6209= IFCPROPERTYSET('MJLPSET050237000000000',#5,'Pset_MajalAsset',$,(#6204,#6205,#6206,#6207,#6208));
#6210= IFCRELDEFINESBYPROPERTIES('MJLRPS0050237000000000',#5,$,$,(#6203),#6209);
#6211= IFCQUANTITYAREA('GrossArea',$,$,12.060,$);
#6212= IFCQUANTITYVOLUME('GrossVolume',$,$,1.206,$);
#6213= IFCQUANTITYCOUNT('Count',$,$,1.,$);
#6214= IFCELEMENTQUANTITY('MJLQTO0050237000000000',#5,'BaseQuantities',$,$,(#6211,#6212,#6213));
#6215= IFCRELDEFINESBYPROPERTIES('MJLRQT0050237000000000',#5,$,$,(#6203),#6214);
#6216= IFCCARTESIANPOINT((0.,0.));
#6217= IFCDIRECTION((1.,0.));
#6218= IFCAXIS2PLACEMENT2D(#6216,#6217);
#6219= IFCRECTANGLEPROFILEDEF(.AREA.,$,#6218,3.600,0.100);
#6220= IFCCARTESIANPOINT((-2.000,12.720,0.000));
#6221= IFCDIRECTION((0.,0.,1.));
#6222= IFCDIRECTION((1.,0.,0.));
#6223= IFCAXIS2PLACEMENT3D(#6220,#6221,#6222);
#6224= IFCDIRECTION((0.,0.,1.));
#6225= IFCEXTRUDEDAREASOLID(#6219,#6223,#6224,3.350);
#6226= IFCSHAPEREPRESENTATION(#10,'Body','SweptSolid',(#6225));
#6227= IFCPRODUCTDEFINITIONSHAPE($,$,(#6226));
#6228= IFCLOCALPLACEMENT(#5252,#9);
#6229= IFCBUILDINGELEMENTPROXY('MJLGLAZ050038000000000',#5,'L05 - Curtain panel 04',$,$,#6228,#6227,$);
#6230= IFCPROPERTYSINGLEVALUE('AssetReference',$,IFCLABEL('GLAZ-05-038'),$);
#6231= IFCPROPERTYSINGLEVALUE('Level',$,IFCLABEL('Level 05'),$);
#6232= IFCPROPERTYSINGLEVALUE('System',$,IFCLABEL('Facade'),$);
#6233= IFCPROPERTYSINGLEVALUE('Status',$,IFCLABEL('Issued for Coordination'),$);
#6234= IFCPROPERTYSINGLEVALUE('FireRating',$,IFCLABEL('60 min'),$);
#6235= IFCPROPERTYSET('MJLPSET050238000000000',#5,'Pset_MajalAsset',$,(#6230,#6231,#6232,#6233,#6234));
#6236= IFCRELDEFINESBYPROPERTIES('MJLRPS0050238000000000',#5,$,$,(#6229),#6235);
#6237= IFCQUANTITYAREA('GrossArea',$,$,12.060,$);
#6238= IFCQUANTITYVOLUME('GrossVolume',$,$,1.206,$);
#6239= IFCQUANTITYCOUNT('Count',$,$,1.,$);
#6240= IFCELEMENTQUANTITY('MJLQTO0050238000000000',#5,'BaseQuantities',$,$,(#6237,#6238,#6239));
#6241= IFCRELDEFINESBYPROPERTIES('MJLRQT0050238000000000',#5,$,$,(#6229),#6240);
#6242= IFCCARTESIANPOINT((0.,0.));
#6243= IFCDIRECTION((1.,0.));
#6244= IFCAXIS2PLACEMENT2D(#6242,#6243);
#6245= IFCRECTANGLEPROFILEDEF(.AREA.,$,#6244,3.600,0.100);
#6246= IFCCARTESIANPOINT((2.000,12.720,0.000));
#6247= IFCDIRECTION((0.,0.,1.));
#6248= IFCDIRECTION((1.,0.,0.));
#6249= IFCAXIS2PLACEMENT3D(#6246,#6247,#6248);
#6250= IFCDIRECTION((0.,0.,1.));
#6251= IFCEXTRUDEDAREASOLID(#6245,#6249,#6250,3.350);
#6252= IFCSHAPEREPRESENTATION(#10,'Body','SweptSolid',(#6251));
#6253= IFCPRODUCTDEFINITIONSHAPE($,$,(#6252));
#6254= IFCLOCALPLACEMENT(#5252,#9);
#6255= IFCBUILDINGELEMENTPROXY('MJLGLAZ050039000000000',#5,'L05 - Curtain panel 05',$,$,#6254,#6253,$);
#6256= IFCPROPERTYSINGLEVALUE('AssetReference',$,IFCLABEL('GLAZ-05-039'),$);
#6257= IFCPROPERTYSINGLEVALUE('Level',$,IFCLABEL('Level 05'),$);
#6258= IFCPROPERTYSINGLEVALUE('System',$,IFCLABEL('Facade'),$);
#6259= IFCPROPERTYSINGLEVALUE('Status',$,IFCLABEL('Issued for Coordination'),$);
#6260= IFCPROPERTYSINGLEVALUE('FireRating',$,IFCLABEL('60 min'),$);
#6261= IFCPROPERTYSET('MJLPSET050239000000000',#5,'Pset_MajalAsset',$,(#6256,#6257,#6258,#6259,#6260));
#6262= IFCRELDEFINESBYPROPERTIES('MJLRPS0050239000000000',#5,$,$,(#6255),#6261);
#6263= IFCQUANTITYAREA('GrossArea',$,$,12.060,$);
#6264= IFCQUANTITYVOLUME('GrossVolume',$,$,1.206,$);
#6265= IFCQUANTITYCOUNT('Count',$,$,1.,$);
#6266= IFCELEMENTQUANTITY('MJLQTO0050239000000000',#5,'BaseQuantities',$,$,(#6263,#6264,#6265));
#6267= IFCRELDEFINESBYPROPERTIES('MJLRQT0050239000000000',#5,$,$,(#6255),#6266);
#6268= IFCCARTESIANPOINT((0.,0.));
#6269= IFCDIRECTION((1.,0.));
#6270= IFCAXIS2PLACEMENT2D(#6268,#6269);
#6271= IFCRECTANGLEPROFILEDEF(.AREA.,$,#6270,3.600,0.100);
#6272= IFCCARTESIANPOINT((6.000,12.720,0.000));
#6273= IFCDIRECTION((0.,0.,1.));
#6274= IFCDIRECTION((1.,0.,0.));
#6275= IFCAXIS2PLACEMENT3D(#6272,#6273,#6274);
#6276= IFCDIRECTION((0.,0.,1.));
#6277= IFCEXTRUDEDAREASOLID(#6271,#6275,#6276,3.350);
#6278= IFCSHAPEREPRESENTATION(#10,'Body','SweptSolid',(#6277));
#6279= IFCPRODUCTDEFINITIONSHAPE($,$,(#6278));
#6280= IFCLOCALPLACEMENT(#5252,#9);
#6281= IFCBUILDINGELEMENTPROXY('MJLGLAZ050040000000000',#5,'L05 - Curtain panel 06',$,$,#6280,#6279,$);
#6282= IFCPROPERTYSINGLEVALUE('AssetReference',$,IFCLABEL('GLAZ-05-040'),$);
#6283= IFCPROPERTYSINGLEVALUE('Level',$,IFCLABEL('Level 05'),$);
#6284= IFCPROPERTYSINGLEVALUE('System',$,IFCLABEL('Facade'),$);
#6285= IFCPROPERTYSINGLEVALUE('Status',$,IFCLABEL('Issued for Coordination'),$);
#6286= IFCPROPERTYSINGLEVALUE('FireRating',$,IFCLABEL('60 min'),$);
#6287= IFCPROPERTYSET('MJLPSET050240000000000',#5,'Pset_MajalAsset',$,(#6282,#6283,#6284,#6285,#6286));
#6288= IFCRELDEFINESBYPROPERTIES('MJLRPS0050240000000000',#5,$,$,(#6281),#6287);
#6289= IFCQUANTITYAREA('GrossArea',$,$,12.060,$);
#6290= IFCQUANTITYVOLUME('GrossVolume',$,$,1.206,$);
#6291= IFCQUANTITYCOUNT('Count',$,$,1.,$);
#6292= IFCELEMENTQUANTITY('MJLQTO0050240000000000',#5,'BaseQuantities',$,$,(#6289,#6290,#6291));
#6293= IFCRELDEFINESBYPROPERTIES('MJLRQT0050240000000000',#5,$,$,(#6281),#6292);
#6294= IFCCARTESIANPOINT((0.,0.));
#6295= IFCDIRECTION((1.,0.));
#6296= IFCAXIS2PLACEMENT2D(#6294,#6295);
#6297= IFCRECTANGLEPROFILEDEF(.AREA.,$,#6296,3.600,0.100);
#6298= IFCCARTESIANPOINT((10.000,12.720,0.000));
#6299= IFCDIRECTION((0.,0.,1.));
#6300= IFCDIRECTION((1.,0.,0.));
#6301= IFCAXIS2PLACEMENT3D(#6298,#6299,#6300);
#6302= IFCDIRECTION((0.,0.,1.));
#6303= IFCEXTRUDEDAREASOLID(#6297,#6301,#6302,3.350);
#6304= IFCSHAPEREPRESENTATION(#10,'Body','SweptSolid',(#6303));
#6305= IFCPRODUCTDEFINITIONSHAPE($,$,(#6304));
#6306= IFCLOCALPLACEMENT(#5252,#9);
#6307= IFCBUILDINGELEMENTPROXY('MJLGLAZ050041000000000',#5,'L05 - Curtain panel 07',$,$,#6306,#6305,$);
#6308= IFCPROPERTYSINGLEVALUE('AssetReference',$,IFCLABEL('GLAZ-05-041'),$);
#6309= IFCPROPERTYSINGLEVALUE('Level',$,IFCLABEL('Level 05'),$);
#6310= IFCPROPERTYSINGLEVALUE('System',$,IFCLABEL('Facade'),$);
#6311= IFCPROPERTYSINGLEVALUE('Status',$,IFCLABEL('Issued for Coordination'),$);
#6312= IFCPROPERTYSINGLEVALUE('FireRating',$,IFCLABEL('60 min'),$);
#6313= IFCPROPERTYSET('MJLPSET050241000000000',#5,'Pset_MajalAsset',$,(#6308,#6309,#6310,#6311,#6312));
#6314= IFCRELDEFINESBYPROPERTIES('MJLRPS0050241000000000',#5,$,$,(#6307),#6313);
#6315= IFCQUANTITYAREA('GrossArea',$,$,12.060,$);
#6316= IFCQUANTITYVOLUME('GrossVolume',$,$,1.206,$);
#6317= IFCQUANTITYCOUNT('Count',$,$,1.,$);
#6318= IFCELEMENTQUANTITY('MJLQTO0050241000000000',#5,'BaseQuantities',$,$,(#6315,#6316,#6317));
#6319= IFCRELDEFINESBYPROPERTIES('MJLRQT0050241000000000',#5,$,$,(#6307),#6318);
#6320= IFCCARTESIANPOINT((0.,0.));
#6321= IFCDIRECTION((1.,0.));
#6322= IFCAXIS2PLACEMENT2D(#6320,#6321);
#6323= IFCRECTANGLEPROFILEDEF(.AREA.,$,#6322,3.600,0.100);
#6324= IFCCARTESIANPOINT((14.000,12.720,0.000));
#6325= IFCDIRECTION((0.,0.,1.));
#6326= IFCDIRECTION((1.,0.,0.));
#6327= IFCAXIS2PLACEMENT3D(#6324,#6325,#6326);
#6328= IFCDIRECTION((0.,0.,1.));
#6329= IFCEXTRUDEDAREASOLID(#6323,#6327,#6328,3.350);
#6330= IFCSHAPEREPRESENTATION(#10,'Body','SweptSolid',(#6329));
#6331= IFCPRODUCTDEFINITIONSHAPE($,$,(#6330));
#6332= IFCLOCALPLACEMENT(#5252,#9);
#6333= IFCBUILDINGELEMENTPROXY('MJLGLAZ050042000000000',#5,'L05 - Curtain panel 08',$,$,#6332,#6331,$);
#6334= IFCPROPERTYSINGLEVALUE('AssetReference',$,IFCLABEL('GLAZ-05-042'),$);
#6335= IFCPROPERTYSINGLEVALUE('Level',$,IFCLABEL('Level 05'),$);
#6336= IFCPROPERTYSINGLEVALUE('System',$,IFCLABEL('Facade'),$);
#6337= IFCPROPERTYSINGLEVALUE('Status',$,IFCLABEL('Issued for Coordination'),$);
#6338= IFCPROPERTYSINGLEVALUE('FireRating',$,IFCLABEL('60 min'),$);
#6339= IFCPROPERTYSET('MJLPSET050242000000000',#5,'Pset_MajalAsset',$,(#6334,#6335,#6336,#6337,#6338));
#6340= IFCRELDEFINESBYPROPERTIES('MJLRPS0050242000000000',#5,$,$,(#6333),#6339);
#6341= IFCQUANTITYAREA('GrossArea',$,$,12.060,$);
#6342= IFCQUANTITYVOLUME('GrossVolume',$,$,1.206,$);
#6343= IFCQUANTITYCOUNT('Count',$,$,1.,$);
#6344= IFCELEMENTQUANTITY('MJLQTO0050242000000000',#5,'BaseQuantities',$,$,(#6341,#6342,#6343));
#6345= IFCRELDEFINESBYPROPERTIES('MJLRQT0050242000000000',#5,$,$,(#6333),#6344);
#6346= IFCCARTESIANPOINT((0.,0.));
#6347= IFCDIRECTION((1.,0.));
#6348= IFCAXIS2PLACEMENT2D(#6346,#6347);
#6349= IFCRECTANGLEPROFILEDEF(.AREA.,$,#6348,2.400,0.180);
#6350= IFCCARTESIANPOINT((0.000,-12.680,0.000));
#6351= IFCDIRECTION((0.,0.,1.));
#6352= IFCDIRECTION((1.,0.,0.));
#6353= IFCAXIS2PLACEMENT3D(#6350,#6351,#6352);
#6354= IFCDIRECTION((0.,0.,1.));
#6355= IFCEXTRUDEDAREASOLID(#6349,#6353,#6354,3.100);
#6356= IFCSHAPEREPRESENTATION(#10,'Body','SweptSolid',(#6355));
#6357= IFCPRODUCTDEFINITIONSHAPE($,$,(#6356));
#6358= IFCLOCALPLACEMENT(#5252,#9);
#6359= IFCBUILDINGELEMENTPROXY('MJLDOOR050043000000000',#5,'L05 - Main lobby door',$,$,#6358,#6357,$);
#6360= IFCPROPERTYSINGLEVALUE('AssetReference',$,IFCLABEL('DOOR-05-043'),$);
#6361= IFCPROPERTYSINGLEVALUE('Level',$,IFCLABEL('Level 05'),$);
#6362= IFCPROPERTYSINGLEVALUE('System',$,IFCLABEL('Architecture'),$);
#6363= IFCPROPERTYSINGLEVALUE('Status',$,IFCLABEL('Issued for Coordination'),$);
#6364= IFCPROPERTYSINGLEVALUE('FireRating',$,IFCLABEL('60 min'),$);
#6365= IFCPROPERTYSET('MJLPSET050243000000000',#5,'Pset_MajalAsset',$,(#6360,#6361,#6362,#6363,#6364));
#6366= IFCRELDEFINESBYPROPERTIES('MJLRPS0050243000000000',#5,$,$,(#6359),#6365);
#6367= IFCQUANTITYAREA('GrossArea',$,$,7.440,$);
#6368= IFCQUANTITYVOLUME('GrossVolume',$,$,1.339,$);
#6369= IFCQUANTITYCOUNT('Count',$,$,1.,$);
#6370= IFCELEMENTQUANTITY('MJLQTO0050243000000000',#5,'BaseQuantities',$,$,(#6367,#6368,#6369));
#6371= IFCRELDEFINESBYPROPERTIES('MJLRQT0050243000000000',#5,$,$,(#6359),#6370);
#6372= IFCCARTESIANPOINT((0.,0.));
#6373= IFCDIRECTION((1.,0.));
#6374= IFCAXIS2PLACEMENT2D(#6372,#6373);
#6375= IFCRECTANGLEPROFILEDEF(.AREA.,$,#6374,3.000,6.000);
#6376= IFCCARTESIANPOINT((-6.500,0.000,0.000));
#6377= IFCDIRECTION((0.,0.,1.));
#6378= IFCDIRECTION((1.,0.,0.));
#6379= IFCAXIS2PLACEMENT3D(#6376,#6377,#6378);
#6380= IFCDIRECTION((0.,0.,1.));
#6381= IFCEXTRUDEDAREASOLID(#6375,#6379,#6380,3.800);
#6382= IFCSHAPEREPRESENTATION(#10,'Body','SweptSolid',(#6381));
#6383= IFCPRODUCTDEFINITIONSHAPE($,$,(#6382));
#6384= IFCLOCALPLACEMENT(#5252,#9);
#6385= IFCBUILDINGELEMENTPROXY('MJLSTR0050044000000000',#5,'L05 - Fire stair flight',$,$,#6384,#6383,$);
#6386= IFCPROPERTYSINGLEVALUE('AssetReference',$,IFCLABEL('STR-05-044'),$);
#6387= IFCPROPERTYSINGLEVALUE('Level',$,IFCLABEL('Level 05'),$);
#6388= IFCPROPERTYSINGLEVALUE('System',$,IFCLABEL('Architecture'),$);
#6389= IFCPROPERTYSINGLEVALUE('Status',$,IFCLABEL('Issued for Coordination'),$);
#6390= IFCPROPERTYSINGLEVALUE('FireRating',$,IFCLABEL('60 min'),$);
#6391= IFCPROPERTYSET('MJLPSET050244000000000',#5,'Pset_MajalAsset',$,(#6386,#6387,#6388,#6389,#6390));
#6392= IFCRELDEFINESBYPROPERTIES('MJLRPS0050244000000000',#5,$,$,(#6385),#6391);
#6393= IFCQUANTITYAREA('GrossArea',$,$,18.000,$);
#6394= IFCQUANTITYVOLUME('GrossVolume',$,$,68.400,$);
#6395= IFCQUANTITYCOUNT('Count',$,$,1.,$);
#6396= IFCELEMENTQUANTITY('MJLQTO0050244000000000',#5,'BaseQuantities',$,$,(#6393,#6394,#6395));
#6397= IFCRELDEFINESBYPROPERTIES('MJLRQT0050244000000000',#5,$,$,(#6385),#6396);
#6398= IFCCARTESIANPOINT((0.,0.));
#6399= IFCDIRECTION((1.,0.));
#6400= IFCAXIS2PLACEMENT2D(#6398,#6399);
#6401= IFCRECTANGLEPROFILEDEF(.AREA.,$,#6400,28.000,0.650);
#6402= IFCCARTESIANPOINT((0.000,7.500,0.000));
#6403= IFCDIRECTION((0.,0.,1.));
#6404= IFCDIRECTION((1.,0.,0.));
#6405= IFCAXIS2PLACEMENT3D(#6402,#6403,#6404);
#6406= IFCDIRECTION((0.,0.,1.));
#6407= IFCEXTRUDEDAREASOLID(#6401,#6405,#6406,0.550);
#6408= IFCSHAPEREPRESENTATION(#10,'Body','SweptSolid',(#6407));
#6409= IFCPRODUCTDEFINITIONSHAPE($,$,(#6408));
#6410= IFCLOCALPLACEMENT(#5252,#9);
#6411= IFCBUILDINGELEMENTPROXY('MJLDUCT050045000000000',#5,'L05 - Supply air duct',$,$,#6410,#6409,$);
#6412= IFCPROPERTYSINGLEVALUE('AssetReference',$,IFCLABEL('DUCT-05-045'),$);
#6413= IFCPROPERTYSINGLEVALUE('Level',$,IFCLABEL('Level 05'),$);
#6414= IFCPROPERTYSINGLEVALUE('System',$,IFCLABEL('Mechanical'),$);
#6415= IFCPROPERTYSINGLEVALUE('Status',$,IFCLABEL('Issued for Coordination'),$);
#6416= IFCPROPERTYSINGLEVALUE('FireRating',$,IFCLABEL('60 min'),$);
#6417= IFCPROPERTYSET('MJLPSET050245000000000',#5,'Pset_MajalAsset',$,(#6412,#6413,#6414,#6415,#6416));
#6418= IFCRELDEFINESBYPROPERTIES('MJLRPS0050245000000000',#5,$,$,(#6411),#6417);
#6419= IFCQUANTITYAREA('GrossArea',$,$,18.200,$);
#6420= IFCQUANTITYVOLUME('GrossVolume',$,$,10.010,$);
#6421= IFCQUANTITYCOUNT('Count',$,$,1.,$);
#6422= IFCELEMENTQUANTITY('MJLQTO0050245000000000',#5,'BaseQuantities',$,$,(#6419,#6420,#6421));
#6423= IFCRELDEFINESBYPROPERTIES('MJLRQT0050245000000000',#5,$,$,(#6411),#6422);
#6424= IFCCARTESIANPOINT((0.,0.));
#6425= IFCDIRECTION((1.,0.));
#6426= IFCAXIS2PLACEMENT2D(#6424,#6425);
#6427= IFCRECTANGLEPROFILEDEF(.AREA.,$,#6426,28.000,0.550);
#6428= IFCCARTESIANPOINT((0.000,-7.500,0.000));
#6429= IFCDIRECTION((0.,0.,1.));
#6430= IFCDIRECTION((1.,0.,0.));
#6431= IFCAXIS2PLACEMENT3D(#6428,#6429,#6430);
#6432= IFCDIRECTION((0.,0.,1.));
#6433= IFCEXTRUDEDAREASOLID(#6427,#6431,#6432,0.450);
#6434= IFCSHAPEREPRESENTATION(#10,'Body','SweptSolid',(#6433));
#6435= IFCPRODUCTDEFINITIONSHAPE($,$,(#6434));
#6436= IFCLOCALPLACEMENT(#5252,#9);
#6437= IFCBUILDINGELEMENTPROXY('MJLDUCT050046000000000',#5,'L05 - Return air duct',$,$,#6436,#6435,$);
#6438= IFCPROPERTYSINGLEVALUE('AssetReference',$,IFCLABEL('DUCT-05-046'),$);
#6439= IFCPROPERTYSINGLEVALUE('Level',$,IFCLABEL('Level 05'),$);
#6440= IFCPROPERTYSINGLEVALUE('System',$,IFCLABEL('Mechanical'),$);
#6441= IFCPROPERTYSINGLEVALUE('Status',$,IFCLABEL('Issued for Coordination'),$);
#6442= IFCPROPERTYSINGLEVALUE('FireRating',$,IFCLABEL('60 min'),$);
#6443= IFCPROPERTYSET('MJLPSET050246000000000',#5,'Pset_MajalAsset',$,(#6438,#6439,#6440,#6441,#6442));
#6444= IFCRELDEFINESBYPROPERTIES('MJLRPS0050246000000000',#5,$,$,(#6437),#6443);
#6445= IFCQUANTITYAREA('GrossArea',$,$,15.400,$);
#6446= IFCQUANTITYVOLUME('GrossVolume',$,$,6.930,$);
#6447= IFCQUANTITYCOUNT('Count',$,$,1.,$);
#6448= IFCELEMENTQUANTITY('MJLQTO0050246000000000',#5,'BaseQuantities',$,$,(#6445,#6446,#6447));
#6449= IFCRELDEFINESBYPROPERTIES('MJLRQT0050246000000000',#5,$,$,(#6437),#6448);
#6450= IFCCARTESIANPOINT((0.,0.));
#6451= IFCDIRECTION((1.,0.));
#6452= IFCAXIS2PLACEMENT2D(#6450,#6451);
#6453= IFCRECTANGLEPROFILEDEF(.AREA.,$,#6452,0.180,22.000);
#6454= IFCCARTESIANPOINT((-2.000,0.000,0.000));
#6455= IFCDIRECTION((0.,0.,1.));
#6456= IFCDIRECTION((1.,0.,0.));
#6457= IFCAXIS2PLACEMENT3D(#6454,#6455,#6456);
#6458= IFCDIRECTION((0.,0.,1.));
#6459= IFCEXTRUDEDAREASOLID(#6453,#6457,#6458,0.180);
#6460= IFCSHAPEREPRESENTATION(#10,'Body','SweptSolid',(#6459));
#6461= IFCPRODUCTDEFINITIONSHAPE($,$,(#6460));
#6462= IFCLOCALPLACEMENT(#5252,#9);
#6463= IFCBUILDINGELEMENTPROXY('MJLPIPE050047000000000',#5,'L05 - Chilled water flow',$,$,#6462,#6461,$);
#6464= IFCPROPERTYSINGLEVALUE('AssetReference',$,IFCLABEL('PIPE-05-047'),$);
#6465= IFCPROPERTYSINGLEVALUE('Level',$,IFCLABEL('Level 05'),$);
#6466= IFCPROPERTYSINGLEVALUE('System',$,IFCLABEL('Mechanical'),$);
#6467= IFCPROPERTYSINGLEVALUE('Status',$,IFCLABEL('Issued for Coordination'),$);
#6468= IFCPROPERTYSINGLEVALUE('FireRating',$,IFCLABEL('60 min'),$);
#6469= IFCPROPERTYSET('MJLPSET050247000000000',#5,'Pset_MajalAsset',$,(#6464,#6465,#6466,#6467,#6468));
#6470= IFCRELDEFINESBYPROPERTIES('MJLRPS0050247000000000',#5,$,$,(#6463),#6469);
#6471= IFCQUANTITYAREA('GrossArea',$,$,3.960,$);
#6472= IFCQUANTITYVOLUME('GrossVolume',$,$,0.713,$);
#6473= IFCQUANTITYCOUNT('Count',$,$,1.,$);
#6474= IFCELEMENTQUANTITY('MJLQTO0050247000000000',#5,'BaseQuantities',$,$,(#6471,#6472,#6473));
#6475= IFCRELDEFINESBYPROPERTIES('MJLRQT0050247000000000',#5,$,$,(#6463),#6474);
#6476= IFCCARTESIANPOINT((0.,0.));
#6477= IFCDIRECTION((1.,0.));
#6478= IFCAXIS2PLACEMENT2D(#6476,#6477);
#6479= IFCRECTANGLEPROFILEDEF(.AREA.,$,#6478,0.180,22.000);
#6480= IFCCARTESIANPOINT((2.000,0.000,0.000));
#6481= IFCDIRECTION((0.,0.,1.));
#6482= IFCDIRECTION((1.,0.,0.));
#6483= IFCAXIS2PLACEMENT3D(#6480,#6481,#6482);
#6484= IFCDIRECTION((0.,0.,1.));
#6485= IFCEXTRUDEDAREASOLID(#6479,#6483,#6484,0.180);
#6486= IFCSHAPEREPRESENTATION(#10,'Body','SweptSolid',(#6485));
#6487= IFCPRODUCTDEFINITIONSHAPE($,$,(#6486));
#6488= IFCLOCALPLACEMENT(#5252,#9);
#6489= IFCBUILDINGELEMENTPROXY('MJLPIPE050048000000000',#5,'L05 - Chilled water return',$,$,#6488,#6487,$);
#6490= IFCPROPERTYSINGLEVALUE('AssetReference',$,IFCLABEL('PIPE-05-048'),$);
#6491= IFCPROPERTYSINGLEVALUE('Level',$,IFCLABEL('Level 05'),$);
#6492= IFCPROPERTYSINGLEVALUE('System',$,IFCLABEL('Mechanical'),$);
#6493= IFCPROPERTYSINGLEVALUE('Status',$,IFCLABEL('Issued for Coordination'),$);
#6494= IFCPROPERTYSINGLEVALUE('FireRating',$,IFCLABEL('60 min'),$);
#6495= IFCPROPERTYSET('MJLPSET050248000000000',#5,'Pset_MajalAsset',$,(#6490,#6491,#6492,#6493,#6494));
#6496= IFCRELDEFINESBYPROPERTIES('MJLRPS0050248000000000',#5,$,$,(#6489),#6495);
#6497= IFCQUANTITYAREA('GrossArea',$,$,3.960,$);
#6498= IFCQUANTITYVOLUME('GrossVolume',$,$,0.713,$);
#6499= IFCQUANTITYCOUNT('Count',$,$,1.,$);
#6500= IFCELEMENTQUANTITY('MJLQTO0050248000000000',#5,'BaseQuantities',$,$,(#6497,#6498,#6499));
#6501= IFCRELDEFINESBYPROPERTIES('MJLRQT0050248000000000',#5,$,$,(#6489),#6500);
#6502= IFCCARTESIANPOINT((0.,0.));
#6503= IFCDIRECTION((1.,0.));
#6504= IFCAXIS2PLACEMENT2D(#6502,#6503);
#6505= IFCRECTANGLEPROFILEDEF(.AREA.,$,#6504,0.350,0.500);
#6506= IFCCARTESIANPOINT((7.000,0.000,0.000));
#6507= IFCDIRECTION((0.,0.,1.));
#6508= IFCDIRECTION((1.,0.,0.));
#6509= IFCAXIS2PLACEMENT3D(#6506,#6507,#6508);
#6510= IFCDIRECTION((0.,0.,1.));
#6511= IFCEXTRUDEDAREASOLID(#6505,#6509,#6510,3.500);
#6512= IFCSHAPEREPRESENTATION(#10,'Body','SweptSolid',(#6511));
#6513= IFCPRODUCTDEFINITIONSHAPE($,$,(#6512));
#6514= IFCLOCALPLACEMENT(#5252,#9);
#6515= IFCBUILDINGELEMENTPROXY('MJLELEC050049000000000',#5,'L05 - Electrical busbar',$,$,#6514,#6513,$);
#6516= IFCPROPERTYSINGLEVALUE('AssetReference',$,IFCLABEL('ELEC-05-049'),$);
#6517= IFCPROPERTYSINGLEVALUE('Level',$,IFCLABEL('Level 05'),$);
#6518= IFCPROPERTYSINGLEVALUE('System',$,IFCLABEL('Electrical'),$);
#6519= IFCPROPERTYSINGLEVALUE('Status',$,IFCLABEL('Issued for Coordination'),$);
#6520= IFCPROPERTYSINGLEVALUE('FireRating',$,IFCLABEL('60 min'),$);
#6521= IFCPROPERTYSET('MJLPSET050249000000000',#5,'Pset_MajalAsset',$,(#6516,#6517,#6518,#6519,#6520));
#6522= IFCRELDEFINESBYPROPERTIES('MJLRPS0050249000000000',#5,$,$,(#6515),#6521);
#6523= IFCQUANTITYAREA('GrossArea',$,$,1.225,$);
#6524= IFCQUANTITYVOLUME('GrossVolume',$,$,0.612,$);
#6525= IFCQUANTITYCOUNT('Count',$,$,1.,$);
#6526= IFCELEMENTQUANTITY('MJLQTO0050249000000000',#5,'BaseQuantities',$,$,(#6523,#6524,#6525));
#6527= IFCRELDEFINESBYPROPERTIES('MJLRQT0050249000000000',#5,$,$,(#6515),#6526);
#6528= IFCCARTESIANPOINT((0.,0.));
#6529= IFCDIRECTION((1.,0.));
#6530= IFCAXIS2PLACEMENT2D(#6528,#6529);
#6531= IFCRECTANGLEPROFILEDEF(.AREA.,$,#6530,0.250,0.250);
#6532= IFCCARTESIANPOINT((-7.000,0.000,0.000));
#6533= IFCDIRECTION((0.,0.,1.));
#6534= IFCDIRECTION((1.,0.,0.));
#6535= IFCAXIS2PLACEMENT3D(#6532,#6533,#6534);
#6536= IFCDIRECTION((0.,0.,1.));
#6537= IFCEXTRUDEDAREASOLID(#6531,#6535,#6536,3.800);
#6538= IFCSHAPEREPRESENTATION(#10,'Body','SweptSolid',(#6537));
#6539= IFCPRODUCTDEFINITIONSHAPE($,$,(#6538));
#6540= IFCLOCALPLACEMENT(#5252,#9);
#6541= IFCBUILDINGELEMENTPROXY('MJLFIRE050050000000000',#5,'L05 - Fire riser',$,$,#6540,#6539,$);
#6542= IFCPROPERTYSINGLEVALUE('AssetReference',$,IFCLABEL('FIRE-05-050'),$);
#6543= IFCPROPERTYSINGLEVALUE('Level',$,IFCLABEL('Level 05'),$);
#6544= IFCPROPERTYSINGLEVALUE('System',$,IFCLABEL('Fire Protection'),$);
#6545= IFCPROPERTYSINGLEVALUE('Status',$,IFCLABEL('Issued for Coordination'),$);
#6546= IFCPROPERTYSINGLEVALUE('FireRating',$,IFCLABEL('60 min'),$);
#6547= IFCPROPERTYSET('MJLPSET050250000000000',#5,'Pset_MajalAsset',$,(#6542,#6543,#6544,#6545,#6546));
#6548= IFCRELDEFINESBYPROPERTIES('MJLRPS0050250000000000',#5,$,$,(#6541),#6547);
#6549= IFCQUANTITYAREA('GrossArea',$,$,0.950,$);
#6550= IFCQUANTITYVOLUME('GrossVolume',$,$,0.237,$);
#6551= IFCQUANTITYCOUNT('Count',$,$,1.,$);
#6552= IFCELEMENTQUANTITY('MJLQTO0050250000000000',#5,'BaseQuantities',$,$,(#6549,#6550,#6551));
#6553= IFCRELDEFINESBYPROPERTIES('MJLRQT0050250000000000',#5,$,$,(#6541),#6552);
#6554= IFCRELCONTAINEDINSPATIALSTRUCTURE('MJLCON0050000000000000',#5,$,$,(#5267,#5293,#5319,#5345,#5371,#5397,#5423,#5449,#5475,#5501,#5527,#5553,#5579,#5605,#5631,#5657,#5683,#5709,#5735,#5761,#5787,#5813,#5839,#5865,#5891,#5917,#5943,#5969,#5995,#6021,#6047,#6073,#6099,#6125,#6151,#6177,#6203,#6229,#6255,#6281,#6307,#6333,#6359,#6385,#6411,#6437,#6463,#6489,#6515,#6541),#5253);
#6555= IFCCARTESIANPOINT((0.000,0.000,21.000));
#6556= IFCDIRECTION((0.,0.,1.));
#6557= IFCDIRECTION((1.,0.,0.));
#6558= IFCAXIS2PLACEMENT3D(#6555,#6556,#6557);
#6559= IFCLOCALPLACEMENT(#18,#6558);
#6560= IFCBUILDINGSTOREY('MJLLVL0060000000000000',#5,'Level 06',$,$,#6559,$,$,.ELEMENT.,21.000);
#6561= IFCCARTESIANPOINT((0.,0.));
#6562= IFCDIRECTION((1.,0.));
#6563= IFCAXIS2PLACEMENT2D(#6561,#6562);
#6564= IFCRECTANGLEPROFILEDEF(.AREA.,$,#6563,36.000,26.000);
#6565= IFCCARTESIANPOINT((0.000,0.000,0.000));
#6566= IFCDIRECTION((0.,0.,1.));
#6567= IFCDIRECTION((1.,0.,0.));
#6568= IFCAXIS2PLACEMENT3D(#6565,#6566,#6567);
#6569= IFCDIRECTION((0.,0.,1.));
#6570= IFCEXTRUDEDAREASOLID(#6564,#6568,#6569,0.280);
#6571= IFCSHAPEREPRESENTATION(#10,'Body','SweptSolid',(#6570));
#6572= IFCPRODUCTDEFINITIONSHAPE($,$,(#6571));
#6573= IFCLOCALPLACEMENT(#6559,#9);
#6574= IFCSLAB('MJLSLAB060001000000000',#5,'L06 - Floor slab',$,$,#6573,#6572,$);
#6575= IFCPROPERTYSINGLEVALUE('AssetReference',$,IFCLABEL('SLAB-06-001'),$);
#6576= IFCPROPERTYSINGLEVALUE('Level',$,IFCLABEL('Level 06'),$);
#6577= IFCPROPERTYSINGLEVALUE('System',$,IFCLABEL('Structure'),$);
#6578= IFCPROPERTYSINGLEVALUE('Status',$,IFCLABEL('Issued for Coordination'),$);
#6579= IFCPROPERTYSINGLEVALUE('FireRating',$,IFCLABEL('120 min'),$);
#6580= IFCPROPERTYSET('MJLPSET060251000000000',#5,'Pset_MajalAsset',$,(#6575,#6576,#6577,#6578,#6579));
#6581= IFCRELDEFINESBYPROPERTIES('MJLRPS0060251000000000',#5,$,$,(#6574),#6580);
#6582= IFCQUANTITYAREA('GrossArea',$,$,936.000,$);
#6583= IFCQUANTITYVOLUME('GrossVolume',$,$,262.080,$);
#6584= IFCQUANTITYCOUNT('Count',$,$,1.,$);
#6585= IFCELEMENTQUANTITY('MJLQTO0060251000000000',#5,'BaseQuantities',$,$,(#6582,#6583,#6584));
#6586= IFCRELDEFINESBYPROPERTIES('MJLRQT0060251000000000',#5,$,$,(#6574),#6585);
#6587= IFCCARTESIANPOINT((0.,0.));
#6588= IFCDIRECTION((1.,0.));
#6589= IFCAXIS2PLACEMENT2D(#6587,#6588);
#6590= IFCRECTANGLEPROFILEDEF(.AREA.,$,#6589,36.000,0.220);
#6591= IFCCARTESIANPOINT((0.000,12.900,0.000));
#6592= IFCDIRECTION((0.,0.,1.));
#6593= IFCDIRECTION((1.,0.,0.));
#6594= IFCAXIS2PLACEMENT3D(#6591,#6592,#6593);
#6595= IFCDIRECTION((0.,0.,1.));
#6596= IFCEXTRUDEDAREASOLID(#6590,#6594,#6595,4.000);
#6597= IFCSHAPEREPRESENTATION(#10,'Body','SweptSolid',(#6596));
#6598= IFCPRODUCTDEFINITIONSHAPE($,$,(#6597));
#6599= IFCLOCALPLACEMENT(#6559,#9);
#6600= IFCWALL('MJLWALL060002000000000',#5,'L06 - North facade',$,$,#6599,#6598,$);
#6601= IFCPROPERTYSINGLEVALUE('AssetReference',$,IFCLABEL('WALL-06-002'),$);
#6602= IFCPROPERTYSINGLEVALUE('Level',$,IFCLABEL('Level 06'),$);
#6603= IFCPROPERTYSINGLEVALUE('System',$,IFCLABEL('Envelope'),$);
#6604= IFCPROPERTYSINGLEVALUE('Status',$,IFCLABEL('Issued for Coordination'),$);
#6605= IFCPROPERTYSINGLEVALUE('FireRating',$,IFCLABEL('60 min'),$);
#6606= IFCPROPERTYSET('MJLPSET060252000000000',#5,'Pset_MajalAsset',$,(#6601,#6602,#6603,#6604,#6605));
#6607= IFCRELDEFINESBYPROPERTIES('MJLRPS0060252000000000',#5,$,$,(#6600),#6606);
#6608= IFCQUANTITYAREA('GrossArea',$,$,144.000,$);
#6609= IFCQUANTITYVOLUME('GrossVolume',$,$,31.680,$);
#6610= IFCQUANTITYCOUNT('Count',$,$,1.,$);
#6611= IFCELEMENTQUANTITY('MJLQTO0060252000000000',#5,'BaseQuantities',$,$,(#6608,#6609,#6610));
#6612= IFCRELDEFINESBYPROPERTIES('MJLRQT0060252000000000',#5,$,$,(#6600),#6611);
#6613= IFCCARTESIANPOINT((0.,0.));
#6614= IFCDIRECTION((1.,0.));
#6615= IFCAXIS2PLACEMENT2D(#6613,#6614);
#6616= IFCRECTANGLEPROFILEDEF(.AREA.,$,#6615,36.000,0.220);
#6617= IFCCARTESIANPOINT((0.000,-12.900,0.000));
#6618= IFCDIRECTION((0.,0.,1.));
#6619= IFCDIRECTION((1.,0.,0.));
#6620= IFCAXIS2PLACEMENT3D(#6617,#6618,#6619);
#6621= IFCDIRECTION((0.,0.,1.));
#6622= IFCEXTRUDEDAREASOLID(#6616,#6620,#6621,4.000);
#6623= IFCSHAPEREPRESENTATION(#10,'Body','SweptSolid',(#6622));
#6624= IFCPRODUCTDEFINITIONSHAPE($,$,(#6623));
#6625= IFCLOCALPLACEMENT(#6559,#9);
#6626= IFCWALL('MJLWALL060003000000000',#5,'L06 - South facade',$,$,#6625,#6624,$);
#6627= IFCPROPERTYSINGLEVALUE('AssetReference',$,IFCLABEL('WALL-06-003'),$);
#6628= IFCPROPERTYSINGLEVALUE('Level',$,IFCLABEL('Level 06'),$);
#6629= IFCPROPERTYSINGLEVALUE('System',$,IFCLABEL('Envelope'),$);
#6630= IFCPROPERTYSINGLEVALUE('Status',$,IFCLABEL('Issued for Coordination'),$);
#6631= IFCPROPERTYSINGLEVALUE('FireRating',$,IFCLABEL('60 min'),$);
#6632= IFCPROPERTYSET('MJLPSET060253000000000',#5,'Pset_MajalAsset',$,(#6627,#6628,#6629,#6630,#6631));
#6633= IFCRELDEFINESBYPROPERTIES('MJLRPS0060253000000000',#5,$,$,(#6626),#6632);
#6634= IFCQUANTITYAREA('GrossArea',$,$,144.000,$);
#6635= IFCQUANTITYVOLUME('GrossVolume',$,$,31.680,$);
#6636= IFCQUANTITYCOUNT('Count',$,$,1.,$);
#6637= IFCELEMENTQUANTITY('MJLQTO0060253000000000',#5,'BaseQuantities',$,$,(#6634,#6635,#6636));
#6638= IFCRELDEFINESBYPROPERTIES('MJLRQT0060253000000000',#5,$,$,(#6626),#6637);
#6639= IFCCARTESIANPOINT((0.,0.));
#6640= IFCDIRECTION((1.,0.));
#6641= IFCAXIS2PLACEMENT2D(#6639,#6640);
#6642= IFCRECTANGLEPROFILEDEF(.AREA.,$,#6641,0.220,26.000);
#6643= IFCCARTESIANPOINT((17.900,0.000,0.000));
#6644= IFCDIRECTION((0.,0.,1.));
#6645= IFCDIRECTION((1.,0.,0.));
#6646= IFCAXIS2PLACEMENT3D(#6643,#6644,#6645);
#6647= IFCDIRECTION((0.,0.,1.));
#6648= IFCEXTRUDEDAREASOLID(#6642,#6646,#6647,4.000);
#6649= IFCSHAPEREPRESENTATION(#10,'Body','SweptSolid',(#6648));
#6650= IFCPRODUCTDEFINITIONSHAPE($,$,(#6649));
#6651= IFCLOCALPLACEMENT(#6559,#9);
#6652= IFCWALL('MJLWALL060004000000000',#5,'L06 - East facade',$,$,#6651,#6650,$);
#6653= IFCPROPERTYSINGLEVALUE('AssetReference',$,IFCLABEL('WALL-06-004'),$);
#6654= IFCPROPERTYSINGLEVALUE('Level',$,IFCLABEL('Level 06'),$);
#6655= IFCPROPERTYSINGLEVALUE('System',$,IFCLABEL('Envelope'),$);
#6656= IFCPROPERTYSINGLEVALUE('Status',$,IFCLABEL('Issued for Coordination'),$);
#6657= IFCPROPERTYSINGLEVALUE('FireRating',$,IFCLABEL('60 min'),$);
#6658= IFCPROPERTYSET('MJLPSET060254000000000',#5,'Pset_MajalAsset',$,(#6653,#6654,#6655,#6656,#6657));
#6659= IFCRELDEFINESBYPROPERTIES('MJLRPS0060254000000000',#5,$,$,(#6652),#6658);
#6660= IFCQUANTITYAREA('GrossArea',$,$,5.720,$);
#6661= IFCQUANTITYVOLUME('GrossVolume',$,$,22.880,$);
#6662= IFCQUANTITYCOUNT('Count',$,$,1.,$);
#6663= IFCELEMENTQUANTITY('MJLQTO0060254000000000',#5,'BaseQuantities',$,$,(#6660,#6661,#6662));
#6664= IFCRELDEFINESBYPROPERTIES('MJLRQT0060254000000000',#5,$,$,(#6652),#6663);
#6665= IFCCARTESIANPOINT((0.,0.));
#6666= IFCDIRECTION((1.,0.));
#6667= IFCAXIS2PLACEMENT2D(#6665,#6666);
#6668= IFCRECTANGLEPROFILEDEF(.AREA.,$,#6667,0.220,26.000);
#6669= IFCCARTESIANPOINT((-17.900,0.000,0.000));
#6670= IFCDIRECTION((0.,0.,1.));
#6671= IFCDIRECTION((1.,0.,0.));
#6672= IFCAXIS2PLACEMENT3D(#6669,#6670,#6671);
#6673= IFCDIRECTION((0.,0.,1.));
#6674= IFCEXTRUDEDAREASOLID(#6668,#6672,#6673,4.000);
#6675= IFCSHAPEREPRESENTATION(#10,'Body','SweptSolid',(#6674));
#6676= IFCPRODUCTDEFINITIONSHAPE($,$,(#6675));
#6677= IFCLOCALPLACEMENT(#6559,#9);
#6678= IFCWALL('MJLWALL060005000000000',#5,'L06 - West facade',$,$,#6677,#6676,$);
#6679= IFCPROPERTYSINGLEVALUE('AssetReference',$,IFCLABEL('WALL-06-005'),$);
#6680= IFCPROPERTYSINGLEVALUE('Level',$,IFCLABEL('Level 06'),$);
#6681= IFCPROPERTYSINGLEVALUE('System',$,IFCLABEL('Envelope'),$);
#6682= IFCPROPERTYSINGLEVALUE('Status',$,IFCLABEL('Issued for Coordination'),$);
#6683= IFCPROPERTYSINGLEVALUE('FireRating',$,IFCLABEL('60 min'),$);
#6684= IFCPROPERTYSET('MJLPSET060255000000000',#5,'Pset_MajalAsset',$,(#6679,#6680,#6681,#6682,#6683));
#6685= IFCRELDEFINESBYPROPERTIES('MJLRPS0060255000000000',#5,$,$,(#6678),#6684);
#6686= IFCQUANTITYAREA('GrossArea',$,$,5.720,$);
#6687= IFCQUANTITYVOLUME('GrossVolume',$,$,22.880,$);
#6688= IFCQUANTITYCOUNT('Count',$,$,1.,$);
#6689= IFCELEMENTQUANTITY('MJLQTO0060255000000000',#5,'BaseQuantities',$,$,(#6686,#6687,#6688));
#6690= IFCRELDEFINESBYPROPERTIES('MJLRQT0060255000000000',#5,$,$,(#6678),#6689);
#6691= IFCCARTESIANPOINT((0.,0.));
#6692= IFCDIRECTION((1.,0.));
#6693= IFCAXIS2PLACEMENT2D(#6691,#6692);
#6694= IFCRECTANGLEPROFILEDEF(.AREA.,$,#6693,10.000,0.300);
#6695= IFCCARTESIANPOINT((0.000,3.900,0.000));
#6696= IFCDIRECTION((0.,0.,1.));
#6697= IFCDIRECTION((1.,0.,0.));
#6698= IFCAXIS2PLACEMENT3D(#6695,#6696,#6697);
#6699= IFCDIRECTION((0.,0.,1.));
#6700= IFCEXTRUDEDAREASOLID(#6694,#6698,#6699,4.000);
#6701= IFCSHAPEREPRESENTATION(#10,'Body','SweptSolid',(#6700));
#6702= IFCPRODUCTDEFINITIONSHAPE($,$,(#6701));
#6703= IFCLOCALPLACEMENT(#6559,#9);
#6704= IFCWALL('MJLCORE060006000000000',#5,'L06 - Core north',$,$,#6703,#6702,$);
#6705= IFCPROPERTYSINGLEVALUE('AssetReference',$,IFCLABEL('CORE-06-006'),$);
#6706= IFCPROPERTYSINGLEVALUE('Level',$,IFCLABEL('Level 06'),$);
#6707= IFCPROPERTYSINGLEVALUE('System',$,IFCLABEL('Core'),$);
#6708= IFCPROPERTYSINGLEVALUE('Status',$,IFCLABEL('Issued for Coordination'),$);
#6709= IFCPROPERTYSINGLEVALUE('FireRating',$,IFCLABEL('120 min'),$);
#6710= IFCPROPERTYSET('MJLPSET060256000000000',#5,'Pset_MajalAsset',$,(#6705,#6706,#6707,#6708,#6709));
#6711= IFCRELDEFINESBYPROPERTIES('MJLRPS0060256000000000',#5,$,$,(#6704),#6710);
#6712= IFCQUANTITYAREA('GrossArea',$,$,40.000,$);
#6713= IFCQUANTITYVOLUME('GrossVolume',$,$,12.000,$);
#6714= IFCQUANTITYCOUNT('Count',$,$,1.,$);
#6715= IFCELEMENTQUANTITY('MJLQTO0060256000000000',#5,'BaseQuantities',$,$,(#6712,#6713,#6714));
#6716= IFCRELDEFINESBYPROPERTIES('MJLRQT0060256000000000',#5,$,$,(#6704),#6715);
#6717= IFCCARTESIANPOINT((0.,0.));
#6718= IFCDIRECTION((1.,0.));
#6719= IFCAXIS2PLACEMENT2D(#6717,#6718);
#6720= IFCRECTANGLEPROFILEDEF(.AREA.,$,#6719,10.000,0.300);
#6721= IFCCARTESIANPOINT((0.000,-3.900,0.000));
#6722= IFCDIRECTION((0.,0.,1.));
#6723= IFCDIRECTION((1.,0.,0.));
#6724= IFCAXIS2PLACEMENT3D(#6721,#6722,#6723);
#6725= IFCDIRECTION((0.,0.,1.));
#6726= IFCEXTRUDEDAREASOLID(#6720,#6724,#6725,4.000);
#6727= IFCSHAPEREPRESENTATION(#10,'Body','SweptSolid',(#6726));
#6728= IFCPRODUCTDEFINITIONSHAPE($,$,(#6727));
#6729= IFCLOCALPLACEMENT(#6559,#9);
#6730= IFCWALL('MJLCORE060007000000000',#5,'L06 - Core south',$,$,#6729,#6728,$);
#6731= IFCPROPERTYSINGLEVALUE('AssetReference',$,IFCLABEL('CORE-06-007'),$);
#6732= IFCPROPERTYSINGLEVALUE('Level',$,IFCLABEL('Level 06'),$);
#6733= IFCPROPERTYSINGLEVALUE('System',$,IFCLABEL('Core'),$);
#6734= IFCPROPERTYSINGLEVALUE('Status',$,IFCLABEL('Issued for Coordination'),$);
#6735= IFCPROPERTYSINGLEVALUE('FireRating',$,IFCLABEL('120 min'),$);
#6736= IFCPROPERTYSET('MJLPSET060257000000000',#5,'Pset_MajalAsset',$,(#6731,#6732,#6733,#6734,#6735));
#6737= IFCRELDEFINESBYPROPERTIES('MJLRPS0060257000000000',#5,$,$,(#6730),#6736);
#6738= IFCQUANTITYAREA('GrossArea',$,$,40.000,$);
#6739= IFCQUANTITYVOLUME('GrossVolume',$,$,12.000,$);
#6740= IFCQUANTITYCOUNT('Count',$,$,1.,$);
#6741= IFCELEMENTQUANTITY('MJLQTO0060257000000000',#5,'BaseQuantities',$,$,(#6738,#6739,#6740));
#6742= IFCRELDEFINESBYPROPERTIES('MJLRQT0060257000000000',#5,$,$,(#6730),#6741);
#6743= IFCCARTESIANPOINT((0.,0.));
#6744= IFCDIRECTION((1.,0.));
#6745= IFCAXIS2PLACEMENT2D(#6743,#6744);
#6746= IFCRECTANGLEPROFILEDEF(.AREA.,$,#6745,0.300,8.000);
#6747= IFCCARTESIANPOINT((4.900,0.000,0.000));
#6748= IFCDIRECTION((0.,0.,1.));
#6749= IFCDIRECTION((1.,0.,0.));
#6750= IFCAXIS2PLACEMENT3D(#6747,#6748,#6749);
#6751= IFCDIRECTION((0.,0.,1.));
#6752= IFCEXTRUDEDAREASOLID(#6746,#6750,#6751,4.000);
#6753= IFCSHAPEREPRESENTATION(#10,'Body','SweptSolid',(#6752));
#6754= IFCPRODUCTDEFINITIONSHAPE($,$,(#6753));
#6755= IFCLOCALPLACEMENT(#6559,#9);
#6756= IFCWALL('MJLCORE060008000000000',#5,'L06 - Core east',$,$,#6755,#6754,$);
#6757= IFCPROPERTYSINGLEVALUE('AssetReference',$,IFCLABEL('CORE-06-008'),$);
#6758= IFCPROPERTYSINGLEVALUE('Level',$,IFCLABEL('Level 06'),$);
#6759= IFCPROPERTYSINGLEVALUE('System',$,IFCLABEL('Core'),$);
#6760= IFCPROPERTYSINGLEVALUE('Status',$,IFCLABEL('Issued for Coordination'),$);
#6761= IFCPROPERTYSINGLEVALUE('FireRating',$,IFCLABEL('120 min'),$);
#6762= IFCPROPERTYSET('MJLPSET060258000000000',#5,'Pset_MajalAsset',$,(#6757,#6758,#6759,#6760,#6761));
#6763= IFCRELDEFINESBYPROPERTIES('MJLRPS0060258000000000',#5,$,$,(#6756),#6762);
#6764= IFCQUANTITYAREA('GrossArea',$,$,2.400,$);
#6765= IFCQUANTITYVOLUME('GrossVolume',$,$,9.600,$);
#6766= IFCQUANTITYCOUNT('Count',$,$,1.,$);
#6767= IFCELEMENTQUANTITY('MJLQTO0060258000000000',#5,'BaseQuantities',$,$,(#6764,#6765,#6766));
#6768= IFCRELDEFINESBYPROPERTIES('MJLRQT0060258000000000',#5,$,$,(#6756),#6767);
#6769= IFCCARTESIANPOINT((0.,0.));
#6770= IFCDIRECTION((1.,0.));
#6771= IFCAXIS2PLACEMENT2D(#6769,#6770);
#6772= IFCRECTANGLEPROFILEDEF(.AREA.,$,#6771,0.300,8.000);
#6773= IFCCARTESIANPOINT((-4.900,0.000,0.000));
#6774= IFCDIRECTION((0.,0.,1.));
#6775= IFCDIRECTION((1.,0.,0.));
#6776= IFCAXIS2PLACEMENT3D(#6773,#6774,#6775);
#6777= IFCDIRECTION((0.,0.,1.));
#6778= IFCEXTRUDEDAREASOLID(#6772,#6776,#6777,4.000);
#6779= IFCSHAPEREPRESENTATION(#10,'Body','SweptSolid',(#6778));
#6780= IFCPRODUCTDEFINITIONSHAPE($,$,(#6779));
#6781= IFCLOCALPLACEMENT(#6559,#9);
#6782= IFCWALL('MJLCORE060009000000000',#5,'L06 - Core west',$,$,#6781,#6780,$);
#6783= IFCPROPERTYSINGLEVALUE('AssetReference',$,IFCLABEL('CORE-06-009'),$);
#6784= IFCPROPERTYSINGLEVALUE('Level',$,IFCLABEL('Level 06'),$);
#6785= IFCPROPERTYSINGLEVALUE('System',$,IFCLABEL('Core'),$);
#6786= IFCPROPERTYSINGLEVALUE('Status',$,IFCLABEL('Issued for Coordination'),$);
#6787= IFCPROPERTYSINGLEVALUE('FireRating',$,IFCLABEL('120 min'),$);
#6788= IFCPROPERTYSET('MJLPSET060259000000000',#5,'Pset_MajalAsset',$,(#6783,#6784,#6785,#6786,#6787));
#6789= IFCRELDEFINESBYPROPERTIES('MJLRPS0060259000000000',#5,$,$,(#6782),#6788);
#6790= IFCQUANTITYAREA('GrossArea',$,$,2.400,$);
#6791= IFCQUANTITYVOLUME('GrossVolume',$,$,9.600,$);
#6792= IFCQUANTITYCOUNT('Count',$,$,1.,$);
#6793= IFCELEMENTQUANTITY('MJLQTO0060259000000000',#5,'BaseQuantities',$,$,(#6790,#6791,#6792));
#6794= IFCRELDEFINESBYPROPERTIES('MJLRQT0060259000000000',#5,$,$,(#6782),#6793);
#6795= IFCCARTESIANPOINT((0.,0.));
#6796= IFCDIRECTION((1.,0.));
#6797= IFCAXIS2PLACEMENT2D(#6795,#6796);
#6798= IFCRECTANGLEPROFILEDEF(.AREA.,$,#6797,0.550,0.550);
#6799= IFCCARTESIANPOINT((-15.000,-10.000,0.000));
#6800= IFCDIRECTION((0.,0.,1.));
#6801= IFCDIRECTION((1.,0.,0.));
#6802= IFCAXIS2PLACEMENT3D(#6799,#6800,#6801);
#6803= IFCDIRECTION((0.,0.,1.));
#6804= IFCEXTRUDEDAREASOLID(#6798,#6802,#6803,4.000);
#6805= IFCSHAPEREPRESENTATION(#10,'Body','SweptSolid',(#6804));
#6806= IFCPRODUCTDEFINITIONSHAPE($,$,(#6805));
#6807= IFCLOCALPLACEMENT(#6559,#9);
#6808= IFCCOLUMN('MJLCOL0060010000000000',#5,'L06 - Column -15/-10',$,$,#6807,#6806,$);
#6809= IFCPROPERTYSINGLEVALUE('AssetReference',$,IFCLABEL('COL-06-010'),$);
#6810= IFCPROPERTYSINGLEVALUE('Level',$,IFCLABEL('Level 06'),$);
#6811= IFCPROPERTYSINGLEVALUE('System',$,IFCLABEL('Structure'),$);
#6812= IFCPROPERTYSINGLEVALUE('Status',$,IFCLABEL('Issued for Coordination'),$);
#6813= IFCPROPERTYSINGLEVALUE('FireRating',$,IFCLABEL('120 min'),$);
#6814= IFCPROPERTYSET('MJLPSET060260000000000',#5,'Pset_MajalAsset',$,(#6809,#6810,#6811,#6812,#6813));
#6815= IFCRELDEFINESBYPROPERTIES('MJLRPS0060260000000000',#5,$,$,(#6808),#6814);
#6816= IFCQUANTITYAREA('GrossArea',$,$,2.200,$);
#6817= IFCQUANTITYVOLUME('GrossVolume',$,$,1.210,$);
#6818= IFCQUANTITYCOUNT('Count',$,$,1.,$);
#6819= IFCELEMENTQUANTITY('MJLQTO0060260000000000',#5,'BaseQuantities',$,$,(#6816,#6817,#6818));
#6820= IFCRELDEFINESBYPROPERTIES('MJLRQT0060260000000000',#5,$,$,(#6808),#6819);
#6821= IFCCARTESIANPOINT((0.,0.));
#6822= IFCDIRECTION((1.,0.));
#6823= IFCAXIS2PLACEMENT2D(#6821,#6822);
#6824= IFCRECTANGLEPROFILEDEF(.AREA.,$,#6823,0.550,0.550);
#6825= IFCCARTESIANPOINT((-15.000,0.000,0.000));
#6826= IFCDIRECTION((0.,0.,1.));
#6827= IFCDIRECTION((1.,0.,0.));
#6828= IFCAXIS2PLACEMENT3D(#6825,#6826,#6827);
#6829= IFCDIRECTION((0.,0.,1.));
#6830= IFCEXTRUDEDAREASOLID(#6824,#6828,#6829,4.000);
#6831= IFCSHAPEREPRESENTATION(#10,'Body','SweptSolid',(#6830));
#6832= IFCPRODUCTDEFINITIONSHAPE($,$,(#6831));
#6833= IFCLOCALPLACEMENT(#6559,#9);
#6834= IFCCOLUMN('MJLCOL0060011000000000',#5,'L06 - Column -15/+00',$,$,#6833,#6832,$);
#6835= IFCPROPERTYSINGLEVALUE('AssetReference',$,IFCLABEL('COL-06-011'),$);
#6836= IFCPROPERTYSINGLEVALUE('Level',$,IFCLABEL('Level 06'),$);
#6837= IFCPROPERTYSINGLEVALUE('System',$,IFCLABEL('Structure'),$);
#6838= IFCPROPERTYSINGLEVALUE('Status',$,IFCLABEL('Issued for Coordination'),$);
#6839= IFCPROPERTYSINGLEVALUE('FireRating',$,IFCLABEL('120 min'),$);
#6840= IFCPROPERTYSET('MJLPSET060261000000000',#5,'Pset_MajalAsset',$,(#6835,#6836,#6837,#6838,#6839));
#6841= IFCRELDEFINESBYPROPERTIES('MJLRPS0060261000000000',#5,$,$,(#6834),#6840);
#6842= IFCQUANTITYAREA('GrossArea',$,$,2.200,$);
#6843= IFCQUANTITYVOLUME('GrossVolume',$,$,1.210,$);
#6844= IFCQUANTITYCOUNT('Count',$,$,1.,$);
#6845= IFCELEMENTQUANTITY('MJLQTO0060261000000000',#5,'BaseQuantities',$,$,(#6842,#6843,#6844));
#6846= IFCRELDEFINESBYPROPERTIES('MJLRQT0060261000000000',#5,$,$,(#6834),#6845);
#6847= IFCCARTESIANPOINT((0.,0.));
#6848= IFCDIRECTION((1.,0.));
#6849= IFCAXIS2PLACEMENT2D(#6847,#6848);
#6850= IFCRECTANGLEPROFILEDEF(.AREA.,$,#6849,0.550,0.550);
#6851= IFCCARTESIANPOINT((-15.000,10.000,0.000));
#6852= IFCDIRECTION((0.,0.,1.));
#6853= IFCDIRECTION((1.,0.,0.));
#6854= IFCAXIS2PLACEMENT3D(#6851,#6852,#6853);
#6855= IFCDIRECTION((0.,0.,1.));
#6856= IFCEXTRUDEDAREASOLID(#6850,#6854,#6855,4.000);
#6857= IFCSHAPEREPRESENTATION(#10,'Body','SweptSolid',(#6856));
#6858= IFCPRODUCTDEFINITIONSHAPE($,$,(#6857));
#6859= IFCLOCALPLACEMENT(#6559,#9);
#6860= IFCCOLUMN('MJLCOL0060012000000000',#5,'L06 - Column -15/+10',$,$,#6859,#6858,$);
#6861= IFCPROPERTYSINGLEVALUE('AssetReference',$,IFCLABEL('COL-06-012'),$);
#6862= IFCPROPERTYSINGLEVALUE('Level',$,IFCLABEL('Level 06'),$);
#6863= IFCPROPERTYSINGLEVALUE('System',$,IFCLABEL('Structure'),$);
#6864= IFCPROPERTYSINGLEVALUE('Status',$,IFCLABEL('Issued for Coordination'),$);
#6865= IFCPROPERTYSINGLEVALUE('FireRating',$,IFCLABEL('120 min'),$);
#6866= IFCPROPERTYSET('MJLPSET060262000000000',#5,'Pset_MajalAsset',$,(#6861,#6862,#6863,#6864,#6865));
#6867= IFCRELDEFINESBYPROPERTIES('MJLRPS0060262000000000',#5,$,$,(#6860),#6866);
#6868= IFCQUANTITYAREA('GrossArea',$,$,2.200,$);
#6869= IFCQUANTITYVOLUME('GrossVolume',$,$,1.210,$);
#6870= IFCQUANTITYCOUNT('Count',$,$,1.,$);
#6871= IFCELEMENTQUANTITY('MJLQTO0060262000000000',#5,'BaseQuantities',$,$,(#6868,#6869,#6870));
#6872= IFCRELDEFINESBYPROPERTIES('MJLRQT0060262000000000',#5,$,$,(#6860),#6871);
#6873= IFCCARTESIANPOINT((0.,0.));
#6874= IFCDIRECTION((1.,0.));
#6875= IFCAXIS2PLACEMENT2D(#6873,#6874);
#6876= IFCRECTANGLEPROFILEDEF(.AREA.,$,#6875,0.550,0.550);
#6877= IFCCARTESIANPOINT((-9.000,-10.000,0.000));
#6878= IFCDIRECTION((0.,0.,1.));
#6879= IFCDIRECTION((1.,0.,0.));
#6880= IFCAXIS2PLACEMENT3D(#6877,#6878,#6879);
#6881= IFCDIRECTION((0.,0.,1.));
#6882= IFCEXTRUDEDAREASOLID(#6876,#6880,#6881,4.000);
#6883= IFCSHAPEREPRESENTATION(#10,'Body','SweptSolid',(#6882));
#6884= IFCPRODUCTDEFINITIONSHAPE($,$,(#6883));
#6885= IFCLOCALPLACEMENT(#6559,#9);
#6886= IFCCOLUMN('MJLCOL0060013000000000',#5,'L06 - Column -09/-10',$,$,#6885,#6884,$);
#6887= IFCPROPERTYSINGLEVALUE('AssetReference',$,IFCLABEL('COL-06-013'),$);
#6888= IFCPROPERTYSINGLEVALUE('Level',$,IFCLABEL('Level 06'),$);
#6889= IFCPROPERTYSINGLEVALUE('System',$,IFCLABEL('Structure'),$);
#6890= IFCPROPERTYSINGLEVALUE('Status',$,IFCLABEL('Issued for Coordination'),$);
#6891= IFCPROPERTYSINGLEVALUE('FireRating',$,IFCLABEL('120 min'),$);
#6892= IFCPROPERTYSET('MJLPSET060263000000000',#5,'Pset_MajalAsset',$,(#6887,#6888,#6889,#6890,#6891));
#6893= IFCRELDEFINESBYPROPERTIES('MJLRPS0060263000000000',#5,$,$,(#6886),#6892);
#6894= IFCQUANTITYAREA('GrossArea',$,$,2.200,$);
#6895= IFCQUANTITYVOLUME('GrossVolume',$,$,1.210,$);
#6896= IFCQUANTITYCOUNT('Count',$,$,1.,$);
#6897= IFCELEMENTQUANTITY('MJLQTO0060263000000000',#5,'BaseQuantities',$,$,(#6894,#6895,#6896));
#6898= IFCRELDEFINESBYPROPERTIES('MJLRQT0060263000000000',#5,$,$,(#6886),#6897);
#6899= IFCCARTESIANPOINT((0.,0.));
#6900= IFCDIRECTION((1.,0.));
#6901= IFCAXIS2PLACEMENT2D(#6899,#6900);
#6902= IFCRECTANGLEPROFILEDEF(.AREA.,$,#6901,0.550,0.550);
#6903= IFCCARTESIANPOINT((-9.000,0.000,0.000));
#6904= IFCDIRECTION((0.,0.,1.));
#6905= IFCDIRECTION((1.,0.,0.));
#6906= IFCAXIS2PLACEMENT3D(#6903,#6904,#6905);
#6907= IFCDIRECTION((0.,0.,1.));
#6908= IFCEXTRUDEDAREASOLID(#6902,#6906,#6907,4.000);
#6909= IFCSHAPEREPRESENTATION(#10,'Body','SweptSolid',(#6908));
#6910= IFCPRODUCTDEFINITIONSHAPE($,$,(#6909));
#6911= IFCLOCALPLACEMENT(#6559,#9);
#6912= IFCCOLUMN('MJLCOL0060014000000000',#5,'L06 - Column -09/+00',$,$,#6911,#6910,$);
#6913= IFCPROPERTYSINGLEVALUE('AssetReference',$,IFCLABEL('COL-06-014'),$);
#6914= IFCPROPERTYSINGLEVALUE('Level',$,IFCLABEL('Level 06'),$);
#6915= IFCPROPERTYSINGLEVALUE('System',$,IFCLABEL('Structure'),$);
#6916= IFCPROPERTYSINGLEVALUE('Status',$,IFCLABEL('Issued for Coordination'),$);
#6917= IFCPROPERTYSINGLEVALUE('FireRating',$,IFCLABEL('120 min'),$);
#6918= IFCPROPERTYSET('MJLPSET060264000000000',#5,'Pset_MajalAsset',$,(#6913,#6914,#6915,#6916,#6917));
#6919= IFCRELDEFINESBYPROPERTIES('MJLRPS0060264000000000',#5,$,$,(#6912),#6918);
#6920= IFCQUANTITYAREA('GrossArea',$,$,2.200,$);
#6921= IFCQUANTITYVOLUME('GrossVolume',$,$,1.210,$);
#6922= IFCQUANTITYCOUNT('Count',$,$,1.,$);
#6923= IFCELEMENTQUANTITY('MJLQTO0060264000000000',#5,'BaseQuantities',$,$,(#6920,#6921,#6922));
#6924= IFCRELDEFINESBYPROPERTIES('MJLRQT0060264000000000',#5,$,$,(#6912),#6923);
#6925= IFCCARTESIANPOINT((0.,0.));
#6926= IFCDIRECTION((1.,0.));
#6927= IFCAXIS2PLACEMENT2D(#6925,#6926);
#6928= IFCRECTANGLEPROFILEDEF(.AREA.,$,#6927,0.550,0.550);
#6929= IFCCARTESIANPOINT((-9.000,10.000,0.000));
#6930= IFCDIRECTION((0.,0.,1.));
#6931= IFCDIRECTION((1.,0.,0.));
#6932= IFCAXIS2PLACEMENT3D(#6929,#6930,#6931);
#6933= IFCDIRECTION((0.,0.,1.));
#6934= IFCEXTRUDEDAREASOLID(#6928,#6932,#6933,4.000);
#6935= IFCSHAPEREPRESENTATION(#10,'Body','SweptSolid',(#6934));
#6936= IFCPRODUCTDEFINITIONSHAPE($,$,(#6935));
#6937= IFCLOCALPLACEMENT(#6559,#9);
#6938= IFCCOLUMN('MJLCOL0060015000000000',#5,'L06 - Column -09/+10',$,$,#6937,#6936,$);
#6939= IFCPROPERTYSINGLEVALUE('AssetReference',$,IFCLABEL('COL-06-015'),$);
#6940= IFCPROPERTYSINGLEVALUE('Level',$,IFCLABEL('Level 06'),$);
#6941= IFCPROPERTYSINGLEVALUE('System',$,IFCLABEL('Structure'),$);
#6942= IFCPROPERTYSINGLEVALUE('Status',$,IFCLABEL('Issued for Coordination'),$);
#6943= IFCPROPERTYSINGLEVALUE('FireRating',$,IFCLABEL('120 min'),$);
#6944= IFCPROPERTYSET('MJLPSET060265000000000',#5,'Pset_MajalAsset',$,(#6939,#6940,#6941,#6942,#6943));
#6945= IFCRELDEFINESBYPROPERTIES('MJLRPS0060265000000000',#5,$,$,(#6938),#6944);
#6946= IFCQUANTITYAREA('GrossArea',$,$,2.200,$);
#6947= IFCQUANTITYVOLUME('GrossVolume',$,$,1.210,$);
#6948= IFCQUANTITYCOUNT('Count',$,$,1.,$);
#6949= IFCELEMENTQUANTITY('MJLQTO0060265000000000',#5,'BaseQuantities',$,$,(#6946,#6947,#6948));
#6950= IFCRELDEFINESBYPROPERTIES('MJLRQT0060265000000000',#5,$,$,(#6938),#6949);
#6951= IFCCARTESIANPOINT((0.,0.));
#6952= IFCDIRECTION((1.,0.));
#6953= IFCAXIS2PLACEMENT2D(#6951,#6952);
#6954= IFCRECTANGLEPROFILEDEF(.AREA.,$,#6953,0.550,0.550);
#6955= IFCCARTESIANPOINT((-3.000,-10.000,0.000));
#6956= IFCDIRECTION((0.,0.,1.));
#6957= IFCDIRECTION((1.,0.,0.));
#6958= IFCAXIS2PLACEMENT3D(#6955,#6956,#6957);
#6959= IFCDIRECTION((0.,0.,1.));
#6960= IFCEXTRUDEDAREASOLID(#6954,#6958,#6959,4.000);
#6961= IFCSHAPEREPRESENTATION(#10,'Body','SweptSolid',(#6960));
#6962= IFCPRODUCTDEFINITIONSHAPE($,$,(#6961));
#6963= IFCLOCALPLACEMENT(#6559,#9);
#6964= IFCCOLUMN('MJLCOL0060016000000000',#5,'L06 - Column -03/-10',$,$,#6963,#6962,$);
#6965= IFCPROPERTYSINGLEVALUE('AssetReference',$,IFCLABEL('COL-06-016'),$);
#6966= IFCPROPERTYSINGLEVALUE('Level',$,IFCLABEL('Level 06'),$);
#6967= IFCPROPERTYSINGLEVALUE('System',$,IFCLABEL('Structure'),$);
#6968= IFCPROPERTYSINGLEVALUE('Status',$,IFCLABEL('Issued for Coordination'),$);
#6969= IFCPROPERTYSINGLEVALUE('FireRating',$,IFCLABEL('120 min'),$);
#6970= IFCPROPERTYSET('MJLPSET060266000000000',#5,'Pset_MajalAsset',$,(#6965,#6966,#6967,#6968,#6969));
#6971= IFCRELDEFINESBYPROPERTIES('MJLRPS0060266000000000',#5,$,$,(#6964),#6970);
#6972= IFCQUANTITYAREA('GrossArea',$,$,2.200,$);
#6973= IFCQUANTITYVOLUME('GrossVolume',$,$,1.210,$);
#6974= IFCQUANTITYCOUNT('Count',$,$,1.,$);
#6975= IFCELEMENTQUANTITY('MJLQTO0060266000000000',#5,'BaseQuantities',$,$,(#6972,#6973,#6974));
#6976= IFCRELDEFINESBYPROPERTIES('MJLRQT0060266000000000',#5,$,$,(#6964),#6975);
#6977= IFCCARTESIANPOINT((0.,0.));
#6978= IFCDIRECTION((1.,0.));
#6979= IFCAXIS2PLACEMENT2D(#6977,#6978);
#6980= IFCRECTANGLEPROFILEDEF(.AREA.,$,#6979,0.550,0.550);
#6981= IFCCARTESIANPOINT((-3.000,0.000,0.000));
#6982= IFCDIRECTION((0.,0.,1.));
#6983= IFCDIRECTION((1.,0.,0.));
#6984= IFCAXIS2PLACEMENT3D(#6981,#6982,#6983);
#6985= IFCDIRECTION((0.,0.,1.));
#6986= IFCEXTRUDEDAREASOLID(#6980,#6984,#6985,4.000);
#6987= IFCSHAPEREPRESENTATION(#10,'Body','SweptSolid',(#6986));
#6988= IFCPRODUCTDEFINITIONSHAPE($,$,(#6987));
#6989= IFCLOCALPLACEMENT(#6559,#9);
#6990= IFCCOLUMN('MJLCOL0060017000000000',#5,'L06 - Column -03/+00',$,$,#6989,#6988,$);
#6991= IFCPROPERTYSINGLEVALUE('AssetReference',$,IFCLABEL('COL-06-017'),$);
#6992= IFCPROPERTYSINGLEVALUE('Level',$,IFCLABEL('Level 06'),$);
#6993= IFCPROPERTYSINGLEVALUE('System',$,IFCLABEL('Structure'),$);
#6994= IFCPROPERTYSINGLEVALUE('Status',$,IFCLABEL('Issued for Coordination'),$);
#6995= IFCPROPERTYSINGLEVALUE('FireRating',$,IFCLABEL('120 min'),$);
#6996= IFCPROPERTYSET('MJLPSET060267000000000',#5,'Pset_MajalAsset',$,(#6991,#6992,#6993,#6994,#6995));
#6997= IFCRELDEFINESBYPROPERTIES('MJLRPS0060267000000000',#5,$,$,(#6990),#6996);
#6998= IFCQUANTITYAREA('GrossArea',$,$,2.200,$);
#6999= IFCQUANTITYVOLUME('GrossVolume',$,$,1.210,$);
#7000= IFCQUANTITYCOUNT('Count',$,$,1.,$);
#7001= IFCELEMENTQUANTITY('MJLQTO0060267000000000',#5,'BaseQuantities',$,$,(#6998,#6999,#7000));
#7002= IFCRELDEFINESBYPROPERTIES('MJLRQT0060267000000000',#5,$,$,(#6990),#7001);
#7003= IFCCARTESIANPOINT((0.,0.));
#7004= IFCDIRECTION((1.,0.));
#7005= IFCAXIS2PLACEMENT2D(#7003,#7004);
#7006= IFCRECTANGLEPROFILEDEF(.AREA.,$,#7005,0.550,0.550);
#7007= IFCCARTESIANPOINT((-3.000,10.000,0.000));
#7008= IFCDIRECTION((0.,0.,1.));
#7009= IFCDIRECTION((1.,0.,0.));
#7010= IFCAXIS2PLACEMENT3D(#7007,#7008,#7009);
#7011= IFCDIRECTION((0.,0.,1.));
#7012= IFCEXTRUDEDAREASOLID(#7006,#7010,#7011,4.000);
#7013= IFCSHAPEREPRESENTATION(#10,'Body','SweptSolid',(#7012));
#7014= IFCPRODUCTDEFINITIONSHAPE($,$,(#7013));
#7015= IFCLOCALPLACEMENT(#6559,#9);
#7016= IFCCOLUMN('MJLCOL0060018000000000',#5,'L06 - Column -03/+10',$,$,#7015,#7014,$);
#7017= IFCPROPERTYSINGLEVALUE('AssetReference',$,IFCLABEL('COL-06-018'),$);
#7018= IFCPROPERTYSINGLEVALUE('Level',$,IFCLABEL('Level 06'),$);
#7019= IFCPROPERTYSINGLEVALUE('System',$,IFCLABEL('Structure'),$);
#7020= IFCPROPERTYSINGLEVALUE('Status',$,IFCLABEL('Issued for Coordination'),$);
#7021= IFCPROPERTYSINGLEVALUE('FireRating',$,IFCLABEL('120 min'),$);
#7022= IFCPROPERTYSET('MJLPSET060268000000000',#5,'Pset_MajalAsset',$,(#7017,#7018,#7019,#7020,#7021));
#7023= IFCRELDEFINESBYPROPERTIES('MJLRPS0060268000000000',#5,$,$,(#7016),#7022);
#7024= IFCQUANTITYAREA('GrossArea',$,$,2.200,$);
#7025= IFCQUANTITYVOLUME('GrossVolume',$,$,1.210,$);
#7026= IFCQUANTITYCOUNT('Count',$,$,1.,$);
#7027= IFCELEMENTQUANTITY('MJLQTO0060268000000000',#5,'BaseQuantities',$,$,(#7024,#7025,#7026));
#7028= IFCRELDEFINESBYPROPERTIES('MJLRQT0060268000000000',#5,$,$,(#7016),#7027);
#7029= IFCCARTESIANPOINT((0.,0.));
#7030= IFCDIRECTION((1.,0.));
#7031= IFCAXIS2PLACEMENT2D(#7029,#7030);
#7032= IFCRECTANGLEPROFILEDEF(.AREA.,$,#7031,0.550,0.550);
#7033= IFCCARTESIANPOINT((3.000,-10.000,0.000));
#7034= IFCDIRECTION((0.,0.,1.));
#7035= IFCDIRECTION((1.,0.,0.));
#7036= IFCAXIS2PLACEMENT3D(#7033,#7034,#7035);
#7037= IFCDIRECTION((0.,0.,1.));
#7038= IFCEXTRUDEDAREASOLID(#7032,#7036,#7037,4.000);
#7039= IFCSHAPEREPRESENTATION(#10,'Body','SweptSolid',(#7038));
#7040= IFCPRODUCTDEFINITIONSHAPE($,$,(#7039));
#7041= IFCLOCALPLACEMENT(#6559,#9);
#7042= IFCCOLUMN('MJLCOL0060019000000000',#5,'L06 - Column +03/-10',$,$,#7041,#7040,$);
#7043= IFCPROPERTYSINGLEVALUE('AssetReference',$,IFCLABEL('COL-06-019'),$);
#7044= IFCPROPERTYSINGLEVALUE('Level',$,IFCLABEL('Level 06'),$);
#7045= IFCPROPERTYSINGLEVALUE('System',$,IFCLABEL('Structure'),$);
#7046= IFCPROPERTYSINGLEVALUE('Status',$,IFCLABEL('Issued for Coordination'),$);
#7047= IFCPROPERTYSINGLEVALUE('FireRating',$,IFCLABEL('120 min'),$);
#7048= IFCPROPERTYSET('MJLPSET060269000000000',#5,'Pset_MajalAsset',$,(#7043,#7044,#7045,#7046,#7047));
#7049= IFCRELDEFINESBYPROPERTIES('MJLRPS0060269000000000',#5,$,$,(#7042),#7048);
#7050= IFCQUANTITYAREA('GrossArea',$,$,2.200,$);
#7051= IFCQUANTITYVOLUME('GrossVolume',$,$,1.210,$);
#7052= IFCQUANTITYCOUNT('Count',$,$,1.,$);
#7053= IFCELEMENTQUANTITY('MJLQTO0060269000000000',#5,'BaseQuantities',$,$,(#7050,#7051,#7052));
#7054= IFCRELDEFINESBYPROPERTIES('MJLRQT0060269000000000',#5,$,$,(#7042),#7053);
#7055= IFCCARTESIANPOINT((0.,0.));
#7056= IFCDIRECTION((1.,0.));
#7057= IFCAXIS2PLACEMENT2D(#7055,#7056);
#7058= IFCRECTANGLEPROFILEDEF(.AREA.,$,#7057,0.550,0.550);
#7059= IFCCARTESIANPOINT((3.000,0.000,0.000));
#7060= IFCDIRECTION((0.,0.,1.));
#7061= IFCDIRECTION((1.,0.,0.));
#7062= IFCAXIS2PLACEMENT3D(#7059,#7060,#7061);
#7063= IFCDIRECTION((0.,0.,1.));
#7064= IFCEXTRUDEDAREASOLID(#7058,#7062,#7063,4.000);
#7065= IFCSHAPEREPRESENTATION(#10,'Body','SweptSolid',(#7064));
#7066= IFCPRODUCTDEFINITIONSHAPE($,$,(#7065));
#7067= IFCLOCALPLACEMENT(#6559,#9);
#7068= IFCCOLUMN('MJLCOL0060020000000000',#5,'L06 - Column +03/+00',$,$,#7067,#7066,$);
#7069= IFCPROPERTYSINGLEVALUE('AssetReference',$,IFCLABEL('COL-06-020'),$);
#7070= IFCPROPERTYSINGLEVALUE('Level',$,IFCLABEL('Level 06'),$);
#7071= IFCPROPERTYSINGLEVALUE('System',$,IFCLABEL('Structure'),$);
#7072= IFCPROPERTYSINGLEVALUE('Status',$,IFCLABEL('Issued for Coordination'),$);
#7073= IFCPROPERTYSINGLEVALUE('FireRating',$,IFCLABEL('120 min'),$);
#7074= IFCPROPERTYSET('MJLPSET060270000000000',#5,'Pset_MajalAsset',$,(#7069,#7070,#7071,#7072,#7073));
#7075= IFCRELDEFINESBYPROPERTIES('MJLRPS0060270000000000',#5,$,$,(#7068),#7074);
#7076= IFCQUANTITYAREA('GrossArea',$,$,2.200,$);
#7077= IFCQUANTITYVOLUME('GrossVolume',$,$,1.210,$);
#7078= IFCQUANTITYCOUNT('Count',$,$,1.,$);
#7079= IFCELEMENTQUANTITY('MJLQTO0060270000000000',#5,'BaseQuantities',$,$,(#7076,#7077,#7078));
#7080= IFCRELDEFINESBYPROPERTIES('MJLRQT0060270000000000',#5,$,$,(#7068),#7079);
#7081= IFCCARTESIANPOINT((0.,0.));
#7082= IFCDIRECTION((1.,0.));
#7083= IFCAXIS2PLACEMENT2D(#7081,#7082);
#7084= IFCRECTANGLEPROFILEDEF(.AREA.,$,#7083,0.550,0.550);
#7085= IFCCARTESIANPOINT((3.000,10.000,0.000));
#7086= IFCDIRECTION((0.,0.,1.));
#7087= IFCDIRECTION((1.,0.,0.));
#7088= IFCAXIS2PLACEMENT3D(#7085,#7086,#7087);
#7089= IFCDIRECTION((0.,0.,1.));
#7090= IFCEXTRUDEDAREASOLID(#7084,#7088,#7089,4.000);
#7091= IFCSHAPEREPRESENTATION(#10,'Body','SweptSolid',(#7090));
#7092= IFCPRODUCTDEFINITIONSHAPE($,$,(#7091));
#7093= IFCLOCALPLACEMENT(#6559,#9);
#7094= IFCCOLUMN('MJLCOL0060021000000000',#5,'L06 - Column +03/+10',$,$,#7093,#7092,$);
#7095= IFCPROPERTYSINGLEVALUE('AssetReference',$,IFCLABEL('COL-06-021'),$);
#7096= IFCPROPERTYSINGLEVALUE('Level',$,IFCLABEL('Level 06'),$);
#7097= IFCPROPERTYSINGLEVALUE('System',$,IFCLABEL('Structure'),$);
#7098= IFCPROPERTYSINGLEVALUE('Status',$,IFCLABEL('Issued for Coordination'),$);
#7099= IFCPROPERTYSINGLEVALUE('FireRating',$,IFCLABEL('120 min'),$);
#7100= IFCPROPERTYSET('MJLPSET060271000000000',#5,'Pset_MajalAsset',$,(#7095,#7096,#7097,#7098,#7099));
#7101= IFCRELDEFINESBYPROPERTIES('MJLRPS0060271000000000',#5,$,$,(#7094),#7100);
#7102= IFCQUANTITYAREA('GrossArea',$,$,2.200,$);
#7103= IFCQUANTITYVOLUME('GrossVolume',$,$,1.210,$);
#7104= IFCQUANTITYCOUNT('Count',$,$,1.,$);
#7105= IFCELEMENTQUANTITY('MJLQTO0060271000000000',#5,'BaseQuantities',$,$,(#7102,#7103,#7104));
#7106= IFCRELDEFINESBYPROPERTIES('MJLRQT0060271000000000',#5,$,$,(#7094),#7105);
#7107= IFCCARTESIANPOINT((0.,0.));
#7108= IFCDIRECTION((1.,0.));
#7109= IFCAXIS2PLACEMENT2D(#7107,#7108);
#7110= IFCRECTANGLEPROFILEDEF(.AREA.,$,#7109,0.550,0.550);
#7111= IFCCARTESIANPOINT((9.000,-10.000,0.000));
#7112= IFCDIRECTION((0.,0.,1.));
#7113= IFCDIRECTION((1.,0.,0.));
#7114= IFCAXIS2PLACEMENT3D(#7111,#7112,#7113);
#7115= IFCDIRECTION((0.,0.,1.));
#7116= IFCEXTRUDEDAREASOLID(#7110,#7114,#7115,4.000);
#7117= IFCSHAPEREPRESENTATION(#10,'Body','SweptSolid',(#7116));
#7118= IFCPRODUCTDEFINITIONSHAPE($,$,(#7117));
#7119= IFCLOCALPLACEMENT(#6559,#9);
#7120= IFCCOLUMN('MJLCOL0060022000000000',#5,'L06 - Column +09/-10',$,$,#7119,#7118,$);
#7121= IFCPROPERTYSINGLEVALUE('AssetReference',$,IFCLABEL('COL-06-022'),$);
#7122= IFCPROPERTYSINGLEVALUE('Level',$,IFCLABEL('Level 06'),$);
#7123= IFCPROPERTYSINGLEVALUE('System',$,IFCLABEL('Structure'),$);
#7124= IFCPROPERTYSINGLEVALUE('Status',$,IFCLABEL('Issued for Coordination'),$);
#7125= IFCPROPERTYSINGLEVALUE('FireRating',$,IFCLABEL('120 min'),$);
#7126= IFCPROPERTYSET('MJLPSET060272000000000',#5,'Pset_MajalAsset',$,(#7121,#7122,#7123,#7124,#7125));
#7127= IFCRELDEFINESBYPROPERTIES('MJLRPS0060272000000000',#5,$,$,(#7120),#7126);
#7128= IFCQUANTITYAREA('GrossArea',$,$,2.200,$);
#7129= IFCQUANTITYVOLUME('GrossVolume',$,$,1.210,$);
#7130= IFCQUANTITYCOUNT('Count',$,$,1.,$);
#7131= IFCELEMENTQUANTITY('MJLQTO0060272000000000',#5,'BaseQuantities',$,$,(#7128,#7129,#7130));
#7132= IFCRELDEFINESBYPROPERTIES('MJLRQT0060272000000000',#5,$,$,(#7120),#7131);
#7133= IFCCARTESIANPOINT((0.,0.));
#7134= IFCDIRECTION((1.,0.));
#7135= IFCAXIS2PLACEMENT2D(#7133,#7134);
#7136= IFCRECTANGLEPROFILEDEF(.AREA.,$,#7135,0.550,0.550);
#7137= IFCCARTESIANPOINT((9.000,0.000,0.000));
#7138= IFCDIRECTION((0.,0.,1.));
#7139= IFCDIRECTION((1.,0.,0.));
#7140= IFCAXIS2PLACEMENT3D(#7137,#7138,#7139);
#7141= IFCDIRECTION((0.,0.,1.));
#7142= IFCEXTRUDEDAREASOLID(#7136,#7140,#7141,4.000);
#7143= IFCSHAPEREPRESENTATION(#10,'Body','SweptSolid',(#7142));
#7144= IFCPRODUCTDEFINITIONSHAPE($,$,(#7143));
#7145= IFCLOCALPLACEMENT(#6559,#9);
#7146= IFCCOLUMN('MJLCOL0060023000000000',#5,'L06 - Column +09/+00',$,$,#7145,#7144,$);
#7147= IFCPROPERTYSINGLEVALUE('AssetReference',$,IFCLABEL('COL-06-023'),$);
#7148= IFCPROPERTYSINGLEVALUE('Level',$,IFCLABEL('Level 06'),$);
#7149= IFCPROPERTYSINGLEVALUE('System',$,IFCLABEL('Structure'),$);
#7150= IFCPROPERTYSINGLEVALUE('Status',$,IFCLABEL('Issued for Coordination'),$);
#7151= IFCPROPERTYSINGLEVALUE('FireRating',$,IFCLABEL('120 min'),$);
#7152= IFCPROPERTYSET('MJLPSET060273000000000',#5,'Pset_MajalAsset',$,(#7147,#7148,#7149,#7150,#7151));
#7153= IFCRELDEFINESBYPROPERTIES('MJLRPS0060273000000000',#5,$,$,(#7146),#7152);
#7154= IFCQUANTITYAREA('GrossArea',$,$,2.200,$);
#7155= IFCQUANTITYVOLUME('GrossVolume',$,$,1.210,$);
#7156= IFCQUANTITYCOUNT('Count',$,$,1.,$);
#7157= IFCELEMENTQUANTITY('MJLQTO0060273000000000',#5,'BaseQuantities',$,$,(#7154,#7155,#7156));
#7158= IFCRELDEFINESBYPROPERTIES('MJLRQT0060273000000000',#5,$,$,(#7146),#7157);
#7159= IFCCARTESIANPOINT((0.,0.));
#7160= IFCDIRECTION((1.,0.));
#7161= IFCAXIS2PLACEMENT2D(#7159,#7160);
#7162= IFCRECTANGLEPROFILEDEF(.AREA.,$,#7161,0.550,0.550);
#7163= IFCCARTESIANPOINT((9.000,10.000,0.000));
#7164= IFCDIRECTION((0.,0.,1.));
#7165= IFCDIRECTION((1.,0.,0.));
#7166= IFCAXIS2PLACEMENT3D(#7163,#7164,#7165);
#7167= IFCDIRECTION((0.,0.,1.));
#7168= IFCEXTRUDEDAREASOLID(#7162,#7166,#7167,4.000);
#7169= IFCSHAPEREPRESENTATION(#10,'Body','SweptSolid',(#7168));
#7170= IFCPRODUCTDEFINITIONSHAPE($,$,(#7169));
#7171= IFCLOCALPLACEMENT(#6559,#9);
#7172= IFCCOLUMN('MJLCOL0060024000000000',#5,'L06 - Column +09/+10',$,$,#7171,#7170,$);
#7173= IFCPROPERTYSINGLEVALUE('AssetReference',$,IFCLABEL('COL-06-024'),$);
#7174= IFCPROPERTYSINGLEVALUE('Level',$,IFCLABEL('Level 06'),$);
#7175= IFCPROPERTYSINGLEVALUE('System',$,IFCLABEL('Structure'),$);
#7176= IFCPROPERTYSINGLEVALUE('Status',$,IFCLABEL('Issued for Coordination'),$);
#7177= IFCPROPERTYSINGLEVALUE('FireRating',$,IFCLABEL('120 min'),$);
#7178= IFCPROPERTYSET('MJLPSET060274000000000',#5,'Pset_MajalAsset',$,(#7173,#7174,#7175,#7176,#7177));
#7179= IFCRELDEFINESBYPROPERTIES('MJLRPS0060274000000000',#5,$,$,(#7172),#7178);
#7180= IFCQUANTITYAREA('GrossArea',$,$,2.200,$);
#7181= IFCQUANTITYVOLUME('GrossVolume',$,$,1.210,$);
#7182= IFCQUANTITYCOUNT('Count',$,$,1.,$);
#7183= IFCELEMENTQUANTITY('MJLQTO0060274000000000',#5,'BaseQuantities',$,$,(#7180,#7181,#7182));
#7184= IFCRELDEFINESBYPROPERTIES('MJLRQT0060274000000000',#5,$,$,(#7172),#7183);
#7185= IFCCARTESIANPOINT((0.,0.));
#7186= IFCDIRECTION((1.,0.));
#7187= IFCAXIS2PLACEMENT2D(#7185,#7186);
#7188= IFCRECTANGLEPROFILEDEF(.AREA.,$,#7187,0.550,0.550);
#7189= IFCCARTESIANPOINT((15.000,-10.000,0.000));
#7190= IFCDIRECTION((0.,0.,1.));
#7191= IFCDIRECTION((1.,0.,0.));
#7192= IFCAXIS2PLACEMENT3D(#7189,#7190,#7191);
#7193= IFCDIRECTION((0.,0.,1.));
#7194= IFCEXTRUDEDAREASOLID(#7188,#7192,#7193,4.000);
#7195= IFCSHAPEREPRESENTATION(#10,'Body','SweptSolid',(#7194));
#7196= IFCPRODUCTDEFINITIONSHAPE($,$,(#7195));
#7197= IFCLOCALPLACEMENT(#6559,#9);
#7198= IFCCOLUMN('MJLCOL0060025000000000',#5,'L06 - Column +15/-10',$,$,#7197,#7196,$);
#7199= IFCPROPERTYSINGLEVALUE('AssetReference',$,IFCLABEL('COL-06-025'),$);
#7200= IFCPROPERTYSINGLEVALUE('Level',$,IFCLABEL('Level 06'),$);
#7201= IFCPROPERTYSINGLEVALUE('System',$,IFCLABEL('Structure'),$);
#7202= IFCPROPERTYSINGLEVALUE('Status',$,IFCLABEL('Issued for Coordination'),$);
#7203= IFCPROPERTYSINGLEVALUE('FireRating',$,IFCLABEL('120 min'),$);
#7204= IFCPROPERTYSET('MJLPSET060275000000000',#5,'Pset_MajalAsset',$,(#7199,#7200,#7201,#7202,#7203));
#7205= IFCRELDEFINESBYPROPERTIES('MJLRPS0060275000000000',#5,$,$,(#7198),#7204);
#7206= IFCQUANTITYAREA('GrossArea',$,$,2.200,$);
#7207= IFCQUANTITYVOLUME('GrossVolume',$,$,1.210,$);
#7208= IFCQUANTITYCOUNT('Count',$,$,1.,$);
#7209= IFCELEMENTQUANTITY('MJLQTO0060275000000000',#5,'BaseQuantities',$,$,(#7206,#7207,#7208));
#7210= IFCRELDEFINESBYPROPERTIES('MJLRQT0060275000000000',#5,$,$,(#7198),#7209);
#7211= IFCCARTESIANPOINT((0.,0.));
#7212= IFCDIRECTION((1.,0.));
#7213= IFCAXIS2PLACEMENT2D(#7211,#7212);
#7214= IFCRECTANGLEPROFILEDEF(.AREA.,$,#7213,0.550,0.550);
#7215= IFCCARTESIANPOINT((15.000,0.000,0.000));
#7216= IFCDIRECTION((0.,0.,1.));
#7217= IFCDIRECTION((1.,0.,0.));
#7218= IFCAXIS2PLACEMENT3D(#7215,#7216,#7217);
#7219= IFCDIRECTION((0.,0.,1.));
#7220= IFCEXTRUDEDAREASOLID(#7214,#7218,#7219,4.000);
#7221= IFCSHAPEREPRESENTATION(#10,'Body','SweptSolid',(#7220));
#7222= IFCPRODUCTDEFINITIONSHAPE($,$,(#7221));
#7223= IFCLOCALPLACEMENT(#6559,#9);
#7224= IFCCOLUMN('MJLCOL0060026000000000',#5,'L06 - Column +15/+00',$,$,#7223,#7222,$);
#7225= IFCPROPERTYSINGLEVALUE('AssetReference',$,IFCLABEL('COL-06-026'),$);
#7226= IFCPROPERTYSINGLEVALUE('Level',$,IFCLABEL('Level 06'),$);
#7227= IFCPROPERTYSINGLEVALUE('System',$,IFCLABEL('Structure'),$);
#7228= IFCPROPERTYSINGLEVALUE('Status',$,IFCLABEL('Issued for Coordination'),$);
#7229= IFCPROPERTYSINGLEVALUE('FireRating',$,IFCLABEL('120 min'),$);
#7230= IFCPROPERTYSET('MJLPSET060276000000000',#5,'Pset_MajalAsset',$,(#7225,#7226,#7227,#7228,#7229));
#7231= IFCRELDEFINESBYPROPERTIES('MJLRPS0060276000000000',#5,$,$,(#7224),#7230);
#7232= IFCQUANTITYAREA('GrossArea',$,$,2.200,$);
#7233= IFCQUANTITYVOLUME('GrossVolume',$,$,1.210,$);
#7234= IFCQUANTITYCOUNT('Count',$,$,1.,$);
#7235= IFCELEMENTQUANTITY('MJLQTO0060276000000000',#5,'BaseQuantities',$,$,(#7232,#7233,#7234));
#7236= IFCRELDEFINESBYPROPERTIES('MJLRQT0060276000000000',#5,$,$,(#7224),#7235);
#7237= IFCCARTESIANPOINT((0.,0.));
#7238= IFCDIRECTION((1.,0.));
#7239= IFCAXIS2PLACEMENT2D(#7237,#7238);
#7240= IFCRECTANGLEPROFILEDEF(.AREA.,$,#7239,0.550,0.550);
#7241= IFCCARTESIANPOINT((15.000,10.000,0.000));
#7242= IFCDIRECTION((0.,0.,1.));
#7243= IFCDIRECTION((1.,0.,0.));
#7244= IFCAXIS2PLACEMENT3D(#7241,#7242,#7243);
#7245= IFCDIRECTION((0.,0.,1.));
#7246= IFCEXTRUDEDAREASOLID(#7240,#7244,#7245,4.000);
#7247= IFCSHAPEREPRESENTATION(#10,'Body','SweptSolid',(#7246));
#7248= IFCPRODUCTDEFINITIONSHAPE($,$,(#7247));
#7249= IFCLOCALPLACEMENT(#6559,#9);
#7250= IFCCOLUMN('MJLCOL0060027000000000',#5,'L06 - Column +15/+10',$,$,#7249,#7248,$);
#7251= IFCPROPERTYSINGLEVALUE('AssetReference',$,IFCLABEL('COL-06-027'),$);
#7252= IFCPROPERTYSINGLEVALUE('Level',$,IFCLABEL('Level 06'),$);
#7253= IFCPROPERTYSINGLEVALUE('System',$,IFCLABEL('Structure'),$);
#7254= IFCPROPERTYSINGLEVALUE('Status',$,IFCLABEL('Issued for Coordination'),$);
#7255= IFCPROPERTYSINGLEVALUE('FireRating',$,IFCLABEL('120 min'),$);
#7256= IFCPROPERTYSET('MJLPSET060277000000000',#5,'Pset_MajalAsset',$,(#7251,#7252,#7253,#7254,#7255));
#7257= IFCRELDEFINESBYPROPERTIES('MJLRPS0060277000000000',#5,$,$,(#7250),#7256);
#7258= IFCQUANTITYAREA('GrossArea',$,$,2.200,$);
#7259= IFCQUANTITYVOLUME('GrossVolume',$,$,1.210,$);
#7260= IFCQUANTITYCOUNT('Count',$,$,1.,$);
#7261= IFCELEMENTQUANTITY('MJLQTO0060277000000000',#5,'BaseQuantities',$,$,(#7258,#7259,#7260));
#7262= IFCRELDEFINESBYPROPERTIES('MJLRQT0060277000000000',#5,$,$,(#7250),#7261);
#7263= IFCCARTESIANPOINT((0.,0.));
#7264= IFCDIRECTION((1.,0.));
#7265= IFCAXIS2PLACEMENT2D(#7263,#7264);
#7266= IFCRECTANGLEPROFILEDEF(.AREA.,$,#7265,36.000,0.400);
#7267= IFCCARTESIANPOINT((0.000,-10.000,0.000));
#7268= IFCDIRECTION((0.,0.,1.));
#7269= IFCDIRECTION((1.,0.,0.));
#7270= IFCAXIS2PLACEMENT3D(#7267,#7268,#7269);
#7271= IFCDIRECTION((0.,0.,1.));
#7272= IFCEXTRUDEDAREASOLID(#7266,#7270,#7271,0.650);
#7273= IFCSHAPEREPRESENTATION(#10,'Body','SweptSolid',(#7272));
#7274= IFCPRODUCTDEFINITIONSHAPE($,$,(#7273));
#7275= IFCLOCALPLACEMENT(#6559,#9);
#7276= IFCBEAM('MJLBEAM060028000000000',#5,'L06 - Primary beam Y1',$,$,#7275,#7274,$);
#7277= IFCPROPERTYSINGLEVALUE('AssetReference',$,IFCLABEL('BEAM-06-028'),$);
#7278= IFCPROPERTYSINGLEVALUE('Level',$,IFCLABEL('Level 06'),$);
#7279= IFCPROPERTYSINGLEVALUE('System',$,IFCLABEL('Structure'),$);
#7280= IFCPROPERTYSINGLEVALUE('Status',$,IFCLABEL('Issued for Coordination'),$);
#7281= IFCPROPERTYSINGLEVALUE('FireRating',$,IFCLABEL('120 min'),$);
#7282= IFCPROPERTYSET('MJLPSET060278000000000',#5,'Pset_MajalAsset',$,(#7277,#7278,#7279,#7280,#7281));
#7283= IFCRELDEFINESBYPROPERTIES('MJLRPS0060278000000000',#5,$,$,(#7276),#7282);
#7284= IFCQUANTITYAREA('GrossArea',$,$,23.400,$);
#7285= IFCQUANTITYVOLUME('GrossVolume',$,$,9.360,$);
#7286= IFCQUANTITYCOUNT('Count',$,$,1.,$);
#7287= IFCELEMENTQUANTITY('MJLQTO0060278000000000',#5,'BaseQuantities',$,$,(#7284,#7285,#7286));
#7288= IFCRELDEFINESBYPROPERTIES('MJLRQT0060278000000000',#5,$,$,(#7276),#7287);
#7289= IFCCARTESIANPOINT((0.,0.));
#7290= IFCDIRECTION((1.,0.));
#7291= IFCAXIS2PLACEMENT2D(#7289,#7290);
#7292= IFCRECTANGLEPROFILEDEF(.AREA.,$,#7291,36.000,0.400);
#7293= IFCCARTESIANPOINT((0.000,0.000,0.000));
#7294= IFCDIRECTION((0.,0.,1.));
#7295= IFCDIRECTION((1.,0.,0.));
#7296= IFCAXIS2PLACEMENT3D(#7293,#7294,#7295);
#7297= IFCDIRECTION((0.,0.,1.));
#7298= IFCEXTRUDEDAREASOLID(#7292,#7296,#7297,0.650);
#7299= IFCSHAPEREPRESENTATION(#10,'Body','SweptSolid',(#7298));
#7300= IFCPRODUCTDEFINITIONSHAPE($,$,(#7299));
#7301= IFCLOCALPLACEMENT(#6559,#9);
#7302= IFCBEAM('MJLBEAM060029000000000',#5,'L06 - Primary beam Y2',$,$,#7301,#7300,$);
#7303= IFCPROPERTYSINGLEVALUE('AssetReference',$,IFCLABEL('BEAM-06-029'),$);
#7304= IFCPROPERTYSINGLEVALUE('Level',$,IFCLABEL('Level 06'),$);
#7305= IFCPROPERTYSINGLEVALUE('System',$,IFCLABEL('Structure'),$);
#7306= IFCPROPERTYSINGLEVALUE('Status',$,IFCLABEL('Issued for Coordination'),$);
#7307= IFCPROPERTYSINGLEVALUE('FireRating',$,IFCLABEL('120 min'),$);
#7308= IFCPROPERTYSET('MJLPSET060279000000000',#5,'Pset_MajalAsset',$,(#7303,#7304,#7305,#7306,#7307));
#7309= IFCRELDEFINESBYPROPERTIES('MJLRPS0060279000000000',#5,$,$,(#7302),#7308);
#7310= IFCQUANTITYAREA('GrossArea',$,$,23.400,$);
#7311= IFCQUANTITYVOLUME('GrossVolume',$,$,9.360,$);
#7312= IFCQUANTITYCOUNT('Count',$,$,1.,$);
#7313= IFCELEMENTQUANTITY('MJLQTO0060279000000000',#5,'BaseQuantities',$,$,(#7310,#7311,#7312));
#7314= IFCRELDEFINESBYPROPERTIES('MJLRQT0060279000000000',#5,$,$,(#7302),#7313);
#7315= IFCCARTESIANPOINT((0.,0.));
#7316= IFCDIRECTION((1.,0.));
#7317= IFCAXIS2PLACEMENT2D(#7315,#7316);
#7318= IFCRECTANGLEPROFILEDEF(.AREA.,$,#7317,36.000,0.400);
#7319= IFCCARTESIANPOINT((0.000,10.000,0.000));
#7320= IFCDIRECTION((0.,0.,1.));
#7321= IFCDIRECTION((1.,0.,0.));
#7322= IFCAXIS2PLACEMENT3D(#7319,#7320,#7321);
#7323= IFCDIRECTION((0.,0.,1.));
#7324= IFCEXTRUDEDAREASOLID(#7318,#7322,#7323,0.650);
#7325= IFCSHAPEREPRESENTATION(#10,'Body','SweptSolid',(#7324));
#7326= IFCPRODUCTDEFINITIONSHAPE($,$,(#7325));
#7327= IFCLOCALPLACEMENT(#6559,#9);
#7328= IFCBEAM('MJLBEAM060030000000000',#5,'L06 - Primary beam Y3',$,$,#7327,#7326,$);
#7329= IFCPROPERTYSINGLEVALUE('AssetReference',$,IFCLABEL('BEAM-06-030'),$);
#7330= IFCPROPERTYSINGLEVALUE('Level',$,IFCLABEL('Level 06'),$);
#7331= IFCPROPERTYSINGLEVALUE('System',$,IFCLABEL('Structure'),$);
#7332= IFCPROPERTYSINGLEVALUE('Status',$,IFCLABEL('Issued for Coordination'),$);
#7333= IFCPROPERTYSINGLEVALUE('FireRating',$,IFCLABEL('120 min'),$);
#7334= IFCPROPERTYSET('MJLPSET060280000000000',#5,'Pset_MajalAsset',$,(#7329,#7330,#7331,#7332,#7333));
#7335= IFCRELDEFINESBYPROPERTIES('MJLRPS0060280000000000',#5,$,$,(#7328),#7334);
#7336= IFCQUANTITYAREA('GrossArea',$,$,23.400,$);
#7337= IFCQUANTITYVOLUME('GrossVolume',$,$,9.360,$);
#7338= IFCQUANTITYCOUNT('Count',$,$,1.,$);
#7339= IFCELEMENTQUANTITY('MJLQTO0060280000000000',#5,'BaseQuantities',$,$,(#7336,#7337,#7338));
#7340= IFCRELDEFINESBYPROPERTIES('MJLRQT0060280000000000',#5,$,$,(#7328),#7339);
#7341= IFCCARTESIANPOINT((0.,0.));
#7342= IFCDIRECTION((1.,0.));
#7343= IFCAXIS2PLACEMENT2D(#7341,#7342);
#7344= IFCRECTANGLEPROFILEDEF(.AREA.,$,#7343,0.400,26.000);
#7345= IFCCARTESIANPOINT((-15.000,0.000,0.000));
#7346= IFCDIRECTION((0.,0.,1.));
#7347= IFCDIRECTION((1.,0.,0.));
#7348= IFCAXIS2PLACEMENT3D(#7345,#7346,#7347);
#7349= IFCDIRECTION((0.,0.,1.));
#7350= IFCEXTRUDEDAREASOLID(#7344,#7348,#7349,0.550);
#7351= IFCSHAPEREPRESENTATION(#10,'Body','SweptSolid',(#7350));
#7352= IFCPRODUCTDEFINITIONSHAPE($,$,(#7351));
#7353= IFCLOCALPLACEMENT(#6559,#9);
#7354= IFCBEAM('MJLBEAM060031000000000',#5,'L06 - Secondary beam X1',$,$,#7353,#7352,$);
#7355= IFCPROPERTYSINGLEVALUE('AssetReference',$,IFCLABEL('BEAM-06-031'),$);
#7356= IFCPROPERTYSINGLEVALUE('Level',$,IFCLABEL('Level 06'),$);
#7357= IFCPROPERTYSINGLEVALUE('System',$,IFCLABEL('Structure'),$);
#7358= IFCPROPERTYSINGLEVALUE('Status',$,IFCLABEL('Issued for Coordination'),$);
#7359= IFCPROPERTYSINGLEVALUE('FireRating',$,IFCLABEL('120 min'),$);
#7360= IFCPROPERTYSET('MJLPSET060281000000000',#5,'Pset_MajalAsset',$,(#7355,#7356,#7357,#7358,#7359));
#7361= IFCRELDEFINESBYPROPERTIES('MJLRPS0060281000000000',#5,$,$,(#7354),#7360);
#7362= IFCQUANTITYAREA('GrossArea',$,$,10.400,$);
#7363= IFCQUANTITYVOLUME('GrossVolume',$,$,5.720,$);
#7364= IFCQUANTITYCOUNT('Count',$,$,1.,$);
#7365= IFCELEMENTQUANTITY('MJLQTO0060281000000000',#5,'BaseQuantities',$,$,(#7362,#7363,#7364));
#7366= IFCRELDEFINESBYPROPERTIES('MJLRQT0060281000000000',#5,$,$,(#7354),#7365);
#7367= IFCCARTESIANPOINT((0.,0.));
#7368= IFCDIRECTION((1.,0.));
#7369= IFCAXIS2PLACEMENT2D(#7367,#7368);
#7370= IFCRECTANGLEPROFILEDEF(.AREA.,$,#7369,0.400,26.000);
#7371= IFCCARTESIANPOINT((-5.000,0.000,0.000));
#7372= IFCDIRECTION((0.,0.,1.));
#7373= IFCDIRECTION((1.,0.,0.));
#7374= IFCAXIS2PLACEMENT3D(#7371,#7372,#7373);
#7375= IFCDIRECTION((0.,0.,1.));
#7376= IFCEXTRUDEDAREASOLID(#7370,#7374,#7375,0.550);
#7377= IFCSHAPEREPRESENTATION(#10,'Body','SweptSolid',(#7376));
#7378= IFCPRODUCTDEFINITIONSHAPE($,$,(#7377));
#7379= IFCLOCALPLACEMENT(#6559,#9);
#7380= IFCBEAM('MJLBEAM060032000000000',#5,'L06 - Secondary beam X2',$,$,#7379,#7378,$);
#7381= IFCPROPERTYSINGLEVALUE('AssetReference',$,IFCLABEL('BEAM-06-032'),$);
#7382= IFCPROPERTYSINGLEVALUE('Level',$,IFCLABEL('Level 06'),$);
#7383= IFCPROPERTYSINGLEVALUE('System',$,IFCLABEL('Structure'),$);
#7384= IFCPROPERTYSINGLEVALUE('Status',$,IFCLABEL('Issued for Coordination'),$);
#7385= IFCPROPERTYSINGLEVALUE('FireRating',$,IFCLABEL('120 min'),$);
#7386= IFCPROPERTYSET('MJLPSET060282000000000',#5,'Pset_MajalAsset',$,(#7381,#7382,#7383,#7384,#7385));
#7387= IFCRELDEFINESBYPROPERTIES('MJLRPS0060282000000000',#5,$,$,(#7380),#7386);
#7388= IFCQUANTITYAREA('GrossArea',$,$,10.400,$);
#7389= IFCQUANTITYVOLUME('GrossVolume',$,$,5.720,$);
#7390= IFCQUANTITYCOUNT('Count',$,$,1.,$);
#7391= IFCELEMENTQUANTITY('MJLQTO0060282000000000',#5,'BaseQuantities',$,$,(#7388,#7389,#7390));
#7392= IFCRELDEFINESBYPROPERTIES('MJLRQT0060282000000000',#5,$,$,(#7380),#7391);
#7393= IFCCARTESIANPOINT((0.,0.));
#7394= IFCDIRECTION((1.,0.));
#7395= IFCAXIS2PLACEMENT2D(#7393,#7394);
#7396= IFCRECTANGLEPROFILEDEF(.AREA.,$,#7395,0.400,26.000);
#7397= IFCCARTESIANPOINT((5.000,0.000,0.000));
#7398= IFCDIRECTION((0.,0.,1.));
#7399= IFCDIRECTION((1.,0.,0.));
#7400= IFCAXIS2PLACEMENT3D(#7397,#7398,#7399);
#7401= IFCDIRECTION((0.,0.,1.));
#7402= IFCEXTRUDEDAREASOLID(#7396,#7400,#7401,0.550);
#7403= IFCSHAPEREPRESENTATION(#10,'Body','SweptSolid',(#7402));
#7404= IFCPRODUCTDEFINITIONSHAPE($,$,(#7403));
#7405= IFCLOCALPLACEMENT(#6559,#9);
#7406= IFCBEAM('MJLBEAM060033000000000',#5,'L06 - Secondary beam X3',$,$,#7405,#7404,$);
#7407= IFCPROPERTYSINGLEVALUE('AssetReference',$,IFCLABEL('BEAM-06-033'),$);
#7408= IFCPROPERTYSINGLEVALUE('Level',$,IFCLABEL('Level 06'),$);
#7409= IFCPROPERTYSINGLEVALUE('System',$,IFCLABEL('Structure'),$);
#7410= IFCPROPERTYSINGLEVALUE('Status',$,IFCLABEL('Issued for Coordination'),$);
#7411= IFCPROPERTYSINGLEVALUE('FireRating',$,IFCLABEL('120 min'),$);
#7412= IFCPROPERTYSET('MJLPSET060283000000000',#5,'Pset_MajalAsset',$,(#7407,#7408,#7409,#7410,#7411));
#7413= IFCRELDEFINESBYPROPERTIES('MJLRPS0060283000000000',#5,$,$,(#7406),#7412);
#7414= IFCQUANTITYAREA('GrossArea',$,$,10.400,$);
#7415= IFCQUANTITYVOLUME('GrossVolume',$,$,5.720,$);
#7416= IFCQUANTITYCOUNT('Count',$,$,1.,$);
#7417= IFCELEMENTQUANTITY('MJLQTO0060283000000000',#5,'BaseQuantities',$,$,(#7414,#7415,#7416));
#7418= IFCRELDEFINESBYPROPERTIES('MJLRQT0060283000000000',#5,$,$,(#7406),#7417);
#7419= IFCCARTESIANPOINT((0.,0.));
#7420= IFCDIRECTION((1.,0.));
#7421= IFCAXIS2PLACEMENT2D(#7419,#7420);
#7422= IFCRECTANGLEPROFILEDEF(.AREA.,$,#7421,0.400,26.000);
#7423= IFCCARTESIANPOINT((15.000,0.000,0.000));
#7424= IFCDIRECTION((0.,0.,1.));
#7425= IFCDIRECTION((1.,0.,0.));
#7426= IFCAXIS2PLACEMENT3D(#7423,#7424,#7425);
#7427= IFCDIRECTION((0.,0.,1.));
#7428= IFCEXTRUDEDAREASOLID(#7422,#7426,#7427,0.550);
#7429= IFCSHAPEREPRESENTATION(#10,'Body','SweptSolid',(#7428));
#7430= IFCPRODUCTDEFINITIONSHAPE($,$,(#7429));
#7431= IFCLOCALPLACEMENT(#6559,#9);
#7432= IFCBEAM('MJLBEAM060034000000000',#5,'L06 - Secondary beam X4',$,$,#7431,#7430,$);
#7433= IFCPROPERTYSINGLEVALUE('AssetReference',$,IFCLABEL('BEAM-06-034'),$);
#7434= IFCPROPERTYSINGLEVALUE('Level',$,IFCLABEL('Level 06'),$);
#7435= IFCPROPERTYSINGLEVALUE('System',$,IFCLABEL('Structure'),$);
#7436= IFCPROPERTYSINGLEVALUE('Status',$,IFCLABEL('Issued for Coordination'),$);
#7437= IFCPROPERTYSINGLEVALUE('FireRating',$,IFCLABEL('120 min'),$);
#7438= IFCPROPERTYSET('MJLPSET060284000000000',#5,'Pset_MajalAsset',$,(#7433,#7434,#7435,#7436,#7437));
#7439= IFCRELDEFINESBYPROPERTIES('MJLRPS0060284000000000',#5,$,$,(#7432),#7438);
#7440= IFCQUANTITYAREA('GrossArea',$,$,10.400,$);
#7441= IFCQUANTITYVOLUME('GrossVolume',$,$,5.720,$);
#7442= IFCQUANTITYCOUNT('Count',$,$,1.,$);
#7443= IFCELEMENTQUANTITY('MJLQTO0060284000000000',#5,'BaseQuantities',$,$,(#7440,#7441,#7442));
#7444= IFCRELDEFINESBYPROPERTIES('MJLRQT0060284000000000',#5,$,$,(#7432),#7443);
#7445= IFCCARTESIANPOINT((0.,0.));
#7446= IFCDIRECTION((1.,0.));
#7447= IFCAXIS2PLACEMENT2D(#7445,#7446);
#7448= IFCRECTANGLEPROFILEDEF(.AREA.,$,#7447,3.600,0.100);
#7449= IFCCARTESIANPOINT((-14.000,12.720,0.000));
#7450= IFCDIRECTION((0.,0.,1.));
#7451= IFCDIRECTION((1.,0.,0.));
#7452= IFCAXIS2PLACEMENT3D(#7449,#7450,#7451);
#7453= IFCDIRECTION((0.,0.,1.));
#7454= IFCEXTRUDEDAREASOLID(#7448,#7452,#7453,3.350);
#7455= IFCSHAPEREPRESENTATION(#10,'Body','SweptSolid',(#7454));
#7456= IFCPRODUCTDEFINITIONSHAPE($,$,(#7455));
#7457= IFCLOCALPLACEMENT(#6559,#9);
#7458= IFCBUILDINGELEMENTPROXY('MJLGLAZ060035000000000',#5,'L06 - Curtain panel 01',$,$,#7457,#7456,$);
#7459= IFCPROPERTYSINGLEVALUE('AssetReference',$,IFCLABEL('GLAZ-06-035'),$);
#7460= IFCPROPERTYSINGLEVALUE('Level',$,IFCLABEL('Level 06'),$);
#7461= IFCPROPERTYSINGLEVALUE('System',$,IFCLABEL('Facade'),$);
#7462= IFCPROPERTYSINGLEVALUE('Status',$,IFCLABEL('Issued for Coordination'),$);
#7463= IFCPROPERTYSINGLEVALUE('FireRating',$,IFCLABEL('60 min'),$);
#7464= IFCPROPERTYSET('MJLPSET060285000000000',#5,'Pset_MajalAsset',$,(#7459,#7460,#7461,#7462,#7463));
#7465= IFCRELDEFINESBYPROPERTIES('MJLRPS0060285000000000',#5,$,$,(#7458),#7464);
#7466= IFCQUANTITYAREA('GrossArea',$,$,12.060,$);
#7467= IFCQUANTITYVOLUME('GrossVolume',$,$,1.206,$);
#7468= IFCQUANTITYCOUNT('Count',$,$,1.,$);
#7469= IFCELEMENTQUANTITY('MJLQTO0060285000000000',#5,'BaseQuantities',$,$,(#7466,#7467,#7468));
#7470= IFCRELDEFINESBYPROPERTIES('MJLRQT0060285000000000',#5,$,$,(#7458),#7469);
#7471= IFCCARTESIANPOINT((0.,0.));
#7472= IFCDIRECTION((1.,0.));
#7473= IFCAXIS2PLACEMENT2D(#7471,#7472);
#7474= IFCRECTANGLEPROFILEDEF(.AREA.,$,#7473,3.600,0.100);
#7475= IFCCARTESIANPOINT((-10.000,12.720,0.000));
#7476= IFCDIRECTION((0.,0.,1.));
#7477= IFCDIRECTION((1.,0.,0.));
#7478= IFCAXIS2PLACEMENT3D(#7475,#7476,#7477);
#7479= IFCDIRECTION((0.,0.,1.));
#7480= IFCEXTRUDEDAREASOLID(#7474,#7478,#7479,3.350);
#7481= IFCSHAPEREPRESENTATION(#10,'Body','SweptSolid',(#7480));
#7482= IFCPRODUCTDEFINITIONSHAPE($,$,(#7481));
#7483= IFCLOCALPLACEMENT(#6559,#9);
#7484= IFCBUILDINGELEMENTPROXY('MJLGLAZ060036000000000',#5,'L06 - Curtain panel 02',$,$,#7483,#7482,$);
#7485= IFCPROPERTYSINGLEVALUE('AssetReference',$,IFCLABEL('GLAZ-06-036'),$);
#7486= IFCPROPERTYSINGLEVALUE('Level',$,IFCLABEL('Level 06'),$);
#7487= IFCPROPERTYSINGLEVALUE('System',$,IFCLABEL('Facade'),$);
#7488= IFCPROPERTYSINGLEVALUE('Status',$,IFCLABEL('Issued for Coordination'),$);
#7489= IFCPROPERTYSINGLEVALUE('FireRating',$,IFCLABEL('60 min'),$);
#7490= IFCPROPERTYSET('MJLPSET060286000000000',#5,'Pset_MajalAsset',$,(#7485,#7486,#7487,#7488,#7489));
#7491= IFCRELDEFINESBYPROPERTIES('MJLRPS0060286000000000',#5,$,$,(#7484),#7490);
#7492= IFCQUANTITYAREA('GrossArea',$,$,12.060,$);
#7493= IFCQUANTITYVOLUME('GrossVolume',$,$,1.206,$);
#7494= IFCQUANTITYCOUNT('Count',$,$,1.,$);
#7495= IFCELEMENTQUANTITY('MJLQTO0060286000000000',#5,'BaseQuantities',$,$,(#7492,#7493,#7494));
#7496= IFCRELDEFINESBYPROPERTIES('MJLRQT0060286000000000',#5,$,$,(#7484),#7495);
#7497= IFCCARTESIANPOINT((0.,0.));
#7498= IFCDIRECTION((1.,0.));
#7499= IFCAXIS2PLACEMENT2D(#7497,#7498);
#7500= IFCRECTANGLEPROFILEDEF(.AREA.,$,#7499,3.600,0.100);
#7501= IFCCARTESIANPOINT((-6.000,12.720,0.000));
#7502= IFCDIRECTION((0.,0.,1.));
#7503= IFCDIRECTION((1.,0.,0.));
#7504= IFCAXIS2PLACEMENT3D(#7501,#7502,#7503);
#7505= IFCDIRECTION((0.,0.,1.));
#7506= IFCEXTRUDEDAREASOLID(#7500,#7504,#7505,3.350);
#7507= IFCSHAPEREPRESENTATION(#10,'Body','SweptSolid',(#7506));
#7508= IFCPRODUCTDEFINITIONSHAPE($,$,(#7507));
#7509= IFCLOCALPLACEMENT(#6559,#9);
#7510= IFCBUILDINGELEMENTPROXY('MJLGLAZ060037000000000',#5,'L06 - Curtain panel 03',$,$,#7509,#7508,$);
#7511= IFCPROPERTYSINGLEVALUE('AssetReference',$,IFCLABEL('GLAZ-06-037'),$);
#7512= IFCPROPERTYSINGLEVALUE('Level',$,IFCLABEL('Level 06'),$);
#7513= IFCPROPERTYSINGLEVALUE('System',$,IFCLABEL('Facade'),$);
#7514= IFCPROPERTYSINGLEVALUE('Status',$,IFCLABEL('Issued for Coordination'),$);
#7515= IFCPROPERTYSINGLEVALUE('FireRating',$,IFCLABEL('60 min'),$);
#7516= IFCPROPERTYSET('MJLPSET060287000000000',#5,'Pset_MajalAsset',$,(#7511,#7512,#7513,#7514,#7515));
#7517= IFCRELDEFINESBYPROPERTIES('MJLRPS0060287000000000',#5,$,$,(#7510),#7516);
#7518= IFCQUANTITYAREA('GrossArea',$,$,12.060,$);
#7519= IFCQUANTITYVOLUME('GrossVolume',$,$,1.206,$);
#7520= IFCQUANTITYCOUNT('Count',$,$,1.,$);
#7521= IFCELEMENTQUANTITY('MJLQTO0060287000000000',#5,'BaseQuantities',$,$,(#7518,#7519,#7520));
#7522= IFCRELDEFINESBYPROPERTIES('MJLRQT0060287000000000',#5,$,$,(#7510),#7521);
#7523= IFCCARTESIANPOINT((0.,0.));
#7524= IFCDIRECTION((1.,0.));
#7525= IFCAXIS2PLACEMENT2D(#7523,#7524);
#7526= IFCRECTANGLEPROFILEDEF(.AREA.,$,#7525,3.600,0.100);
#7527= IFCCARTESIANPOINT((-2.000,12.720,0.000));
#7528= IFCDIRECTION((0.,0.,1.));
#7529= IFCDIRECTION((1.,0.,0.));
#7530= IFCAXIS2PLACEMENT3D(#7527,#7528,#7529);
#7531= IFCDIRECTION((0.,0.,1.));
#7532= IFCEXTRUDEDAREASOLID(#7526,#7530,#7531,3.350);
#7533= IFCSHAPEREPRESENTATION(#10,'Body','SweptSolid',(#7532));
#7534= IFCPRODUCTDEFINITIONSHAPE($,$,(#7533));
#7535= IFCLOCALPLACEMENT(#6559,#9);
#7536= IFCBUILDINGELEMENTPROXY('MJLGLAZ060038000000000',#5,'L06 - Curtain panel 04',$,$,#7535,#7534,$);
#7537= IFCPROPERTYSINGLEVALUE('AssetReference',$,IFCLABEL('GLAZ-06-038'),$);
#7538= IFCPROPERTYSINGLEVALUE('Level',$,IFCLABEL('Level 06'),$);
#7539= IFCPROPERTYSINGLEVALUE('System',$,IFCLABEL('Facade'),$);
#7540= IFCPROPERTYSINGLEVALUE('Status',$,IFCLABEL('Issued for Coordination'),$);
#7541= IFCPROPERTYSINGLEVALUE('FireRating',$,IFCLABEL('60 min'),$);
#7542= IFCPROPERTYSET('MJLPSET060288000000000',#5,'Pset_MajalAsset',$,(#7537,#7538,#7539,#7540,#7541));
#7543= IFCRELDEFINESBYPROPERTIES('MJLRPS0060288000000000',#5,$,$,(#7536),#7542);
#7544= IFCQUANTITYAREA('GrossArea',$,$,12.060,$);
#7545= IFCQUANTITYVOLUME('GrossVolume',$,$,1.206,$);
#7546= IFCQUANTITYCOUNT('Count',$,$,1.,$);
#7547= IFCELEMENTQUANTITY('MJLQTO0060288000000000',#5,'BaseQuantities',$,$,(#7544,#7545,#7546));
#7548= IFCRELDEFINESBYPROPERTIES('MJLRQT0060288000000000',#5,$,$,(#7536),#7547);
#7549= IFCCARTESIANPOINT((0.,0.));
#7550= IFCDIRECTION((1.,0.));
#7551= IFCAXIS2PLACEMENT2D(#7549,#7550);
#7552= IFCRECTANGLEPROFILEDEF(.AREA.,$,#7551,3.600,0.100);
#7553= IFCCARTESIANPOINT((2.000,12.720,0.000));
#7554= IFCDIRECTION((0.,0.,1.));
#7555= IFCDIRECTION((1.,0.,0.));
#7556= IFCAXIS2PLACEMENT3D(#7553,#7554,#7555);
#7557= IFCDIRECTION((0.,0.,1.));
#7558= IFCEXTRUDEDAREASOLID(#7552,#7556,#7557,3.350);
#7559= IFCSHAPEREPRESENTATION(#10,'Body','SweptSolid',(#7558));
#7560= IFCPRODUCTDEFINITIONSHAPE($,$,(#7559));
#7561= IFCLOCALPLACEMENT(#6559,#9);
#7562= IFCBUILDINGELEMENTPROXY('MJLGLAZ060039000000000',#5,'L06 - Curtain panel 05',$,$,#7561,#7560,$);
#7563= IFCPROPERTYSINGLEVALUE('AssetReference',$,IFCLABEL('GLAZ-06-039'),$);
#7564= IFCPROPERTYSINGLEVALUE('Level',$,IFCLABEL('Level 06'),$);
#7565= IFCPROPERTYSINGLEVALUE('System',$,IFCLABEL('Facade'),$);
#7566= IFCPROPERTYSINGLEVALUE('Status',$,IFCLABEL('Issued for Coordination'),$);
#7567= IFCPROPERTYSINGLEVALUE('FireRating',$,IFCLABEL('60 min'),$);
#7568= IFCPROPERTYSET('MJLPSET060289000000000',#5,'Pset_MajalAsset',$,(#7563,#7564,#7565,#7566,#7567));
#7569= IFCRELDEFINESBYPROPERTIES('MJLRPS0060289000000000',#5,$,$,(#7562),#7568);
#7570= IFCQUANTITYAREA('GrossArea',$,$,12.060,$);
#7571= IFCQUANTITYVOLUME('GrossVolume',$,$,1.206,$);
#7572= IFCQUANTITYCOUNT('Count',$,$,1.,$);
#7573= IFCELEMENTQUANTITY('MJLQTO0060289000000000',#5,'BaseQuantities',$,$,(#7570,#7571,#7572));
#7574= IFCRELDEFINESBYPROPERTIES('MJLRQT0060289000000000',#5,$,$,(#7562),#7573);
#7575= IFCCARTESIANPOINT((0.,0.));
#7576= IFCDIRECTION((1.,0.));
#7577= IFCAXIS2PLACEMENT2D(#7575,#7576);
#7578= IFCRECTANGLEPROFILEDEF(.AREA.,$,#7577,3.600,0.100);
#7579= IFCCARTESIANPOINT((6.000,12.720,0.000));
#7580= IFCDIRECTION((0.,0.,1.));
#7581= IFCDIRECTION((1.,0.,0.));
#7582= IFCAXIS2PLACEMENT3D(#7579,#7580,#7581);
#7583= IFCDIRECTION((0.,0.,1.));
#7584= IFCEXTRUDEDAREASOLID(#7578,#7582,#7583,3.350);
#7585= IFCSHAPEREPRESENTATION(#10,'Body','SweptSolid',(#7584));
#7586= IFCPRODUCTDEFINITIONSHAPE($,$,(#7585));
#7587= IFCLOCALPLACEMENT(#6559,#9);
#7588= IFCBUILDINGELEMENTPROXY('MJLGLAZ060040000000000',#5,'L06 - Curtain panel 06',$,$,#7587,#7586,$);
#7589= IFCPROPERTYSINGLEVALUE('AssetReference',$,IFCLABEL('GLAZ-06-040'),$);
#7590= IFCPROPERTYSINGLEVALUE('Level',$,IFCLABEL('Level 06'),$);
#7591= IFCPROPERTYSINGLEVALUE('System',$,IFCLABEL('Facade'),$);
#7592= IFCPROPERTYSINGLEVALUE('Status',$,IFCLABEL('Issued for Coordination'),$);
#7593= IFCPROPERTYSINGLEVALUE('FireRating',$,IFCLABEL('60 min'),$);
#7594= IFCPROPERTYSET('MJLPSET060290000000000',#5,'Pset_MajalAsset',$,(#7589,#7590,#7591,#7592,#7593));
#7595= IFCRELDEFINESBYPROPERTIES('MJLRPS0060290000000000',#5,$,$,(#7588),#7594);
#7596= IFCQUANTITYAREA('GrossArea',$,$,12.060,$);
#7597= IFCQUANTITYVOLUME('GrossVolume',$,$,1.206,$);
#7598= IFCQUANTITYCOUNT('Count',$,$,1.,$);
#7599= IFCELEMENTQUANTITY('MJLQTO0060290000000000',#5,'BaseQuantities',$,$,(#7596,#7597,#7598));
#7600= IFCRELDEFINESBYPROPERTIES('MJLRQT0060290000000000',#5,$,$,(#7588),#7599);
#7601= IFCCARTESIANPOINT((0.,0.));
#7602= IFCDIRECTION((1.,0.));
#7603= IFCAXIS2PLACEMENT2D(#7601,#7602);
#7604= IFCRECTANGLEPROFILEDEF(.AREA.,$,#7603,3.600,0.100);
#7605= IFCCARTESIANPOINT((10.000,12.720,0.000));
#7606= IFCDIRECTION((0.,0.,1.));
#7607= IFCDIRECTION((1.,0.,0.));
#7608= IFCAXIS2PLACEMENT3D(#7605,#7606,#7607);
#7609= IFCDIRECTION((0.,0.,1.));
#7610= IFCEXTRUDEDAREASOLID(#7604,#7608,#7609,3.350);
#7611= IFCSHAPEREPRESENTATION(#10,'Body','SweptSolid',(#7610));
#7612= IFCPRODUCTDEFINITIONSHAPE($,$,(#7611));
#7613= IFCLOCALPLACEMENT(#6559,#9);
#7614= IFCBUILDINGELEMENTPROXY('MJLGLAZ060041000000000',#5,'L06 - Curtain panel 07',$,$,#7613,#7612,$);
#7615= IFCPROPERTYSINGLEVALUE('AssetReference',$,IFCLABEL('GLAZ-06-041'),$);
#7616= IFCPROPERTYSINGLEVALUE('Level',$,IFCLABEL('Level 06'),$);
#7617= IFCPROPERTYSINGLEVALUE('System',$,IFCLABEL('Facade'),$);
#7618= IFCPROPERTYSINGLEVALUE('Status',$,IFCLABEL('Issued for Coordination'),$);
#7619= IFCPROPERTYSINGLEVALUE('FireRating',$,IFCLABEL('60 min'),$);
#7620= IFCPROPERTYSET('MJLPSET060291000000000',#5,'Pset_MajalAsset',$,(#7615,#7616,#7617,#7618,#7619));
#7621= IFCRELDEFINESBYPROPERTIES('MJLRPS0060291000000000',#5,$,$,(#7614),#7620);
#7622= IFCQUANTITYAREA('GrossArea',$,$,12.060,$);
#7623= IFCQUANTITYVOLUME('GrossVolume',$,$,1.206,$);
#7624= IFCQUANTITYCOUNT('Count',$,$,1.,$);
#7625= IFCELEMENTQUANTITY('MJLQTO0060291000000000',#5,'BaseQuantities',$,$,(#7622,#7623,#7624));
#7626= IFCRELDEFINESBYPROPERTIES('MJLRQT0060291000000000',#5,$,$,(#7614),#7625);
#7627= IFCCARTESIANPOINT((0.,0.));
#7628= IFCDIRECTION((1.,0.));
#7629= IFCAXIS2PLACEMENT2D(#7627,#7628);
#7630= IFCRECTANGLEPROFILEDEF(.AREA.,$,#7629,3.600,0.100);
#7631= IFCCARTESIANPOINT((14.000,12.720,0.000));
#7632= IFCDIRECTION((0.,0.,1.));
#7633= IFCDIRECTION((1.,0.,0.));
#7634= IFCAXIS2PLACEMENT3D(#7631,#7632,#7633);
#7635= IFCDIRECTION((0.,0.,1.));
#7636= IFCEXTRUDEDAREASOLID(#7630,#7634,#7635,3.350);
#7637= IFCSHAPEREPRESENTATION(#10,'Body','SweptSolid',(#7636));
#7638= IFCPRODUCTDEFINITIONSHAPE($,$,(#7637));
#7639= IFCLOCALPLACEMENT(#6559,#9);
#7640= IFCBUILDINGELEMENTPROXY('MJLGLAZ060042000000000',#5,'L06 - Curtain panel 08',$,$,#7639,#7638,$);
#7641= IFCPROPERTYSINGLEVALUE('AssetReference',$,IFCLABEL('GLAZ-06-042'),$);
#7642= IFCPROPERTYSINGLEVALUE('Level',$,IFCLABEL('Level 06'),$);
#7643= IFCPROPERTYSINGLEVALUE('System',$,IFCLABEL('Facade'),$);
#7644= IFCPROPERTYSINGLEVALUE('Status',$,IFCLABEL('Issued for Coordination'),$);
#7645= IFCPROPERTYSINGLEVALUE('FireRating',$,IFCLABEL('60 min'),$);
#7646= IFCPROPERTYSET('MJLPSET060292000000000',#5,'Pset_MajalAsset',$,(#7641,#7642,#7643,#7644,#7645));
#7647= IFCRELDEFINESBYPROPERTIES('MJLRPS0060292000000000',#5,$,$,(#7640),#7646);
#7648= IFCQUANTITYAREA('GrossArea',$,$,12.060,$);
#7649= IFCQUANTITYVOLUME('GrossVolume',$,$,1.206,$);
#7650= IFCQUANTITYCOUNT('Count',$,$,1.,$);
#7651= IFCELEMENTQUANTITY('MJLQTO0060292000000000',#5,'BaseQuantities',$,$,(#7648,#7649,#7650));
#7652= IFCRELDEFINESBYPROPERTIES('MJLRQT0060292000000000',#5,$,$,(#7640),#7651);
#7653= IFCCARTESIANPOINT((0.,0.));
#7654= IFCDIRECTION((1.,0.));
#7655= IFCAXIS2PLACEMENT2D(#7653,#7654);
#7656= IFCRECTANGLEPROFILEDEF(.AREA.,$,#7655,2.400,0.180);
#7657= IFCCARTESIANPOINT((0.000,-12.680,0.000));
#7658= IFCDIRECTION((0.,0.,1.));
#7659= IFCDIRECTION((1.,0.,0.));
#7660= IFCAXIS2PLACEMENT3D(#7657,#7658,#7659);
#7661= IFCDIRECTION((0.,0.,1.));
#7662= IFCEXTRUDEDAREASOLID(#7656,#7660,#7661,3.100);
#7663= IFCSHAPEREPRESENTATION(#10,'Body','SweptSolid',(#7662));
#7664= IFCPRODUCTDEFINITIONSHAPE($,$,(#7663));
#7665= IFCLOCALPLACEMENT(#6559,#9);
#7666= IFCBUILDINGELEMENTPROXY('MJLDOOR060043000000000',#5,'L06 - Main lobby door',$,$,#7665,#7664,$);
#7667= IFCPROPERTYSINGLEVALUE('AssetReference',$,IFCLABEL('DOOR-06-043'),$);
#7668= IFCPROPERTYSINGLEVALUE('Level',$,IFCLABEL('Level 06'),$);
#7669= IFCPROPERTYSINGLEVALUE('System',$,IFCLABEL('Architecture'),$);
#7670= IFCPROPERTYSINGLEVALUE('Status',$,IFCLABEL('Issued for Coordination'),$);
#7671= IFCPROPERTYSINGLEVALUE('FireRating',$,IFCLABEL('60 min'),$);
#7672= IFCPROPERTYSET('MJLPSET060293000000000',#5,'Pset_MajalAsset',$,(#7667,#7668,#7669,#7670,#7671));
#7673= IFCRELDEFINESBYPROPERTIES('MJLRPS0060293000000000',#5,$,$,(#7666),#7672);
#7674= IFCQUANTITYAREA('GrossArea',$,$,7.440,$);
#7675= IFCQUANTITYVOLUME('GrossVolume',$,$,1.339,$);
#7676= IFCQUANTITYCOUNT('Count',$,$,1.,$);
#7677= IFCELEMENTQUANTITY('MJLQTO0060293000000000',#5,'BaseQuantities',$,$,(#7674,#7675,#7676));
#7678= IFCRELDEFINESBYPROPERTIES('MJLRQT0060293000000000',#5,$,$,(#7666),#7677);
#7679= IFCCARTESIANPOINT((0.,0.));
#7680= IFCDIRECTION((1.,0.));
#7681= IFCAXIS2PLACEMENT2D(#7679,#7680);
#7682= IFCRECTANGLEPROFILEDEF(.AREA.,$,#7681,3.000,6.000);
#7683= IFCCARTESIANPOINT((-6.500,0.000,0.000));
#7684= IFCDIRECTION((0.,0.,1.));
#7685= IFCDIRECTION((1.,0.,0.));
#7686= IFCAXIS2PLACEMENT3D(#7683,#7684,#7685);
#7687= IFCDIRECTION((0.,0.,1.));
#7688= IFCEXTRUDEDAREASOLID(#7682,#7686,#7687,3.800);
#7689= IFCSHAPEREPRESENTATION(#10,'Body','SweptSolid',(#7688));
#7690= IFCPRODUCTDEFINITIONSHAPE($,$,(#7689));
#7691= IFCLOCALPLACEMENT(#6559,#9);
#7692= IFCBUILDINGELEMENTPROXY('MJLSTR0060044000000000',#5,'L06 - Fire stair flight',$,$,#7691,#7690,$);
#7693= IFCPROPERTYSINGLEVALUE('AssetReference',$,IFCLABEL('STR-06-044'),$);
#7694= IFCPROPERTYSINGLEVALUE('Level',$,IFCLABEL('Level 06'),$);
#7695= IFCPROPERTYSINGLEVALUE('System',$,IFCLABEL('Architecture'),$);
#7696= IFCPROPERTYSINGLEVALUE('Status',$,IFCLABEL('Issued for Coordination'),$);
#7697= IFCPROPERTYSINGLEVALUE('FireRating',$,IFCLABEL('60 min'),$);
#7698= IFCPROPERTYSET('MJLPSET060294000000000',#5,'Pset_MajalAsset',$,(#7693,#7694,#7695,#7696,#7697));
#7699= IFCRELDEFINESBYPROPERTIES('MJLRPS0060294000000000',#5,$,$,(#7692),#7698);
#7700= IFCQUANTITYAREA('GrossArea',$,$,18.000,$);
#7701= IFCQUANTITYVOLUME('GrossVolume',$,$,68.400,$);
#7702= IFCQUANTITYCOUNT('Count',$,$,1.,$);
#7703= IFCELEMENTQUANTITY('MJLQTO0060294000000000',#5,'BaseQuantities',$,$,(#7700,#7701,#7702));
#7704= IFCRELDEFINESBYPROPERTIES('MJLRQT0060294000000000',#5,$,$,(#7692),#7703);
#7705= IFCCARTESIANPOINT((0.,0.));
#7706= IFCDIRECTION((1.,0.));
#7707= IFCAXIS2PLACEMENT2D(#7705,#7706);
#7708= IFCRECTANGLEPROFILEDEF(.AREA.,$,#7707,28.000,0.650);
#7709= IFCCARTESIANPOINT((0.000,7.500,0.000));
#7710= IFCDIRECTION((0.,0.,1.));
#7711= IFCDIRECTION((1.,0.,0.));
#7712= IFCAXIS2PLACEMENT3D(#7709,#7710,#7711);
#7713= IFCDIRECTION((0.,0.,1.));
#7714= IFCEXTRUDEDAREASOLID(#7708,#7712,#7713,0.550);
#7715= IFCSHAPEREPRESENTATION(#10,'Body','SweptSolid',(#7714));
#7716= IFCPRODUCTDEFINITIONSHAPE($,$,(#7715));
#7717= IFCLOCALPLACEMENT(#6559,#9);
#7718= IFCBUILDINGELEMENTPROXY('MJLDUCT060045000000000',#5,'L06 - Supply air duct',$,$,#7717,#7716,$);
#7719= IFCPROPERTYSINGLEVALUE('AssetReference',$,IFCLABEL('DUCT-06-045'),$);
#7720= IFCPROPERTYSINGLEVALUE('Level',$,IFCLABEL('Level 06'),$);
#7721= IFCPROPERTYSINGLEVALUE('System',$,IFCLABEL('Mechanical'),$);
#7722= IFCPROPERTYSINGLEVALUE('Status',$,IFCLABEL('Issued for Coordination'),$);
#7723= IFCPROPERTYSINGLEVALUE('FireRating',$,IFCLABEL('60 min'),$);
#7724= IFCPROPERTYSET('MJLPSET060295000000000',#5,'Pset_MajalAsset',$,(#7719,#7720,#7721,#7722,#7723));
#7725= IFCRELDEFINESBYPROPERTIES('MJLRPS0060295000000000',#5,$,$,(#7718),#7724);
#7726= IFCQUANTITYAREA('GrossArea',$,$,18.200,$);
#7727= IFCQUANTITYVOLUME('GrossVolume',$,$,10.010,$);
#7728= IFCQUANTITYCOUNT('Count',$,$,1.,$);
#7729= IFCELEMENTQUANTITY('MJLQTO0060295000000000',#5,'BaseQuantities',$,$,(#7726,#7727,#7728));
#7730= IFCRELDEFINESBYPROPERTIES('MJLRQT0060295000000000',#5,$,$,(#7718),#7729);
#7731= IFCCARTESIANPOINT((0.,0.));
#7732= IFCDIRECTION((1.,0.));
#7733= IFCAXIS2PLACEMENT2D(#7731,#7732);
#7734= IFCRECTANGLEPROFILEDEF(.AREA.,$,#7733,28.000,0.550);
#7735= IFCCARTESIANPOINT((0.000,-7.500,0.000));
#7736= IFCDIRECTION((0.,0.,1.));
#7737= IFCDIRECTION((1.,0.,0.));
#7738= IFCAXIS2PLACEMENT3D(#7735,#7736,#7737);
#7739= IFCDIRECTION((0.,0.,1.));
#7740= IFCEXTRUDEDAREASOLID(#7734,#7738,#7739,0.450);
#7741= IFCSHAPEREPRESENTATION(#10,'Body','SweptSolid',(#7740));
#7742= IFCPRODUCTDEFINITIONSHAPE($,$,(#7741));
#7743= IFCLOCALPLACEMENT(#6559,#9);
#7744= IFCBUILDINGELEMENTPROXY('MJLDUCT060046000000000',#5,'L06 - Return air duct',$,$,#7743,#7742,$);
#7745= IFCPROPERTYSINGLEVALUE('AssetReference',$,IFCLABEL('DUCT-06-046'),$);
#7746= IFCPROPERTYSINGLEVALUE('Level',$,IFCLABEL('Level 06'),$);
#7747= IFCPROPERTYSINGLEVALUE('System',$,IFCLABEL('Mechanical'),$);
#7748= IFCPROPERTYSINGLEVALUE('Status',$,IFCLABEL('Issued for Coordination'),$);
#7749= IFCPROPERTYSINGLEVALUE('FireRating',$,IFCLABEL('60 min'),$);
#7750= IFCPROPERTYSET('MJLPSET060296000000000',#5,'Pset_MajalAsset',$,(#7745,#7746,#7747,#7748,#7749));
#7751= IFCRELDEFINESBYPROPERTIES('MJLRPS0060296000000000',#5,$,$,(#7744),#7750);
#7752= IFCQUANTITYAREA('GrossArea',$,$,15.400,$);
#7753= IFCQUANTITYVOLUME('GrossVolume',$,$,6.930,$);
#7754= IFCQUANTITYCOUNT('Count',$,$,1.,$);
#7755= IFCELEMENTQUANTITY('MJLQTO0060296000000000',#5,'BaseQuantities',$,$,(#7752,#7753,#7754));
#7756= IFCRELDEFINESBYPROPERTIES('MJLRQT0060296000000000',#5,$,$,(#7744),#7755);
#7757= IFCCARTESIANPOINT((0.,0.));
#7758= IFCDIRECTION((1.,0.));
#7759= IFCAXIS2PLACEMENT2D(#7757,#7758);
#7760= IFCRECTANGLEPROFILEDEF(.AREA.,$,#7759,0.180,22.000);
#7761= IFCCARTESIANPOINT((-2.000,0.000,0.000));
#7762= IFCDIRECTION((0.,0.,1.));
#7763= IFCDIRECTION((1.,0.,0.));
#7764= IFCAXIS2PLACEMENT3D(#7761,#7762,#7763);
#7765= IFCDIRECTION((0.,0.,1.));
#7766= IFCEXTRUDEDAREASOLID(#7760,#7764,#7765,0.180);
#7767= IFCSHAPEREPRESENTATION(#10,'Body','SweptSolid',(#7766));
#7768= IFCPRODUCTDEFINITIONSHAPE($,$,(#7767));
#7769= IFCLOCALPLACEMENT(#6559,#9);
#7770= IFCBUILDINGELEMENTPROXY('MJLPIPE060047000000000',#5,'L06 - Chilled water flow',$,$,#7769,#7768,$);
#7771= IFCPROPERTYSINGLEVALUE('AssetReference',$,IFCLABEL('PIPE-06-047'),$);
#7772= IFCPROPERTYSINGLEVALUE('Level',$,IFCLABEL('Level 06'),$);
#7773= IFCPROPERTYSINGLEVALUE('System',$,IFCLABEL('Mechanical'),$);
#7774= IFCPROPERTYSINGLEVALUE('Status',$,IFCLABEL('Issued for Coordination'),$);
#7775= IFCPROPERTYSINGLEVALUE('FireRating',$,IFCLABEL('60 min'),$);
#7776= IFCPROPERTYSET('MJLPSET060297000000000',#5,'Pset_MajalAsset',$,(#7771,#7772,#7773,#7774,#7775));
#7777= IFCRELDEFINESBYPROPERTIES('MJLRPS0060297000000000',#5,$,$,(#7770),#7776);
#7778= IFCQUANTITYAREA('GrossArea',$,$,3.960,$);
#7779= IFCQUANTITYVOLUME('GrossVolume',$,$,0.713,$);
#7780= IFCQUANTITYCOUNT('Count',$,$,1.,$);
#7781= IFCELEMENTQUANTITY('MJLQTO0060297000000000',#5,'BaseQuantities',$,$,(#7778,#7779,#7780));
#7782= IFCRELDEFINESBYPROPERTIES('MJLRQT0060297000000000',#5,$,$,(#7770),#7781);
#7783= IFCCARTESIANPOINT((0.,0.));
#7784= IFCDIRECTION((1.,0.));
#7785= IFCAXIS2PLACEMENT2D(#7783,#7784);
#7786= IFCRECTANGLEPROFILEDEF(.AREA.,$,#7785,0.180,22.000);
#7787= IFCCARTESIANPOINT((2.000,0.000,0.000));
#7788= IFCDIRECTION((0.,0.,1.));
#7789= IFCDIRECTION((1.,0.,0.));
#7790= IFCAXIS2PLACEMENT3D(#7787,#7788,#7789);
#7791= IFCDIRECTION((0.,0.,1.));
#7792= IFCEXTRUDEDAREASOLID(#7786,#7790,#7791,0.180);
#7793= IFCSHAPEREPRESENTATION(#10,'Body','SweptSolid',(#7792));
#7794= IFCPRODUCTDEFINITIONSHAPE($,$,(#7793));
#7795= IFCLOCALPLACEMENT(#6559,#9);
#7796= IFCBUILDINGELEMENTPROXY('MJLPIPE060048000000000',#5,'L06 - Chilled water return',$,$,#7795,#7794,$);
#7797= IFCPROPERTYSINGLEVALUE('AssetReference',$,IFCLABEL('PIPE-06-048'),$);
#7798= IFCPROPERTYSINGLEVALUE('Level',$,IFCLABEL('Level 06'),$);
#7799= IFCPROPERTYSINGLEVALUE('System',$,IFCLABEL('Mechanical'),$);
#7800= IFCPROPERTYSINGLEVALUE('Status',$,IFCLABEL('Issued for Coordination'),$);
#7801= IFCPROPERTYSINGLEVALUE('FireRating',$,IFCLABEL('60 min'),$);
#7802= IFCPROPERTYSET('MJLPSET060298000000000',#5,'Pset_MajalAsset',$,(#7797,#7798,#7799,#7800,#7801));
#7803= IFCRELDEFINESBYPROPERTIES('MJLRPS0060298000000000',#5,$,$,(#7796),#7802);
#7804= IFCQUANTITYAREA('GrossArea',$,$,3.960,$);
#7805= IFCQUANTITYVOLUME('GrossVolume',$,$,0.713,$);
#7806= IFCQUANTITYCOUNT('Count',$,$,1.,$);
#7807= IFCELEMENTQUANTITY('MJLQTO0060298000000000',#5,'BaseQuantities',$,$,(#7804,#7805,#7806));
#7808= IFCRELDEFINESBYPROPERTIES('MJLRQT0060298000000000',#5,$,$,(#7796),#7807);
#7809= IFCCARTESIANPOINT((0.,0.));
#7810= IFCDIRECTION((1.,0.));
#7811= IFCAXIS2PLACEMENT2D(#7809,#7810);
#7812= IFCRECTANGLEPROFILEDEF(.AREA.,$,#7811,0.350,0.500);
#7813= IFCCARTESIANPOINT((7.000,0.000,0.000));
#7814= IFCDIRECTION((0.,0.,1.));
#7815= IFCDIRECTION((1.,0.,0.));
#7816= IFCAXIS2PLACEMENT3D(#7813,#7814,#7815);
#7817= IFCDIRECTION((0.,0.,1.));
#7818= IFCEXTRUDEDAREASOLID(#7812,#7816,#7817,3.500);
#7819= IFCSHAPEREPRESENTATION(#10,'Body','SweptSolid',(#7818));
#7820= IFCPRODUCTDEFINITIONSHAPE($,$,(#7819));
#7821= IFCLOCALPLACEMENT(#6559,#9);
#7822= IFCBUILDINGELEMENTPROXY('MJLELEC060049000000000',#5,'L06 - Electrical busbar',$,$,#7821,#7820,$);
#7823= IFCPROPERTYSINGLEVALUE('AssetReference',$,IFCLABEL('ELEC-06-049'),$);
#7824= IFCPROPERTYSINGLEVALUE('Level',$,IFCLABEL('Level 06'),$);
#7825= IFCPROPERTYSINGLEVALUE('System',$,IFCLABEL('Electrical'),$);
#7826= IFCPROPERTYSINGLEVALUE('Status',$,IFCLABEL('Issued for Coordination'),$);
#7827= IFCPROPERTYSINGLEVALUE('FireRating',$,IFCLABEL('60 min'),$);
#7828= IFCPROPERTYSET('MJLPSET060299000000000',#5,'Pset_MajalAsset',$,(#7823,#7824,#7825,#7826,#7827));
#7829= IFCRELDEFINESBYPROPERTIES('MJLRPS0060299000000000',#5,$,$,(#7822),#7828);
#7830= IFCQUANTITYAREA('GrossArea',$,$,1.225,$);
#7831= IFCQUANTITYVOLUME('GrossVolume',$,$,0.612,$);
#7832= IFCQUANTITYCOUNT('Count',$,$,1.,$);
#7833= IFCELEMENTQUANTITY('MJLQTO0060299000000000',#5,'BaseQuantities',$,$,(#7830,#7831,#7832));
#7834= IFCRELDEFINESBYPROPERTIES('MJLRQT0060299000000000',#5,$,$,(#7822),#7833);
#7835= IFCCARTESIANPOINT((0.,0.));
#7836= IFCDIRECTION((1.,0.));
#7837= IFCAXIS2PLACEMENT2D(#7835,#7836);
#7838= IFCRECTANGLEPROFILEDEF(.AREA.,$,#7837,0.250,0.250);
#7839= IFCCARTESIANPOINT((-7.000,0.000,0.000));
#7840= IFCDIRECTION((0.,0.,1.));
#7841= IFCDIRECTION((1.,0.,0.));
#7842= IFCAXIS2PLACEMENT3D(#7839,#7840,#7841);
#7843= IFCDIRECTION((0.,0.,1.));
#7844= IFCEXTRUDEDAREASOLID(#7838,#7842,#7843,3.800);
#7845= IFCSHAPEREPRESENTATION(#10,'Body','SweptSolid',(#7844));
#7846= IFCPRODUCTDEFINITIONSHAPE($,$,(#7845));
#7847= IFCLOCALPLACEMENT(#6559,#9);
#7848= IFCBUILDINGELEMENTPROXY('MJLFIRE060050000000000',#5,'L06 - Fire riser',$,$,#7847,#7846,$);
#7849= IFCPROPERTYSINGLEVALUE('AssetReference',$,IFCLABEL('FIRE-06-050'),$);
#7850= IFCPROPERTYSINGLEVALUE('Level',$,IFCLABEL('Level 06'),$);
#7851= IFCPROPERTYSINGLEVALUE('System',$,IFCLABEL('Fire Protection'),$);
#7852= IFCPROPERTYSINGLEVALUE('Status',$,IFCLABEL('Issued for Coordination'),$);
#7853= IFCPROPERTYSINGLEVALUE('FireRating',$,IFCLABEL('60 min'),$);
#7854= IFCPROPERTYSET('MJLPSET060300000000000',#5,'Pset_MajalAsset',$,(#7849,#7850,#7851,#7852,#7853));
#7855= IFCRELDEFINESBYPROPERTIES('MJLRPS0060300000000000',#5,$,$,(#7848),#7854);
#7856= IFCQUANTITYAREA('GrossArea',$,$,0.950,$);
#7857= IFCQUANTITYVOLUME('GrossVolume',$,$,0.237,$);
#7858= IFCQUANTITYCOUNT('Count',$,$,1.,$);
#7859= IFCELEMENTQUANTITY('MJLQTO0060300000000000',#5,'BaseQuantities',$,$,(#7856,#7857,#7858));
#7860= IFCRELDEFINESBYPROPERTIES('MJLRQT0060300000000000',#5,$,$,(#7848),#7859);
#7861= IFCRELCONTAINEDINSPATIALSTRUCTURE('MJLCON0060000000000000',#5,$,$,(#6574,#6600,#6626,#6652,#6678,#6704,#6730,#6756,#6782,#6808,#6834,#6860,#6886,#6912,#6938,#6964,#6990,#7016,#7042,#7068,#7094,#7120,#7146,#7172,#7198,#7224,#7250,#7276,#7302,#7328,#7354,#7380,#7406,#7432,#7458,#7484,#7510,#7536,#7562,#7588,#7614,#7640,#7666,#7692,#7718,#7744,#7770,#7796,#7822,#7848),#6560);
#7862= IFCRELAGGREGATES('MJLAGP0000000000000000',#5,$,$,#16,(#17));
#7863= IFCRELAGGREGATES('MJLAGS0000000000000000',#5,$,$,#17,(#19));
#7864= IFCRELAGGREGATES('MJLAGB0000000000000000',#5,$,$,#19,(#25,#1332,#2639,#3946,#5253,#6560));
ENDSEC;
END-ISO-10303-21;
